[MapGenerator] Baseline MST: 50/50 mapas transitables directamente.
[RoomTemplateLoader] Plantilla cargada: medium_pillars desde C:\Users\Patricio\Documents\Patricio\twin-stick shooter\Game\bin\Debug\net8.0\Content\RoomTemplates\room_medium_pillars.json
[Game1] Plantillas de sala cargadas: 1
[Game1] SpawnPosition: {X:840 Y:920}
[Game1] Intentando spawnear enemigo 0 en posición: {X:890 Y:970}
[Game1] ADVERTENCIA: Posición no válida para enemigo 0. Buscando alternativa...
[Game1] Posición alternativa para enemigo 0: {X:820,71796 Y:930}
[Game1] Intentando spawnear enemigo 1 en posición: {X:940 Y:1020}
[Game1] ADVERTENCIA: Posición no válida para enemigo 1. Buscando alternativa...
[Game1] Posición alternativa para enemigo 1: {X:1020 Y:1020}
[DEBUG] Mapa cargado: 612 colisiones
[Camera] Posición: {X:98,64 Y:108,24}, Zoom: 1
[EnemyManager] Enemigo activo en posición: {X:820,71796 Y:930}
[EnemyManager] Enemigo activo en posición: {X:1020 Y:1020}
[EnemyManager] Enemigos activos: 2
[Camera] Posición: {X:185,4432 Y:203,4912}, Zoom: 1
[EnemyManager] Enemigo activo en posición: {X:820,71796 Y:930}
[EnemyManager] Enemigo activo en posición: {X:1020 Y:1020}
[EnemyManager] Enemigos activos: 2
[Camera] Posición: {X:261,83002 Y:287,31226}, Zoom: 1
[EnemyManager] Enemigo activo en posición: {X:820,88464 Y:930,1667}
[EnemyManager] Enemigo activo en posición: {X:1020,1667 Y:1020,1667}
[EnemyManager] Enemigos activos: 2
[Camera] Posición: {X:329,0504 Y:361,07477}, Zoom: 1
[EnemyManager] Enemigo activo en posición: {X:821,05133 Y:930,3334}
[EnemyManager] Enemigo activo en posición: {X:1020,3334 Y:1020,3334}
[EnemyManager] Enemigos activos: 2
[EnemyRenderer] Dibujando enemigo en posición: {X:821,218 Y:930,50006}
[EnemyRenderer] Dibujando enemigo en posición: {X:1020,50006 Y:1020,50006}
[EnemyRenderer] Enemigos activos para dibujar: 2
[Camera] Posición: {X:388,20438 Y:425,98578}, Zoom: 1
[EnemyManager] Enemigo activo en posición: {X:821,218 Y:930,50006}
[EnemyManager] Enemigo activo en posición: {X:1020,50006 Y:1020,50006}
[EnemyManager] Enemigos activos: 2
[Camera] Posición: {X:440,25986 Y:483,10748}, Zoom: 1
[EnemyManager] Enemigo activo en posición: {X:821,3847 Y:930,66675}
[EnemyManager] Enemigo activo en posición: {X:1020,66675 Y:1020,66675}
[EnemyManager] Enemigos activos: 2
[EnemyRenderer] Dibujando enemigo en posición: {X:821,5514 Y:930,83344}
[EnemyRenderer] Dibujando enemigo en posición: {X:1020,83344 Y:1020,83344}
[EnemyRenderer] Enemigos activos para dibujar: 2
[Camera] Posición: {X:486,06866 Y:533,3746}, Zoom: 1
[EnemyManager] Enemigo activo en posición: {X:821,5514 Y:930,83344}
[EnemyManager] Enemigo activo en posición: {X:1020,83344 Y:1020,83344}
[EnemyManager] Enemigos activos: 2
[Camera] Posición: {X:526,38043 Y:577,6096}, Zoom: 1
[EnemyManager] Enemigo activo en posición: {X:821,7181 Y:931,0001}
[EnemyManager] Enemigo activo en posición: {X:1021,0001 Y:1021,0001}
[EnemyManager] Enemigos activos: 2
[Camera] Posición: {X:561,8548 Y:616,53644}, Zoom: 1
[EnemyManager] Enemigo activo en posición: {X:821,88477 Y:931,1668}
[EnemyManager] Enemigo activo en posición: {X:1021,1668 Y:1021,1668}
[EnemyManager] Enemigos activos: 2
[Camera] Posición: {X:593,0722 Y:650,79205}, Zoom: 1
[EnemyManager] Enemigo activo en posición: {X:822,05145 Y:931,3335}
[EnemyManager] Enemigo activo en posición: {X:1021,3335 Y:1021,3335}
[EnemyManager] Enemigos activos: 2
[Camera] Posición: {X:620,5435 Y:680,937}, Zoom: 1
[EnemyManager] Enemigo activo en posición: {X:822,21814 Y:931,5002}
[EnemyManager] Enemigo activo en posición: {X:1021,5002 Y:1021,5002}
[EnemyManager] Enemigos activos: 2
[Camera] Posición: {X:644,7183 Y:707,4646}, Zoom: 1
[EnemyManager] Enemigo activo en posición: {X:822,3848 Y:931,6669}
[EnemyManager] Enemigo activo en posición: {X:1021,6669 Y:1021,6669}
[EnemyManager] Enemigos activos: 2
[Camera] Posición: {X:665,9921 Y:730,80884}, Zoom: 1
[EnemyManager] Enemigo activo en posición: {X:822,5515 Y:931,83356}
[EnemyManager] Enemigo activo en posición: {X:1021,83356 Y:1021,83356}
[EnemyManager] Enemigos activos: 2
[Camera] Posición: {X:684,7131 Y:751,3518}, Zoom: 1
[EnemyManager] Enemigo activo en posición: {X:822,7182 Y:932,00024}
[EnemyManager] Enemigo activo en posición: {X:1022,00024 Y:1022,00024}
[EnemyManager] Enemigos activos: 2
[Camera] Posición: {X:701,1875 Y:769,42957}, Zoom: 1
[EnemyManager] Enemigo activo en posición: {X:822,8849 Y:932,16693}
[EnemyManager] Enemigo activo en posición: {X:1022,16693 Y:1022,16693}
[EnemyManager] Enemigos activos: 2
[Camera] Posición: {X:715,685 Y:785,338}, Zoom: 1
[EnemyManager] Enemigo activo en posición: {X:823,0516 Y:932,3336}
[EnemyManager] Enemigo activo en posición: {X:1022,3336 Y:1022,3336}
[EnemyManager] Enemigos activos: 2
[Camera] Posición: {X:728,4428 Y:799,33746}, Zoom: 1
[EnemyManager] Enemigo activo en posición: {X:823,21826 Y:932,5003}
[EnemyManager] Enemigo activo en posición: {X:1022,5003 Y:1022,5003}
[EnemyManager] Enemigos activos: 2
[Camera] Posición: {X:739,6697 Y:811,657}, Zoom: 1
[EnemyManager] Enemigo activo en posición: {X:823,38495 Y:932,667}
[EnemyManager] Enemigo activo en posición: {X:1022,667 Y:1022,667}
[EnemyManager] Enemigos activos: 2
[Camera] Posición: {X:749,5493 Y:822,49817}, Zoom: 1
[EnemyManager] Enemigo activo en posición: {X:823,55164 Y:932,8337}
[EnemyManager] Enemigo activo en posición: {X:1022,8337 Y:1022,8337}
[EnemyManager] Enemigos activos: 2
[Camera] Posición: {X:758,2434 Y:832,0384}, Zoom: 1
[EnemyManager] Enemigo activo en posición: {X:823,7183 Y:933,00037}
[EnemyManager] Enemigo activo en posición: {X:1023,00037 Y:1023,00037}
[EnemyManager] Enemigos activos: 2
[Camera] Posición: {X:765,8942 Y:840,4338}, Zoom: 1
[EnemyManager] Enemigo activo en posición: {X:823,885 Y:933,16705}
[EnemyManager] Enemigo activo en posición: {X:1023,16705 Y:1023,16705}
[EnemyManager] Enemigos activos: 2
[EnemyRenderer] Dibujando enemigo en posición: {X:824,0517 Y:933,33374}
[EnemyRenderer] Dibujando enemigo en posición: {X:1023,33374 Y:1023,33374}
[EnemyRenderer] Enemigos activos para dibujar: 2
[Camera] Posición: {X:772,6269 Y:847,8217}, Zoom: 1
[EnemyManager] Enemigo activo en posición: {X:824,0517 Y:933,33374}
[EnemyManager] Enemigo activo en posición: {X:1023,33374 Y:1023,33374}
[EnemyManager] Enemigos activos: 2
[EnemyRenderer] Dibujando enemigo en posición: {X:824,2184 Y:933,5004}
[EnemyRenderer] Dibujando enemigo en posición: {X:1023,5004 Y:1023,5004}
[EnemyRenderer] Enemigos activos para dibujar: 2
[Camera] Posición: {X:778,55164 Y:854,3231}, Zoom: 1
[EnemyManager] Enemigo activo en posición: {X:824,2184 Y:933,5004}
[EnemyManager] Enemigo activo en posición: {X:1023,5004 Y:1023,5004}
[EnemyManager] Enemigos activos: 2
[EnemyRenderer] Dibujando enemigo en posición: {X:824,3851 Y:933,6671}
[EnemyRenderer] Dibujando enemigo en posición: {X:1023,6671 Y:1023,6671}
[EnemyRenderer] Enemigos activos para dibujar: 2
[Camera] Posición: {X:783,76544 Y:860,0444}, Zoom: 1
[EnemyManager] Enemigo activo en posición: {X:824,3851 Y:933,6671}
[EnemyManager] Enemigo activo en posición: {X:1023,6671 Y:1023,6671}
[EnemyManager] Enemigos activos: 2
[EnemyRenderer] Dibujando enemigo en posición: {X:824,55176 Y:933,8338}
[EnemyRenderer] Dibujando enemigo en posición: {X:1023,8338 Y:1023,8338}
[EnemyRenderer] Enemigos activos para dibujar: 2
[Camera] Posición: {X:788,3536 Y:865,07904}, Zoom: 1
[EnemyManager] Enemigo activo en posición: {X:824,55176 Y:933,8338}
[EnemyManager] Enemigo activo en posición: {X:1023,8338 Y:1023,8338}
[EnemyManager] Enemigos activos: 2
[EnemyRenderer] Dibujando enemigo en posición: {X:824,71844 Y:934,0005}
[EnemyRenderer] Dibujando enemigo en posición: {X:1024,0005 Y:1024,0005}
[EnemyRenderer] Enemigos activos para dibujar: 2
[Camera] Posición: {X:792,3912 Y:869,5096}, Zoom: 1
[EnemyManager] Enemigo activo en posición: {X:824,71844 Y:934,0005}
[EnemyManager] Enemigo activo en posición: {X:1024,0005 Y:1024,0005}
[EnemyManager] Enemigos activos: 2
[EnemyRenderer] Dibujando enemigo en posición: {X:824,88513 Y:934,1672}
[EnemyRenderer] Dibujando enemigo en posición: {X:1024,1671 Y:1024,1671}
[EnemyRenderer] Enemigos activos para dibujar: 2
[Camera] Posición: {X:795,9442 Y:873,40845}, Zoom: 1
[EnemyManager] Enemigo activo en posición: {X:824,88513 Y:934,1672}
[EnemyManager] Enemigo activo en posición: {X:1024,1671 Y:1024,1671}
[EnemyManager] Enemigos activos: 2
[EnemyRenderer] Dibujando enemigo en posición: {X:825,0518 Y:934,33386}
[EnemyRenderer] Dibujando enemigo en posición: {X:1024,3337 Y:1024,3337}
[EnemyRenderer] Enemigos activos para dibujar: 2
[Camera] Posición: {X:799,0709 Y:876,8394}, Zoom: 1
[EnemyManager] Enemigo activo en posición: {X:825,0518 Y:934,33386}
[EnemyManager] Enemigo activo en posición: {X:1024,3337 Y:1024,3337}
[EnemyManager] Enemigos activos: 2
[EnemyRenderer] Dibujando enemigo en posición: {X:825,2185 Y:934,50055}
[EnemyRenderer] Dibujando enemigo en posición: {X:1024,5004 Y:1024,5004}
[EnemyRenderer] Enemigos activos para dibujar: 2
[Camera] Posición: {X:801,8224 Y:879,8587}, Zoom: 1
[EnemyManager] Enemigo activo en posición: {X:825,2185 Y:934,50055}
[EnemyManager] Enemigo activo en posición: {X:1024,5004 Y:1024,5004}
[EnemyManager] Enemigos activos: 2
[EnemyRenderer] Dibujando enemigo en posición: {X:825,3852 Y:934,66724}
[EnemyRenderer] Dibujando enemigo en posición: {X:1024,667 Y:1024,667}
[EnemyRenderer] Enemigos activos para dibujar: 2
[Camera] Posición: {X:804,2437 Y:882,5157}, Zoom: 1
[EnemyManager] Enemigo activo en posición: {X:825,3852 Y:934,66724}
[EnemyManager] Enemigo activo en posición: {X:1024,667 Y:1024,667}
[EnemyManager] Enemigos activos: 2
[EnemyRenderer] Dibujando enemigo en posición: {X:825,5519 Y:934,8339}
[EnemyRenderer] Dibujando enemigo en posición: {X:1024,8336 Y:1024,8336}
[EnemyRenderer] Enemigos activos para dibujar: 2
[Camera] Posición: {X:806,37445 Y:884,8538}, Zoom: 1
[EnemyManager] Enemigo activo en posición: {X:825,5519 Y:934,8339}
[EnemyManager] Enemigo activo en posición: {X:1024,8336 Y:1024,8336}
[EnemyManager] Enemigos activos: 2
[EnemyRenderer] Dibujando enemigo en posición: {X:825,71857 Y:935,0006}
[EnemyRenderer] Dibujando enemigo en posición: {X:1025,0002 Y:1025,0002}
[EnemyRenderer] Enemigos activos para dibujar: 2
[Camera] Posición: {X:808,2495 Y:886,9114}, Zoom: 1
[EnemyManager] Enemigo activo en posición: {X:825,71857 Y:935,0006}
[EnemyManager] Enemigo activo en posición: {X:1025,0002 Y:1025,0002}
[EnemyManager] Enemigos activos: 2
[EnemyRenderer] Dibujando enemigo en posición: {X:825,88525 Y:935,1673}
[EnemyRenderer] Dibujando enemigo en posición: {X:1025,1669 Y:1025,1669}
[EnemyRenderer] Enemigos activos para dibujar: 2
[Camera] Posición: {X:809,8996 Y:888,722}, Zoom: 1
[EnemyManager] Enemigo activo en posición: {X:825,88525 Y:935,1673}
[EnemyManager] Enemigo activo en posición: {X:1025,1669 Y:1025,1669}
[EnemyManager] Enemigos activos: 2
[EnemyRenderer] Dibujando enemigo en posición: {X:826,05194 Y:935,334}
[EnemyRenderer] Dibujando enemigo en posición: {X:1025,3335 Y:1025,3335}
[EnemyRenderer] Enemigos activos para dibujar: 2
[Camera] Posición: {X:811,3516 Y:890,31537}, Zoom: 1
[EnemyManager] Enemigo activo en posición: {X:826,05194 Y:935,334}
[EnemyManager] Enemigo activo en posición: {X:1025,3335 Y:1025,3335}
[EnemyManager] Enemigos activos: 2
[EnemyRenderer] Dibujando enemigo en posición: {X:826,2186 Y:935,5007}
[EnemyRenderer] Dibujando enemigo en posición: {X:1025,5001 Y:1025,5001}
[EnemyRenderer] Enemigos activos para dibujar: 2
[Camera] Posición: {X:812,62946 Y:891,7175}, Zoom: 1
[EnemyManager] Enemigo activo en posición: {X:826,2186 Y:935,5007}
[EnemyManager] Enemigo activo en posición: {X:1025,5001 Y:1025,5001}
[EnemyManager] Enemigos activos: 2
[EnemyRenderer] Dibujando enemigo en posición: {X:826,3853 Y:935,66736}
[EnemyRenderer] Dibujando enemigo en posición: {X:1025,6667 Y:1025,6667}
[EnemyRenderer] Enemigos activos para dibujar: 2
[Camera] Posición: {X:813,7539 Y:892,9514}, Zoom: 1
[EnemyManager] Enemigo activo en posición: {X:826,3853 Y:935,66736}
[EnemyManager] Enemigo activo en posición: {X:1025,6667 Y:1025,6667}
[EnemyManager] Enemigos activos: 2
[EnemyRenderer] Dibujando enemigo en posición: {X:826,552 Y:935,83405}
[EnemyRenderer] Dibujando enemigo en posición: {X:1025,8334 Y:1025,8334}
[EnemyRenderer] Enemigos activos para dibujar: 2
[Camera] Posición: {X:814,7434 Y:894,03723}, Zoom: 1
[EnemyManager] Enemigo activo en posición: {X:826,552 Y:935,83405}
[EnemyManager] Enemigo activo en posición: {X:1025,8334 Y:1025,8334}
[EnemyManager] Enemigos activos: 2
[EnemyRenderer] Dibujando enemigo en posición: {X:826,7187 Y:936,00073}
[EnemyRenderer] Dibujando enemigo en posición: {X:1026 Y:1026}
[EnemyRenderer] Enemigos activos para dibujar: 2
[Camera] Posición: {X:815,6142 Y:894,99274}, Zoom: 1
[EnemyManager] Enemigo activo en posición: {X:826,7187 Y:936,00073}
[EnemyManager] Enemigo activo en posición: {X:1026 Y:1026}
[EnemyManager] Enemigos activos: 2
[EnemyRenderer] Dibujando enemigo en posición: {X:826,8854 Y:936,1674}
[EnemyRenderer] Dibujando enemigo en posición: {X:1026,1666 Y:1026,1666}
[EnemyRenderer] Enemigos activos para dibujar: 2
[Camera] Posición: {X:816,3805 Y:895,8336}, Zoom: 1
[EnemyManager] Enemigo activo en posición: {X:826,8854 Y:936,1674}
[EnemyManager] Enemigo activo en posición: {X:1026,1666 Y:1026,1666}
[EnemyManager] Enemigos activos: 2
[EnemyRenderer] Dibujando enemigo en posición: {X:827,05206 Y:936,3341}
[EnemyRenderer] Dibujando enemigo en posición: {X:1026,3333 Y:1026,3333}
[EnemyRenderer] Enemigos activos para dibujar: 2
[Camera] Posición: {X:817,0548 Y:896,5736}, Zoom: 1
[EnemyManager] Enemigo activo en posición: {X:827,05206 Y:936,3341}
[EnemyManager] Enemigo activo en posición: {X:1026,3333 Y:1026,3333}
[EnemyManager] Enemigos activos: 2
[EnemyRenderer] Dibujando enemigo en posición: {X:827,21875 Y:936,5008}
[EnemyRenderer] Dibujando enemigo en posición: {X:1026,4999 Y:1026,4999}
[EnemyRenderer] Enemigos activos para dibujar: 2
[Camera] Posición: {X:817,64825 Y:897,2248}, Zoom: 1
[EnemyManager] Enemigo activo en posición: {X:827,21875 Y:936,5008}
[EnemyManager] Enemigo activo en posición: {X:1026,4999 Y:1026,4999}
[EnemyManager] Enemigos activos: 2
[EnemyRenderer] Dibujando enemigo en posición: {X:827,38544 Y:936,6675}
[EnemyRenderer] Dibujando enemigo en posición: {X:1026,6665 Y:1026,6665}
[EnemyRenderer] Enemigos activos para dibujar: 2
[Camera] Posición: {X:818,1705 Y:897,7978}, Zoom: 1
[EnemyManager] Enemigo activo en posición: {X:827,38544 Y:936,6675}
[EnemyManager] Enemigo activo en posición: {X:1026,6665 Y:1026,6665}
[EnemyManager] Enemigos activos: 2
[EnemyRenderer] Dibujando enemigo en posición: {X:827,5521 Y:936,83417}
[EnemyRenderer] Dibujando enemigo en posición: {X:1026,8331 Y:1026,8331}
[EnemyRenderer] Enemigos activos para dibujar: 2
[Camera] Posición: {X:818,63 Y:898,30206}, Zoom: 1
[EnemyManager] Enemigo activo en posición: {X:827,5521 Y:936,83417}
[EnemyManager] Enemigo activo en posición: {X:1026,8331 Y:1026,8331}
[EnemyManager] Enemigos activos: 2
[EnemyRenderer] Dibujando enemigo en posición: {X:827,7188 Y:937,00085}
[EnemyRenderer] Dibujando enemigo en posición: {X:1026,9998 Y:1026,9998}
[EnemyRenderer] Enemigos activos para dibujar: 2
[Camera] Posición: {X:819,0344 Y:898,7458}, Zoom: 1
[EnemyManager] Enemigo activo en posición: {X:827,7188 Y:937,00085}
[EnemyManager] Enemigo activo en posición: {X:1026,9998 Y:1026,9998}
[EnemyManager] Enemigos activos: 2
[EnemyRenderer] Dibujando enemigo en posición: {X:827,8855 Y:937,16754}
[EnemyRenderer] Dibujando enemigo en posición: {X:1027,1664 Y:1027,1664}
[EnemyRenderer] Enemigos activos para dibujar: 2
[Camera] Posición: {X:819,3903 Y:899,1363}, Zoom: 1
[EnemyManager] Enemigo activo en posición: {X:827,8855 Y:937,16754}
[EnemyManager] Enemigo activo en posición: {X:1027,1664 Y:1027,1664}
[EnemyManager] Enemigos activos: 2
[EnemyRenderer] Dibujando enemigo en posición: {X:828,0522 Y:937,3342}
[EnemyRenderer] Dibujando enemigo en posición: {X:1027,333 Y:1027,333}
[EnemyRenderer] Enemigos activos para dibujar: 2
[Camera] Posición: {X:819,7035 Y:899,4799}, Zoom: 1
[EnemyManager] Enemigo activo en posición: {X:828,0522 Y:937,3342}
[EnemyManager] Enemigo activo en posición: {X:1027,333 Y:1027,333}
[EnemyManager] Enemigos activos: 2
[EnemyRenderer] Dibujando enemigo en posición: {X:828,2189 Y:937,5009}
[EnemyRenderer] Dibujando enemigo en posición: {X:1027,4996 Y:1027,4996}
[EnemyRenderer] Enemigos activos para dibujar: 2
[Camera] Posición: {X:819,97906 Y:899,78235}, Zoom: 1
[EnemyManager] Enemigo activo en posición: {X:828,2189 Y:937,5009}
[EnemyManager] Enemigo activo en posición: {X:1027,4996 Y:1027,4996}
[EnemyManager] Enemigos activos: 2
[EnemyRenderer] Dibujando enemigo en posición: {X:828,38556 Y:937,6676}
[EnemyRenderer] Dibujando enemigo en posición: {X:1027,6663 Y:1027,6663}
[EnemyRenderer] Enemigos activos para dibujar: 2
[Camera] Posición: {X:820,22156 Y:900,04846}, Zoom: 1
[EnemyManager] Enemigo activo en posición: {X:828,38556 Y:937,6676}
[EnemyManager] Enemigo activo en posición: {X:1027,6663 Y:1027,6663}
[EnemyManager] Enemigos activos: 2
[EnemyRenderer] Dibujando enemigo en posición: {X:828,55225 Y:937,8343}
[EnemyRenderer] Dibujando enemigo en posición: {X:1027,8329 Y:1027,8329}
[EnemyRenderer] Enemigos activos para dibujar: 2
[Camera] Posición: {X:820,435 Y:900,28265}, Zoom: 1
[EnemyManager] Enemigo activo en posición: {X:828,55225 Y:937,8343}
[EnemyManager] Enemigo activo en posición: {X:1027,8329 Y:1027,8329}
[EnemyManager] Enemigos activos: 2
[EnemyRenderer] Dibujando enemigo en posición: {X:828,71893 Y:938,001}
[EnemyRenderer] Dibujando enemigo en posición: {X:1027,9995 Y:1027,9995}
[EnemyRenderer] Enemigos activos para dibujar: 2
[Camera] Posición: {X:820,6228 Y:900,4887}, Zoom: 1
[EnemyManager] Enemigo activo en posición: {X:828,71893 Y:938,001}
[EnemyManager] Enemigo activo en posición: {X:1027,9995 Y:1027,9995}
[EnemyManager] Enemigos activos: 2
[EnemyRenderer] Dibujando enemigo en posición: {X:828,8856 Y:938,16766}
[EnemyRenderer] Dibujando enemigo en posición: {X:1028,1661 Y:1028,1661}
[EnemyRenderer] Enemigos activos para dibujar: 2
[Camera] Posición: {X:820,7881 Y:900,67004}, Zoom: 1
[EnemyManager] Enemigo activo en posición: {X:828,8856 Y:938,16766}
[EnemyManager] Enemigo activo en posición: {X:1028,1661 Y:1028,1661}
[EnemyManager] Enemigos activos: 2
[EnemyRenderer] Dibujando enemigo en posición: {X:829,0523 Y:938,33435}
[EnemyRenderer] Dibujando enemigo en posición: {X:1028,3328 Y:1028,3328}
[EnemyRenderer] Enemigos activos para dibujar: 2
[Camera] Posición: {X:820,93353 Y:900,82965}, Zoom: 1
[EnemyManager] Enemigo activo en posición: {X:829,0523 Y:938,33435}
[EnemyManager] Enemigo activo en posición: {X:1028,3328 Y:1028,3328}
[EnemyManager] Enemigos activos: 2
[EnemyRenderer] Dibujando enemigo en posición: {X:829,219 Y:938,50104}
[EnemyRenderer] Dibujando enemigo en posición: {X:1028,4994 Y:1028,4994}
[EnemyRenderer] Enemigos activos para dibujar: 2
[Camera] Posición: {X:821,0615 Y:900,9701}, Zoom: 1
[EnemyManager] Enemigo activo en posición: {X:829,219 Y:938,50104}
[EnemyManager] Enemigo activo en posición: {X:1028,4994 Y:1028,4994}
[EnemyManager] Enemigos activos: 2
[EnemyRenderer] Dibujando enemigo en posición: {X:829,3857 Y:938,6677}
[EnemyRenderer] Dibujando enemigo en posición: {X:1028,666 Y:1028,666}
[EnemyRenderer] Enemigos activos para dibujar: 2
[Camera] Posición: {X:821,17413 Y:901,0937}, Zoom: 1
[EnemyManager] Enemigo activo en posición: {X:829,3857 Y:938,6677}
[EnemyManager] Enemigo activo en posición: {X:1028,666 Y:1028,666}
[EnemyManager] Enemigos activos: 2
[EnemyRenderer] Dibujando enemigo en posición: {X:829,55237 Y:938,8344}
[EnemyRenderer] Dibujando enemigo en posición: {X:1028,8326 Y:1028,8326}
[EnemyRenderer] Enemigos activos para dibujar: 2
[Camera] Posición: {X:821,27325 Y:901,20245}, Zoom: 1
[EnemyManager] Enemigo activo en posición: {X:829,55237 Y:938,8344}
[EnemyManager] Enemigo activo en posición: {X:1028,8326 Y:1028,8326}
[EnemyManager] Enemigos activos: 2
[EnemyRenderer] Dibujando enemigo en posición: {X:829,71906 Y:939,0011}
[EnemyRenderer] Dibujando enemigo en posición: {X:1028,9993 Y:1028,9993}
[EnemyRenderer] Enemigos activos para dibujar: 2
[Camera] Posición: {X:821,3605 Y:901,29816}, Zoom: 1
[EnemyManager] Enemigo activo en posición: {X:829,71906 Y:939,0011}
[EnemyManager] Enemigo activo en posición: {X:1028,9993 Y:1028,9993}
[EnemyManager] Enemigos activos: 2
[EnemyRenderer] Dibujando enemigo en posición: {X:829,88574 Y:939,1678}
[EnemyRenderer] Dibujando enemigo en posición: {X:1029,1659 Y:1029,1659}
[EnemyRenderer] Enemigos activos para dibujar: 2
[Camera] Posición: {X:821,4372 Y:901,3824}, Zoom: 1
[EnemyManager] Enemigo activo en posición: {X:829,88574 Y:939,1678}
[EnemyManager] Enemigo activo en posición: {X:1029,1659 Y:1029,1659}
[EnemyManager] Enemigos activos: 2
[EnemyRenderer] Dibujando enemigo en posición: {X:830,0524 Y:939,3345}
[EnemyRenderer] Dibujando enemigo en posición: {X:1029,3325 Y:1029,3325}
[EnemyRenderer] Enemigos activos para dibujar: 2
[Camera] Posición: {X:821,50476 Y:901,4565}, Zoom: 1
[EnemyManager] Enemigo activo en posición: {X:830,0524 Y:939,3345}
[EnemyManager] Enemigo activo en posición: {X:1029,3325 Y:1029,3325}
[EnemyManager] Enemigos activos: 2
[EnemyRenderer] Dibujando enemigo en posición: {X:830,2191 Y:939,50116}
[EnemyRenderer] Dibujando enemigo en posición: {X:1029,4991 Y:1029,4991}
[EnemyRenderer] Enemigos activos para dibujar: 2
[Camera] Posición: {X:821,5642 Y:901,5217}, Zoom: 1
[EnemyManager] Enemigo activo en posición: {X:830,2191 Y:939,50116}
[EnemyManager] Enemigo activo en posición: {X:1029,4991 Y:1029,4991}
[EnemyManager] Enemigos activos: 2
[EnemyRenderer] Dibujando enemigo en posición: {X:830,3858 Y:939,66785}
[EnemyRenderer] Dibujando enemigo en posición: {X:1029,6658 Y:1029,6658}
[EnemyRenderer] Enemigos activos para dibujar: 2
[Camera] Posición: {X:821,6165 Y:901,5791}, Zoom: 1
[EnemyManager] Enemigo activo en posición: {X:830,3858 Y:939,66785}
[EnemyManager] Enemigo activo en posición: {X:1029,6658 Y:1029,6658}
[EnemyManager] Enemigos activos: 2
[EnemyRenderer] Dibujando enemigo en posición: {X:830,5525 Y:939,83453}
[EnemyRenderer] Dibujando enemigo en posición: {X:1029,8324 Y:1029,8324}
[EnemyRenderer] Enemigos activos para dibujar: 2
[Camera] Posición: {X:821,66254 Y:901,62964}, Zoom: 1
[EnemyManager] Enemigo activo en posición: {X:830,5525 Y:939,83453}
[EnemyManager] Enemigo activo en posición: {X:1029,8324 Y:1029,8324}
[EnemyManager] Enemigos activos: 2
[EnemyRenderer] Dibujando enemigo en posición: {X:830,7192 Y:940,0012}
[EnemyRenderer] Dibujando enemigo en posición: {X:1029,999 Y:1029,999}
[EnemyRenderer] Enemigos activos para dibujar: 2
[Camera] Posición: {X:821,703 Y:901,6741}, Zoom: 1
[EnemyManager] Enemigo activo en posición: {X:830,7192 Y:940,0012}
[EnemyManager] Enemigo activo en posición: {X:1029,999 Y:1029,999}
[EnemyManager] Enemigos activos: 2
[EnemyRenderer] Dibujando enemigo en posición: {X:830,88586 Y:940,1679}
[EnemyRenderer] Dibujando enemigo en posición: {X:1030,1656 Y:1030,1656}
[EnemyRenderer] Enemigos activos para dibujar: 2
[Camera] Posición: {X:821,73865 Y:901,7132}, Zoom: 1
[EnemyManager] Enemigo activo en posición: {X:830,88586 Y:940,1679}
[EnemyManager] Enemigo activo en posición: {X:1030,1656 Y:1030,1656}
[EnemyManager] Enemigos activos: 2
[EnemyRenderer] Dibujando enemigo en posición: {X:831,05255 Y:940,3346}
[EnemyRenderer] Dibujando enemigo en posición: {X:1030,3323 Y:1030,3323}
[EnemyRenderer] Enemigos activos para dibujar: 2
[Camera] Posición: {X:821,77 Y:901,7476}, Zoom: 1
[EnemyManager] Enemigo activo en posición: {X:831,05255 Y:940,3346}
[EnemyManager] Enemigo activo en posición: {X:1030,3323 Y:1030,3323}
[EnemyManager] Enemigos activos: 2
[EnemyRenderer] Dibujando enemigo en posición: {X:831,21924 Y:940,5013}
[EnemyRenderer] Dibujando enemigo en posición: {X:1030,4989 Y:1030,4989}
[EnemyRenderer] Enemigos activos para dibujar: 2
[Camera] Posición: {X:821,7976 Y:901,7779}, Zoom: 1
[EnemyManager] Enemigo activo en posición: {X:831,21924 Y:940,5013}
[EnemyManager] Enemigo activo en posición: {X:1030,4989 Y:1030,4989}
[EnemyManager] Enemigos activos: 2
[EnemyRenderer] Dibujando enemigo en posición: {X:831,3859 Y:940,66797}
[EnemyRenderer] Dibujando enemigo en posición: {X:1030,6655 Y:1030,6655}
[EnemyRenderer] Enemigos activos para dibujar: 2
[Camera] Posición: {X:821,8219 Y:901,80457}, Zoom: 1
[EnemyManager] Enemigo activo en posición: {X:831,3859 Y:940,66797}
[EnemyManager] Enemigo activo en posición: {X:1030,6655 Y:1030,6655}
[EnemyManager] Enemigos activos: 2
[EnemyRenderer] Dibujando enemigo en posición: {X:831,5526 Y:940,83466}
[EnemyRenderer] Dibujando enemigo en posición: {X:1030,8322 Y:1030,8322}
[EnemyRenderer] Enemigos activos para dibujar: 2
[Camera] Posición: {X:821,84326 Y:901,828}, Zoom: 1
[EnemyManager] Enemigo activo en posición: {X:831,5526 Y:940,83466}
[EnemyManager] Enemigo activo en posición: {X:1030,8322 Y:1030,8322}
[EnemyManager] Enemigos activos: 2
[EnemyRenderer] Dibujando enemigo en posición: {X:831,7193 Y:941,00134}
[EnemyRenderer] Dibujando enemigo en posición: {X:1030,9988 Y:1030,9988}
[EnemyRenderer] Enemigos activos para dibujar: 2
[Camera] Posición: {X:821,86206 Y:901,84863}, Zoom: 1
[EnemyManager] Enemigo activo en posición: {X:831,7193 Y:941,00134}
[EnemyManager] Enemigo activo en posición: {X:1030,9988 Y:1030,9988}
[EnemyManager] Enemigos activos: 2
[EnemyRenderer] Dibujando enemigo en posición: {X:831,886 Y:941,168}
[EnemyRenderer] Dibujando enemigo en posición: {X:1031,1654 Y:1031,1654}
[EnemyRenderer] Enemigos activos para dibujar: 2
[Camera] Posición: {X:821,8786 Y:901,8668}, Zoom: 1
[EnemyManager] Enemigo activo en posición: {X:831,886 Y:941,168}
[EnemyManager] Enemigo activo en posición: {X:1031,1654 Y:1031,1654}
[EnemyManager] Enemigos activos: 2
[EnemyRenderer] Dibujando enemigo en posición: {X:832,0527 Y:941,3347}
[EnemyRenderer] Dibujando enemigo en posición: {X:1031,332 Y:1031,332}
[EnemyRenderer] Enemigos activos para dibujar: 2
[Camera] Posición: {X:821,8932 Y:901,8828}, Zoom: 1
[EnemyManager] Enemigo activo en posición: {X:832,0527 Y:941,3347}
[EnemyManager] Enemigo activo en posición: {X:1031,332 Y:1031,332}
[EnemyManager] Enemigos activos: 2
[EnemyRenderer] Dibujando enemigo en posición: {X:832,21936 Y:941,5014}
[EnemyRenderer] Dibujando enemigo en posición: {X:1031,4987 Y:1031,4987}
[EnemyRenderer] Enemigos activos para dibujar: 2
[Camera] Posición: {X:821,906 Y:901,89685}, Zoom: 1
[EnemyManager] Enemigo activo en posición: {X:832,21936 Y:941,5014}
[EnemyManager] Enemigo activo en posición: {X:1031,4987 Y:1031,4987}
[EnemyManager] Enemigos activos: 2
[EnemyRenderer] Dibujando enemigo en posición: {X:832,38605 Y:941,6681}
[EnemyRenderer] Dibujando enemigo en posición: {X:1031,6653 Y:1031,6653}
[EnemyRenderer] Enemigos activos para dibujar: 2
[Camera] Posición: {X:821,9173 Y:901,90924}, Zoom: 1
[EnemyManager] Enemigo activo en posición: {X:832,38605 Y:941,6681}
[EnemyManager] Enemigo activo en posición: {X:1031,6653 Y:1031,6653}
[EnemyManager] Enemigos activos: 2
[EnemyRenderer] Dibujando enemigo en posición: {X:832,55273 Y:941,8348}
[EnemyRenderer] Dibujando enemigo en posición: {X:1031,8319 Y:1031,8319}
[EnemyRenderer] Enemigos activos para dibujar: 2
[Camera] Posición: {X:821,92725 Y:901,9201}, Zoom: 1
[EnemyManager] Enemigo activo en posición: {X:832,55273 Y:941,8348}
[EnemyManager] Enemigo activo en posición: {X:1031,8319 Y:1031,8319}
[EnemyManager] Enemigos activos: 2
[EnemyRenderer] Dibujando enemigo en posición: {X:832,7194 Y:942,00146}
[EnemyRenderer] Dibujando enemigo en posición: {X:1031,9985 Y:1031,9985}
[EnemyRenderer] Enemigos activos para dibujar: 2
[Camera] Posición: {X:821,936 Y:901,9297}, Zoom: 1
[EnemyManager] Enemigo activo en posición: {X:832,7194 Y:942,00146}
[EnemyManager] Enemigo activo en posición: {X:1031,9985 Y:1031,9985}
[EnemyManager] Enemigos activos: 2
[EnemyRenderer] Dibujando enemigo en posición: {X:832,8861 Y:942,16815}
[EnemyRenderer] Dibujando enemigo en posición: {X:1032,1652 Y:1032,1652}
[EnemyRenderer] Enemigos activos para dibujar: 2
[Camera] Posición: {X:821,94366 Y:901,9381}, Zoom: 1
[EnemyManager] Enemigo activo en posición: {X:832,8861 Y:942,16815}
[EnemyManager] Enemigo activo en posición: {X:1032,1652 Y:1032,1652}
[EnemyManager] Enemigos activos: 2
[EnemyRenderer] Dibujando enemigo en posición: {X:833,0528 Y:942,33484}
[EnemyRenderer] Dibujando enemigo en posición: {X:1032,3318 Y:1032,3318}
[EnemyRenderer] Enemigos activos para dibujar: 2
[Camera] Posición: {X:821,95044 Y:901,94556}, Zoom: 1
[EnemyManager] Enemigo activo en posición: {X:833,0528 Y:942,33484}
[EnemyManager] Enemigo activo en posición: {X:1032,3318 Y:1032,3318}
[EnemyManager] Enemigos activos: 2
[EnemyRenderer] Dibujando enemigo en posición: {X:833,2195 Y:942,5015}
[EnemyRenderer] Dibujando enemigo en posición: {X:1032,4984 Y:1032,4984}
[EnemyRenderer] Enemigos activos para dibujar: 2
[Camera] Posición: {X:821,95636 Y:901,9521}, Zoom: 1
[EnemyManager] Enemigo activo en posición: {X:833,2195 Y:942,5015}
[EnemyManager] Enemigo activo en posición: {X:1032,4984 Y:1032,4984}
[EnemyManager] Enemigos activos: 2
[EnemyRenderer] Dibujando enemigo en posición: {X:833,38617 Y:942,6682}
[EnemyRenderer] Dibujando enemigo en posición: {X:1032,665 Y:1032,665}
[EnemyRenderer] Enemigos activos para dibujar: 2
[Camera] Posición: {X:821,9616 Y:901,9578}, Zoom: 1
[EnemyManager] Enemigo activo en posición: {X:833,38617 Y:942,6682}
[EnemyManager] Enemigo activo en posición: {X:1032,665 Y:1032,665}
[EnemyManager] Enemigos activos: 2
[EnemyRenderer] Dibujando enemigo en posición: {X:833,55286 Y:942,8349}
[EnemyRenderer] Dibujando enemigo en posición: {X:1032,8317 Y:1032,8317}
[EnemyRenderer] Enemigos activos para dibujar: 2
[Camera] Posición: {X:821,9662 Y:901,9629}, Zoom: 1
[EnemyManager] Enemigo activo en posición: {X:833,55286 Y:942,8349}
[EnemyManager] Enemigo activo en posición: {X:1032,8317 Y:1032,8317}
[EnemyManager] Enemigos activos: 2
[EnemyRenderer] Dibujando enemigo en posición: {X:833,71954 Y:943,0016}
[EnemyRenderer] Dibujando enemigo en posición: {X:1032,9983 Y:1032,9983}
[EnemyRenderer] Enemigos activos para dibujar: 2
[Camera] Posición: {X:821,9702 Y:901,96735}, Zoom: 1
[EnemyManager] Enemigo activo en posición: {X:833,71954 Y:943,0016}
[EnemyManager] Enemigo activo en posición: {X:1032,9983 Y:1032,9983}
[EnemyManager] Enemigos activos: 2
[EnemyRenderer] Dibujando enemigo en posición: {X:833,8862 Y:943,1683}
[EnemyRenderer] Dibujando enemigo en posición: {X:1033,1649 Y:1033,1649}
[EnemyRenderer] Enemigos activos para dibujar: 2
[Camera] Posición: {X:821,9738 Y:901,97125}, Zoom: 1
[EnemyManager] Enemigo activo en posición: {X:833,8862 Y:943,1683}
[EnemyManager] Enemigo activo en posición: {X:1033,1649 Y:1033,1649}
[EnemyManager] Enemigos activos: 2
[EnemyRenderer] Dibujando enemigo en posición: {X:834,0529 Y:943,33496}
[EnemyRenderer] Dibujando enemigo en posición: {X:1033,3315 Y:1033,3315}
[EnemyRenderer] Enemigos activos para dibujar: 2
[Camera] Posición: {X:821,9769 Y:901,97473}, Zoom: 1
[EnemyManager] Enemigo activo en posición: {X:834,0529 Y:943,33496}
[EnemyManager] Enemigo activo en posición: {X:1033,3315 Y:1033,3315}
[EnemyManager] Enemigos activos: 2
[EnemyRenderer] Dibujando enemigo en posición: {X:834,2196 Y:943,50165}
[EnemyRenderer] Dibujando enemigo en posición: {X:1033,4982 Y:1033,4982}
[EnemyRenderer] Enemigos activos para dibujar: 2
[Camera] Posición: {X:821,9797 Y:901,9778}, Zoom: 1
[EnemyManager] Enemigo activo en posición: {X:834,2196 Y:943,50165}
[EnemyManager] Enemigo activo en posición: {X:1033,4982 Y:1033,4982}
[EnemyManager] Enemigos activos: 2
[EnemyRenderer] Dibujando enemigo en posición: {X:834,3863 Y:943,66833}
[EnemyRenderer] Dibujando enemigo en posición: {X:1033,6648 Y:1033,6648}
[EnemyRenderer] Enemigos activos para dibujar: 2
[Camera] Posición: {X:821,9821 Y:901,98047}, Zoom: 1
[EnemyManager] Enemigo activo en posición: {X:834,3863 Y:943,66833}
[EnemyManager] Enemigo activo en posición: {X:1033,6648 Y:1033,6648}
[EnemyManager] Enemigos activos: 2
[EnemyRenderer] Dibujando enemigo en posición: {X:834,553 Y:943,835}
[EnemyRenderer] Dibujando enemigo en posición: {X:1033,8314 Y:1033,8314}
[EnemyRenderer] Enemigos activos para dibujar: 2
[Camera] Posición: {X:821,98425 Y:901,9828}, Zoom: 1
[EnemyManager] Enemigo activo en posición: {X:834,553 Y:943,835}
[EnemyManager] Enemigo activo en posición: {X:1033,8314 Y:1033,8314}
[EnemyManager] Enemigos activos: 2
[EnemyRenderer] Dibujando enemigo en posición: {X:834,71967 Y:944,0017}
[EnemyRenderer] Dibujando enemigo en posición: {X:1033,998 Y:1033,998}
[EnemyRenderer] Enemigos activos para dibujar: 2
[Camera] Posición: {X:821,98615 Y:901,98486}, Zoom: 1
[EnemyManager] Enemigo activo en posición: {X:834,71967 Y:944,0017}
[EnemyManager] Enemigo activo en posición: {X:1033,998 Y:1033,998}
[EnemyManager] Enemigos activos: 2
[EnemyRenderer] Dibujando enemigo en posición: {X:834,88635 Y:944,1684}
[EnemyRenderer] Dibujando enemigo en posición: {X:1034,1647 Y:1034,1647}
[EnemyRenderer] Enemigos activos para dibujar: 2
[Camera] Posición: {X:821,9878 Y:901,9867}, Zoom: 1
[EnemyManager] Enemigo activo en posición: {X:834,88635 Y:944,1684}
[EnemyManager] Enemigo activo en posición: {X:1034,1647 Y:1034,1647}
[EnemyManager] Enemigos activos: 2
[EnemyRenderer] Dibujando enemigo en posición: {X:835,05304 Y:944,3351}
[EnemyRenderer] Dibujando enemigo en posición: {X:1034,3313 Y:1034,3313}
[EnemyRenderer] Enemigos activos para dibujar: 2
[Camera] Posición: {X:821,98926 Y:901,9883}, Zoom: 1
[EnemyManager] Enemigo activo en posición: {X:835,05304 Y:944,3351}
[EnemyManager] Enemigo activo en posición: {X:1034,3313 Y:1034,3313}
[EnemyManager] Enemigos activos: 2
[EnemyRenderer] Dibujando enemigo en posición: {X:835,2197 Y:944,5018}
[EnemyRenderer] Dibujando enemigo en posición: {X:1034,4979 Y:1034,4979}
[EnemyRenderer] Enemigos activos para dibujar: 2
[Camera] Posición: {X:821,99054 Y:901,9897}, Zoom: 1
[EnemyManager] Enemigo activo en posición: {X:835,2197 Y:944,5018}
[EnemyManager] Enemigo activo en posición: {X:1034,4979 Y:1034,4979}
[EnemyManager] Enemigos activos: 2
[EnemyRenderer] Dibujando enemigo en posición: {X:835,3864 Y:944,66846}
[EnemyRenderer] Dibujando enemigo en posición: {X:1034,6646 Y:1034,6646}
[EnemyRenderer] Enemigos activos para dibujar: 2
[Camera] Posición: {X:821,9917 Y:901,9909}, Zoom: 1
[EnemyManager] Enemigo activo en posición: {X:835,3864 Y:944,66846}
[EnemyManager] Enemigo activo en posición: {X:1034,6646 Y:1034,6646}
[EnemyManager] Enemigos activos: 2
[EnemyRenderer] Dibujando enemigo en posición: {X:835,5531 Y:944,83514}
[EnemyRenderer] Dibujando enemigo en posición: {X:1034,8312 Y:1034,8312}
[EnemyRenderer] Enemigos activos para dibujar: 2
[Camera] Posición: {X:821,9927 Y:901,992}, Zoom: 1
[EnemyManager] Enemigo activo en posición: {X:835,5531 Y:944,83514}
[EnemyManager] Enemigo activo en posición: {X:1034,8312 Y:1034,8312}
[EnemyManager] Enemigos activos: 2
[EnemyRenderer] Dibujando enemigo en posición: {X:835,7198 Y:945,00183}
[EnemyRenderer] Dibujando enemigo en posición: {X:1034,9978 Y:1034,9978}
[EnemyRenderer] Enemigos activos para dibujar: 2
[Camera] Posición: {X:821,9935 Y:901,993}, Zoom: 1
[EnemyManager] Enemigo activo en posición: {X:835,7198 Y:945,00183}
[EnemyManager] Enemigo activo en posición: {X:1034,9978 Y:1034,9978}
[EnemyManager] Enemigos activos: 2
[EnemyRenderer] Dibujando enemigo en posición: {X:835,8865 Y:945,1685}
[EnemyRenderer] Dibujando enemigo en posición: {X:1035,1644 Y:1035,1644}
[EnemyRenderer] Enemigos activos para dibujar: 2
[Camera] Posición: {X:821,9943 Y:901,99384}, Zoom: 1
[EnemyManager] Enemigo activo en posición: {X:835,8865 Y:945,1685}
[EnemyManager] Enemigo activo en posición: {X:1035,1644 Y:1035,1644}
[EnemyManager] Enemigos activos: 2
[EnemyRenderer] Dibujando enemigo en posición: {X:836,05316 Y:945,3352}
[EnemyRenderer] Dibujando enemigo en posición: {X:1035,331 Y:1035,331}
[EnemyRenderer] Enemigos activos para dibujar: 2
[Camera] Posición: {X:821,995 Y:901,99457}, Zoom: 1
[EnemyManager] Enemigo activo en posición: {X:836,05316 Y:945,3352}
[EnemyManager] Enemigo activo en posición: {X:1035,331 Y:1035,331}
[EnemyManager] Enemigos activos: 2
[EnemyRenderer] Dibujando enemigo en posición: {X:836,21985 Y:945,5019}
[EnemyRenderer] Dibujando enemigo en posición: {X:1035,4977 Y:1035,4977}
[EnemyRenderer] Enemigos activos para dibujar: 2
[Camera] Posición: {X:821,9956 Y:901,99524}, Zoom: 1
[EnemyManager] Enemigo activo en posición: {X:836,21985 Y:945,5019}
[EnemyManager] Enemigo activo en posición: {X:1035,4977 Y:1035,4977}
[EnemyManager] Enemigos activos: 2
[EnemyRenderer] Dibujando enemigo en posición: {X:836,38654 Y:945,6686}
[EnemyRenderer] Dibujando enemigo en posición: {X:1035,6643 Y:1035,6643}
[EnemyRenderer] Enemigos activos para dibujar: 2
[Camera] Posición: {X:821,99615 Y:901,9958}, Zoom: 1
[EnemyManager] Enemigo activo en posición: {X:836,38654 Y:945,6686}
[EnemyManager] Enemigo activo en posición: {X:1035,6643 Y:1035,6643}
[EnemyManager] Enemigos activos: 2
[EnemyRenderer] Dibujando enemigo en posición: {X:836,5532 Y:945,83527}
[EnemyRenderer] Dibujando enemigo en posición: {X:1035,8309 Y:1035,8309}
[EnemyRenderer] Enemigos activos para dibujar: 2
[Camera] Posición: {X:821,99664 Y:901,9963}, Zoom: 1
[EnemyManager] Enemigo activo en posición: {X:836,5532 Y:945,83527}
[EnemyManager] Enemigo activo en posición: {X:1035,8309 Y:1035,8309}
[EnemyManager] Enemigos activos: 2
[EnemyRenderer] Dibujando enemigo en posición: {X:836,7199 Y:946,00195}
[EnemyRenderer] Dibujando enemigo en posición: {X:1035,9976 Y:1035,9976}
[EnemyRenderer] Enemigos activos para dibujar: 2
[Camera] Posición: {X:821,9971 Y:901,9967}, Zoom: 1
[EnemyManager] Enemigo activo en posición: {X:836,7199 Y:946,00195}
[EnemyManager] Enemigo activo en posición: {X:1035,9976 Y:1035,9976}
[EnemyManager] Enemigos activos: 2
[EnemyRenderer] Dibujando enemigo en posición: {X:836,8866 Y:946,16864}
[EnemyRenderer] Dibujando enemigo en posición: {X:1036,1642 Y:1036,1642}
[EnemyRenderer] Enemigos activos para dibujar: 2
[Camera] Posición: {X:821,99744 Y:901,9971}, Zoom: 1
[EnemyManager] Enemigo activo en posición: {X:836,8866 Y:946,16864}
[EnemyManager] Enemigo activo en posición: {X:1036,1642 Y:1036,1642}
[EnemyManager] Enemigos activos: 2
[EnemyRenderer] Dibujando enemigo en posición: {X:837,0533 Y:946,3353}
[EnemyRenderer] Dibujando enemigo en posición: {X:1036,3308 Y:1036,3308}
[EnemyRenderer] Enemigos activos para dibujar: 2
[Camera] Posición: {X:821,99774 Y:901,99744}, Zoom: 1
[EnemyManager] Enemigo activo en posición: {X:837,0533 Y:946,3353}
[EnemyManager] Enemigo activo en posición: {X:1036,3308 Y:1036,3308}
[EnemyManager] Enemigos activos: 2
[EnemyRenderer] Dibujando enemigo en posición: {X:837,22 Y:946,502}
[EnemyRenderer] Dibujando enemigo en posición: {X:1036,4974 Y:1036,4974}
[EnemyRenderer] Enemigos activos para dibujar: 2
[Camera] Posición: {X:821,998 Y:901,99774}, Zoom: 1
[EnemyManager] Enemigo activo en posición: {X:837,22 Y:946,502}
[EnemyManager] Enemigo activo en posición: {X:1036,4974 Y:1036,4974}
[EnemyManager] Enemigos activos: 2
[EnemyRenderer] Dibujando enemigo en posición: {X:837,38666 Y:946,6687}
[EnemyRenderer] Dibujando enemigo en posición: {X:1036,6641 Y:1036,6641}
[EnemyRenderer] Enemigos activos para dibujar: 2
[Camera] Posición: {X:821,9982 Y:901,998}, Zoom: 1
[EnemyManager] Enemigo activo en posición: {X:837,38666 Y:946,6687}
[EnemyManager] Enemigo activo en posición: {X:1036,6641 Y:1036,6641}
[EnemyManager] Enemigos activos: 2
[EnemyRenderer] Dibujando enemigo en posición: {X:837,55334 Y:946,8354}
[EnemyRenderer] Dibujando enemigo en posición: {X:1036,8307 Y:1036,8307}
[EnemyRenderer] Enemigos activos para dibujar: 2
[Camera] Posición: {X:821,9984 Y:901,9982}, Zoom: 1
[EnemyManager] Enemigo activo en posición: {X:837,55334 Y:946,8354}
[EnemyManager] Enemigo activo en posición: {X:1036,8307 Y:1036,8307}
[EnemyManager] Enemigos activos: 2
[EnemyRenderer] Dibujando enemigo en posición: {X:837,72003 Y:947,0021}
[EnemyRenderer] Dibujando enemigo en posición: {X:1036,9973 Y:1036,9973}
[EnemyRenderer] Enemigos activos para dibujar: 2
[Camera] Posición: {X:821,9986 Y:901,9984}, Zoom: 1
[EnemyManager] Enemigo activo en posición: {X:837,72003 Y:947,0021}
[EnemyManager] Enemigo activo en posición: {X:1036,9973 Y:1036,9973}
[EnemyManager] Enemigos activos: 2
[EnemyRenderer] Dibujando enemigo en posición: {X:837,8867 Y:947,16876}
[EnemyRenderer] Dibujando enemigo en posición: {X:1037,164 Y:1037,164}
[EnemyRenderer] Enemigos activos para dibujar: 2
[Camera] Posición: {X:821,9988 Y:901,9986}, Zoom: 1
[EnemyManager] Enemigo activo en posición: {X:837,8867 Y:947,16876}
[EnemyManager] Enemigo activo en posición: {X:1037,164 Y:1037,164}
[EnemyManager] Enemigos activos: 2
[EnemyRenderer] Dibujando enemigo en posición: {X:838,0534 Y:947,33545}
[EnemyRenderer] Dibujando enemigo en posición: {X:1037,3306 Y:1037,3306}
[EnemyRenderer] Enemigos activos para dibujar: 2
[Camera] Posición: {X:821,9989 Y:901,9988}, Zoom: 1
[EnemyManager] Enemigo activo en posición: {X:838,0534 Y:947,33545}
[EnemyManager] Enemigo activo en posición: {X:1037,3306 Y:1037,3306}
[EnemyManager] Enemigos activos: 2
[EnemyRenderer] Dibujando enemigo en posición: {X:838,2201 Y:947,50214}
[EnemyRenderer] Dibujando enemigo en posición: {X:1037,4972 Y:1037,4972}
[EnemyRenderer] Enemigos activos para dibujar: 2
[Camera] Posición: {X:821,999 Y:901,9989}, Zoom: 1
[EnemyManager] Enemigo activo en posición: {X:838,2201 Y:947,50214}
[EnemyManager] Enemigo activo en posición: {X:1037,4972 Y:1037,4972}
[EnemyManager] Enemigos activos: 2
[EnemyRenderer] Dibujando enemigo en posición: {X:838,3868 Y:947,6688}
[EnemyRenderer] Dibujando enemigo en posición: {X:1037,6638 Y:1037,6638}
[EnemyRenderer] Enemigos activos para dibujar: 2
[Camera] Posición: {X:821,99915 Y:901,999}, Zoom: 1
[EnemyManager] Enemigo activo en posición: {X:838,3868 Y:947,6688}
[EnemyManager] Enemigo activo en posición: {X:1037,6638 Y:1037,6638}
[EnemyManager] Enemigos activos: 2
[EnemyRenderer] Dibujando enemigo en posición: {X:838,55347 Y:947,8355}
[EnemyRenderer] Dibujando enemigo en posición: {X:1037,8304 Y:1037,8304}
[EnemyRenderer] Enemigos activos para dibujar: 2
[Camera] Posición: {X:821,99927 Y:901,99915}, Zoom: 1
[EnemyManager] Enemigo activo en posición: {X:838,55347 Y:947,8355}
[EnemyManager] Enemigo desactivado por colisión o fuera del mundo.
[EnemyManager] Enemigo activo en posición: {X:1037,8304 Y:1037,8304}
[EnemyManager] Enemigos activos: 2
[EnemyRenderer] Dibujando enemigo en posición: {X:1037,9971 Y:1037,9971}
[EnemyRenderer] Enemigos activos para dibujar: 1
[Camera] Posición: {X:821,9993 Y:901,99927}, Zoom: 1
[EnemyManager] Enemigo activo en posición: {X:1037,9971 Y:1037,9971}
[EnemyManager] Enemigos activos: 1
[EnemyRenderer] Dibujando enemigo en posición: {X:1038,1637 Y:1038,1637}
[EnemyRenderer] Enemigos activos para dibujar: 1
[Camera] Posición: {X:821,9994 Y:901,9993}, Zoom: 1
[EnemyManager] Enemigo activo en posición: {X:1038,1637 Y:1038,1637}
[EnemyManager] Enemigos activos: 1
[EnemyRenderer] Dibujando enemigo en posición: {X:1038,3303 Y:1038,3303}
[EnemyRenderer] Enemigos activos para dibujar: 1
[Camera] Posición: {X:821,99945 Y:901,9994}, Zoom: 1
[EnemyManager] Enemigo activo en posición: {X:1038,3303 Y:1038,3303}
[EnemyManager] Enemigos activos: 1
[EnemyRenderer] Dibujando enemigo en posición: {X:1038,497 Y:1038,497}
[EnemyRenderer] Enemigos activos para dibujar: 1
[Camera] Posición: {X:821,9995 Y:901,99945}, Zoom: 1
[EnemyManager] Enemigo activo en posición: {X:1038,497 Y:1038,497}
[EnemyManager] Enemigos activos: 1
[EnemyRenderer] Dibujando enemigo en posición: {X:1038,6636 Y:1038,6636}
[EnemyRenderer] Enemigos activos para dibujar: 1
[Camera] Posición: {X:821,9996 Y:901,9995}, Zoom: 1
[EnemyManager] Enemigo activo en posición: {X:1038,6636 Y:1038,6636}
[EnemyManager] Enemigos activos: 1
[EnemyRenderer] Dibujando enemigo en posición: {X:1038,8302 Y:1038,8302}
[EnemyRenderer] Enemigos activos para dibujar: 1
[Camera] Posición: {X:821,99963 Y:901,9996}, Zoom: 1
[EnemyManager] Enemigo activo en posición: {X:1038,8302 Y:1038,8302}
[EnemyManager] Enemigos activos: 1
[EnemyRenderer] Dibujando enemigo en posición: {X:1038,9968 Y:1038,9968}
[EnemyRenderer] Enemigos activos para dibujar: 1
[Camera] Posición: {X:821,9997 Y:901,99963}, Zoom: 1
[EnemyManager] Enemigo activo en posición: {X:1038,9968 Y:1038,9968}
[EnemyManager] Enemigos activos: 1
[EnemyRenderer] Dibujando enemigo en posición: {X:1039,1635 Y:1039,1635}
[EnemyRenderer] Enemigos activos para dibujar: 1
[Camera] Posición: {X:821,99976 Y:901,9997}, Zoom: 1
[EnemyManager] Enemigo activo en posición: {X:1039,1635 Y:1039,1635}
[EnemyManager] Enemigos activos: 1
[EnemyRenderer] Dibujando enemigo en posición: {X:1039,3301 Y:1039,3301}
[EnemyRenderer] Enemigos activos para dibujar: 1
[Camera] Posición: {X:821,99976 Y:901,99976}, Zoom: 1
[EnemyManager] Enemigo activo en posición: {X:1039,3301 Y:1039,3301}
[EnemyManager] Enemigos activos: 1
[EnemyRenderer] Dibujando enemigo en posición: {X:1039,4967 Y:1039,4967}
[EnemyRenderer] Enemigos activos para dibujar: 1
[Camera] Posición: {X:821,99976 Y:901,99976}, Zoom: 1
[EnemyManager] Enemigo activo en posición: {X:1039,4967 Y:1039,4967}
[EnemyManager] Enemigos activos: 1
[EnemyRenderer] Dibujando enemigo en posición: {X:1039,6633 Y:1039,6633}
[EnemyRenderer] Enemigos activos para dibujar: 1
[Camera] Posición: {X:821,99976 Y:901,99976}, Zoom: 1
[EnemyManager] Enemigo activo en posición: {X:1039,6633 Y:1039,6633}
[EnemyManager] Enemigos activos: 1
[EnemyRenderer] Dibujando enemigo en posición: {X:1039,83 Y:1039,83}
[EnemyRenderer] Enemigos activos para dibujar: 1
[Camera] Posición: {X:821,99976 Y:901,99976}, Zoom: 1
[EnemyManager] Enemigo activo en posición: {X:1039,83 Y:1039,83}
[EnemyManager] Enemigos activos: 1
[EnemyRenderer] Dibujando enemigo en posición: {X:1039,9966 Y:1039,9966}
[EnemyRenderer] Enemigos activos para dibujar: 1
[Camera] Posición: {X:821,99976 Y:901,99976}, Zoom: 1
[EnemyManager] Enemigo activo en posición: {X:1039,9966 Y:1039,9966}
[EnemyManager] Enemigos activos: 1
[EnemyRenderer] Dibujando enemigo en posición: {X:1040,1632 Y:1040,1632}
[EnemyRenderer] Enemigos activos para dibujar: 1
[Camera] Posición: {X:821,99976 Y:901,99976}, Zoom: 1
[EnemyManager] Enemigo activo en posición: {X:1040,1632 Y:1040,1632}
[EnemyManager] Enemigos activos: 1
[EnemyRenderer] Dibujando enemigo en posición: {X:1040,3298 Y:1040,3298}
[EnemyRenderer] Enemigos activos para dibujar: 1
[Camera] Posición: {X:821,99976 Y:901,99976}, Zoom: 1
[EnemyManager] Enemigo activo en posición: {X:1040,3298 Y:1040,3298}
[EnemyManager] Enemigos activos: 1
[EnemyRenderer] Dibujando enemigo en posición: {X:1040,4965 Y:1040,4965}
[EnemyRenderer] Enemigos activos para dibujar: 1
[Camera] Posición: {X:821,99976 Y:901,99976}, Zoom: 1
[EnemyManager] Enemigo activo en posición: {X:1040,4965 Y:1040,4965}
[EnemyManager] Enemigos activos: 1
[EnemyRenderer] Dibujando enemigo en posición: {X:1040,6631 Y:1040,6631}
[EnemyRenderer] Enemigos activos para dibujar: 1
[Camera] Posición: {X:821,99976 Y:901,99976}, Zoom: 1
[EnemyManager] Enemigo activo en posición: {X:1040,6631 Y:1040,6631}
[EnemyManager] Enemigos activos: 1
[EnemyRenderer] Dibujando enemigo en posición: {X:1040,8297 Y:1040,8297}
[EnemyRenderer] Enemigos activos para dibujar: 1
[Camera] Posición: {X:821,99976 Y:901,99976}, Zoom: 1
[EnemyManager] Enemigo activo en posición: {X:1040,8297 Y:1040,8297}
[EnemyManager] Enemigos activos: 1
[EnemyRenderer] Dibujando enemigo en posición: {X:1040,9963 Y:1040,9963}
[EnemyRenderer] Enemigos activos para dibujar: 1
[Camera] Posición: {X:821,99976 Y:901,99976}, Zoom: 1
[EnemyManager] Enemigo activo en posición: {X:1040,9963 Y:1040,9963}
[EnemyManager] Enemigos activos: 1
[EnemyRenderer] Dibujando enemigo en posición: {X:1041,163 Y:1041,163}
[EnemyRenderer] Enemigos activos para dibujar: 1
[Camera] Posición: {X:821,99976 Y:901,99976}, Zoom: 1
[EnemyManager] Enemigo activo en posición: {X:1041,163 Y:1041,163}
[EnemyManager] Enemigos activos: 1
[EnemyRenderer] Dibujando enemigo en posición: {X:1041,3296 Y:1041,3296}
[EnemyRenderer] Enemigos activos para dibujar: 1
[Camera] Posición: {X:821,99976 Y:901,99976}, Zoom: 1
[EnemyManager] Enemigo activo en posición: {X:1041,3296 Y:1041,3296}
[EnemyManager] Enemigos activos: 1
[EnemyRenderer] Dibujando enemigo en posición: {X:1041,4962 Y:1041,4962}
[EnemyRenderer] Enemigos activos para dibujar: 1
[Camera] Posición: {X:821,99976 Y:901,99976}, Zoom: 1
[EnemyManager] Enemigo activo en posición: {X:1041,4962 Y:1041,4962}
[EnemyManager] Enemigos activos: 1
[EnemyRenderer] Dibujando enemigo en posición: {X:1041,6628 Y:1041,6628}
[EnemyRenderer] Enemigos activos para dibujar: 1
[Camera] Posición: {X:821,99976 Y:901,99976}, Zoom: 1
[EnemyManager] Enemigo activo en posición: {X:1041,6628 Y:1041,6628}
[EnemyManager] Enemigos activos: 1
[EnemyRenderer] Dibujando enemigo en posición: {X:1041,8295 Y:1041,8295}
[EnemyRenderer] Enemigos activos para dibujar: 1
[Camera] Posición: {X:821,99976 Y:901,99976}, Zoom: 1
[EnemyManager] Enemigo activo en posición: {X:1041,8295 Y:1041,8295}
[EnemyManager] Enemigos activos: 1
[EnemyRenderer] Dibujando enemigo en posición: {X:1041,9961 Y:1041,9961}
[EnemyRenderer] Enemigos activos para dibujar: 1
[Camera] Posición: {X:821,99976 Y:901,99976}, Zoom: 1
[EnemyManager] Enemigo activo en posición: {X:1041,9961 Y:1041,9961}
[EnemyManager] Enemigos activos: 1
[EnemyRenderer] Dibujando enemigo en posición: {X:1042,1627 Y:1042,1627}
[EnemyRenderer] Enemigos activos para dibujar: 1
[Camera] Posición: {X:821,99976 Y:901,99976}, Zoom: 1
[EnemyManager] Enemigo activo en posición: {X:1042,1627 Y:1042,1627}
[EnemyManager] Enemigos activos: 1
[EnemyRenderer] Dibujando enemigo en posición: {X:1042,3293 Y:1042,3293}
[EnemyRenderer] Enemigos activos para dibujar: 1
[Camera] Posición: {X:821,99976 Y:901,99976}, Zoom: 1
[EnemyManager] Enemigo activo en posición: {X:1042,3293 Y:1042,3293}
[EnemyManager] Enemigos activos: 1
[EnemyRenderer] Dibujando enemigo en posición: {X:1042,496 Y:1042,496}
[EnemyRenderer] Enemigos activos para dibujar: 1
[Camera] Posición: {X:821,99976 Y:901,99976}, Zoom: 1
[EnemyManager] Enemigo activo en posición: {X:1042,496 Y:1042,496}
[EnemyManager] Enemigos activos: 1
[EnemyRenderer] Dibujando enemigo en posición: {X:1042,6626 Y:1042,6626}
[EnemyRenderer] Enemigos activos para dibujar: 1
[Camera] Posición: {X:821,99976 Y:901,99976}, Zoom: 1
[EnemyManager] Enemigo activo en posición: {X:1042,6626 Y:1042,6626}
[EnemyManager] Enemigos activos: 1
[EnemyRenderer] Dibujando enemigo en posición: {X:1042,8292 Y:1042,8292}
[EnemyRenderer] Enemigos activos para dibujar: 1
[Camera] Posición: {X:821,99976 Y:901,99976}, Zoom: 1
[EnemyManager] Enemigo activo en posición: {X:1042,8292 Y:1042,8292}
[EnemyManager] Enemigos activos: 1
[EnemyRenderer] Dibujando enemigo en posición: {X:1042,9958 Y:1042,9958}
[EnemyRenderer] Enemigos activos para dibujar: 1
[Camera] Posición: {X:821,99976 Y:901,99976}, Zoom: 1
[EnemyManager] Enemigo activo en posición: {X:1042,9958 Y:1042,9958}
[EnemyManager] Enemigos activos: 1
[EnemyRenderer] Dibujando enemigo en posición: {X:1043,1625 Y:1043,1625}
[EnemyRenderer] Enemigos activos para dibujar: 1
[Camera] Posición: {X:821,99976 Y:901,99976}, Zoom: 1
[EnemyManager] Enemigo activo en posición: {X:1043,1625 Y:1043,1625}
[EnemyManager] Enemigos activos: 1
[EnemyRenderer] Dibujando enemigo en posición: {X:1043,3291 Y:1043,3291}
[EnemyRenderer] Enemigos activos para dibujar: 1
[Camera] Posición: {X:821,99976 Y:901,99976}, Zoom: 1
[EnemyManager] Enemigo activo en posición: {X:1043,3291 Y:1043,3291}
[EnemyManager] Enemigos activos: 1
[EnemyRenderer] Dibujando enemigo en posición: {X:1043,4957 Y:1043,4957}
[EnemyRenderer] Enemigos activos para dibujar: 1
[Camera] Posición: {X:821,99976 Y:901,99976}, Zoom: 1
[EnemyManager] Enemigo activo en posición: {X:1043,4957 Y:1043,4957}
[EnemyManager] Enemigos activos: 1
[EnemyRenderer] Dibujando enemigo en posición: {X:1043,6624 Y:1043,6624}
[EnemyRenderer] Enemigos activos para dibujar: 1
[Camera] Posición: {X:821,99976 Y:901,99976}, Zoom: 1
[EnemyManager] Enemigo activo en posición: {X:1043,6624 Y:1043,6624}
[EnemyManager] Enemigos activos: 1
[EnemyRenderer] Dibujando enemigo en posición: {X:1043,829 Y:1043,829}
[EnemyRenderer] Enemigos activos para dibujar: 1
[Camera] Posición: {X:821,99976 Y:901,99976}, Zoom: 1
[EnemyManager] Enemigo activo en posición: {X:1043,829 Y:1043,829}
[EnemyManager] Enemigos activos: 1
[EnemyRenderer] Dibujando enemigo en posición: {X:1043,9956 Y:1043,9956}
[EnemyRenderer] Enemigos activos para dibujar: 1
[Camera] Posición: {X:821,99976 Y:901,99976}, Zoom: 1
[EnemyManager] Enemigo activo en posición: {X:1043,9956 Y:1043,9956}
[EnemyManager] Enemigos activos: 1
[EnemyRenderer] Dibujando enemigo en posición: {X:1044,1622 Y:1044,1622}
[EnemyRenderer] Enemigos activos para dibujar: 1
[Camera] Posición: {X:821,99976 Y:901,99976}, Zoom: 1
[EnemyManager] Enemigo activo en posición: {X:1044,1622 Y:1044,1622}
[EnemyManager] Enemigos activos: 1
[EnemyRenderer] Dibujando enemigo en posición: {X:1044,3289 Y:1044,3289}
[EnemyRenderer] Enemigos activos para dibujar: 1
[Camera] Posición: {X:821,99976 Y:901,99976}, Zoom: 1
[EnemyManager] Enemigo activo en posición: {X:1044,3289 Y:1044,3289}
[EnemyManager] Enemigos activos: 1
[EnemyRenderer] Dibujando enemigo en posición: {X:1044,4955 Y:1044,4955}
[EnemyRenderer] Enemigos activos para dibujar: 1
[Camera] Posición: {X:821,99976 Y:901,99976}, Zoom: 1
[EnemyManager] Enemigo activo en posición: {X:1044,4955 Y:1044,4955}
[EnemyManager] Enemigos activos: 1
[EnemyRenderer] Dibujando enemigo en posición: {X:1044,6621 Y:1044,6621}
[EnemyRenderer] Enemigos activos para dibujar: 1
[Camera] Posición: {X:821,99976 Y:901,99976}, Zoom: 1
[EnemyManager] Enemigo activo en posición: {X:1044,6621 Y:1044,6621}
[EnemyManager] Enemigos activos: 1
[EnemyRenderer] Dibujando enemigo en posición: {X:1044,8287 Y:1044,8287}
[EnemyRenderer] Enemigos activos para dibujar: 1
[Camera] Posición: {X:821,99976 Y:901,99976}, Zoom: 1
[EnemyManager] Enemigo activo en posición: {X:1044,8287 Y:1044,8287}
[EnemyManager] Enemigos activos: 1
[EnemyRenderer] Dibujando enemigo en posición: {X:1044,9954 Y:1044,9954}
[EnemyRenderer] Enemigos activos para dibujar: 1
[Camera] Posición: {X:821,99976 Y:901,99976}, Zoom: 1
[EnemyManager] Enemigo activo en posición: {X:1044,9954 Y:1044,9954}
[EnemyManager] Enemigos activos: 1
[EnemyRenderer] Dibujando enemigo en posición: {X:1045,162 Y:1045,162}
[EnemyRenderer] Enemigos activos para dibujar: 1
[Camera] Posición: {X:821,99976 Y:901,99976}, Zoom: 1
[EnemyManager] Enemigo activo en posición: {X:1045,162 Y:1045,162}
[EnemyManager] Enemigos activos: 1
[EnemyRenderer] Dibujando enemigo en posición: {X:1045,3286 Y:1045,3286}
[EnemyRenderer] Enemigos activos para dibujar: 1
[Camera] Posición: {X:821,99976 Y:901,99976}, Zoom: 1
[EnemyManager] Enemigo activo en posición: {X:1045,3286 Y:1045,3286}
[EnemyManager] Enemigos activos: 1
[EnemyRenderer] Dibujando enemigo en posición: {X:1045,4952 Y:1045,4952}
[EnemyRenderer] Enemigos activos para dibujar: 1
[Camera] Posición: {X:821,99976 Y:901,99976}, Zoom: 1
[EnemyManager] Enemigo activo en posición: {X:1045,4952 Y:1045,4952}
[EnemyManager] Enemigos activos: 1
[EnemyRenderer] Dibujando enemigo en posición: {X:1045,6619 Y:1045,6619}
[EnemyRenderer] Enemigos activos para dibujar: 1
[Camera] Posición: {X:821,99976 Y:901,99976}, Zoom: 1
[EnemyManager] Enemigo activo en posición: {X:1045,6619 Y:1045,6619}
[EnemyManager] Enemigos activos: 1
[EnemyRenderer] Dibujando enemigo en posición: {X:1045,8285 Y:1045,8285}
[EnemyRenderer] Enemigos activos para dibujar: 1
[Camera] Posición: {X:821,99976 Y:901,99976}, Zoom: 1
[EnemyManager] Enemigo activo en posición: {X:1045,8285 Y:1045,8285}
[EnemyManager] Enemigos activos: 1
[EnemyRenderer] Dibujando enemigo en posición: {X:1045,9951 Y:1045,9951}
[EnemyRenderer] Enemigos activos para dibujar: 1
[Camera] Posición: {X:821,99976 Y:901,99976}, Zoom: 1
[EnemyManager] Enemigo activo en posición: {X:1045,9951 Y:1045,9951}
[EnemyManager] Enemigos activos: 1
[EnemyRenderer] Dibujando enemigo en posición: {X:1046,1617 Y:1046,1617}
[EnemyRenderer] Enemigos activos para dibujar: 1
[Camera] Posición: {X:821,99976 Y:901,99976}, Zoom: 1
[EnemyManager] Enemigo activo en posición: {X:1046,1617 Y:1046,1617}
[EnemyManager] Enemigos activos: 1
[EnemyRenderer] Dibujando enemigo en posición: {X:1046,3284 Y:1046,3284}
[EnemyRenderer] Enemigos activos para dibujar: 1
[Camera] Posición: {X:821,99976 Y:901,99976}, Zoom: 1
[EnemyManager] Enemigo activo en posición: {X:1046,3284 Y:1046,3284}
[EnemyManager] Enemigos activos: 1
[EnemyRenderer] Dibujando enemigo en posición: {X:1046,495 Y:1046,495}
[EnemyRenderer] Enemigos activos para dibujar: 1
[Camera] Posición: {X:821,99976 Y:901,99976}, Zoom: 1
[EnemyManager] Enemigo activo en posición: {X:1046,495 Y:1046,495}
[EnemyManager] Enemigos activos: 1
[EnemyRenderer] Dibujando enemigo en posición: {X:1046,6616 Y:1046,6616}
[EnemyRenderer] Enemigos activos para dibujar: 1
[Camera] Posición: {X:821,99976 Y:901,99976}, Zoom: 1
[EnemyManager] Enemigo activo en posición: {X:1046,6616 Y:1046,6616}
[EnemyManager] Enemigos activos: 1
[EnemyRenderer] Dibujando enemigo en posición: {X:1046,8282 Y:1046,8282}
[EnemyRenderer] Enemigos activos para dibujar: 1
[Camera] Posición: {X:821,99976 Y:901,99976}, Zoom: 1
[EnemyManager] Enemigo activo en posición: {X:1046,8282 Y:1046,8282}
[EnemyManager] Enemigos activos: 1
[EnemyRenderer] Dibujando enemigo en posición: {X:1046,9949 Y:1046,9949}
[EnemyRenderer] Enemigos activos para dibujar: 1
[Camera] Posición: {X:821,99976 Y:901,99976}, Zoom: 1
[EnemyManager] Enemigo activo en posición: {X:1046,9949 Y:1046,9949}
[EnemyManager] Enemigos activos: 1
[EnemyRenderer] Dibujando enemigo en posición: {X:1047,1615 Y:1047,1615}
[EnemyRenderer] Enemigos activos para dibujar: 1
[Camera] Posición: {X:821,99976 Y:901,99976}, Zoom: 1
[EnemyManager] Enemigo activo en posición: {X:1047,1615 Y:1047,1615}
[EnemyManager] Enemigos activos: 1
[EnemyRenderer] Dibujando enemigo en posición: {X:1047,3281 Y:1047,3281}
[EnemyRenderer] Enemigos activos para dibujar: 1
[Camera] Posición: {X:821,99976 Y:901,99976}, Zoom: 1
[EnemyManager] Enemigo activo en posición: {X:1047,3281 Y:1047,3281}
[EnemyManager] Enemigos activos: 1
[EnemyRenderer] Dibujando enemigo en posición: {X:1047,4948 Y:1047,4948}
[EnemyRenderer] Enemigos activos para dibujar: 1
[Camera] Posición: {X:821,99976 Y:901,99976}, Zoom: 1
[EnemyManager] Enemigo activo en posición: {X:1047,4948 Y:1047,4948}
[EnemyManager] Enemigos activos: 1
[EnemyRenderer] Dibujando enemigo en posición: {X:1047,6614 Y:1047,6614}
[EnemyRenderer] Enemigos activos para dibujar: 1
[Camera] Posición: {X:821,99976 Y:901,99976}, Zoom: 1
[EnemyManager] Enemigo activo en posición: {X:1047,6614 Y:1047,6614}
[EnemyManager] Enemigos activos: 1
[EnemyRenderer] Dibujando enemigo en posición: {X:1047,828 Y:1047,828}
[EnemyRenderer] Enemigos activos para dibujar: 1
[Camera] Posición: {X:821,99976 Y:901,99976}, Zoom: 1
[EnemyManager] Enemigo activo en posición: {X:1047,828 Y:1047,828}
[EnemyManager] Enemigos activos: 1
[EnemyRenderer] Dibujando enemigo en posición: {X:1047,9946 Y:1047,9946}
[EnemyRenderer] Enemigos activos para dibujar: 1
[Camera] Posición: {X:821,99976 Y:901,99976}, Zoom: 1
[EnemyManager] Enemigo activo en posición: {X:1047,9946 Y:1047,9946}
[EnemyManager] Enemigos activos: 1
[EnemyRenderer] Dibujando enemigo en posición: {X:1048,1613 Y:1048,1613}
[EnemyRenderer] Enemigos activos para dibujar: 1
[Camera] Posición: {X:821,99976 Y:901,99976}, Zoom: 1
[EnemyManager] Enemigo activo en posición: {X:1048,1613 Y:1048,1613}
[EnemyManager] Enemigos activos: 1
[EnemyRenderer] Dibujando enemigo en posición: {X:1048,3279 Y:1048,3279}
[EnemyRenderer] Enemigos activos para dibujar: 1
[Camera] Posición: {X:821,99976 Y:901,99976}, Zoom: 1
[EnemyManager] Enemigo activo en posición: {X:1048,3279 Y:1048,3279}
[EnemyManager] Enemigos activos: 1
[EnemyRenderer] Dibujando enemigo en posición: {X:1048,4945 Y:1048,4945}
[EnemyRenderer] Enemigos activos para dibujar: 1
[Camera] Posición: {X:821,99976 Y:901,99976}, Zoom: 1
[EnemyManager] Enemigo activo en posición: {X:1048,4945 Y:1048,4945}
[EnemyManager] Enemigos activos: 1
[EnemyRenderer] Dibujando enemigo en posición: {X:1048,6611 Y:1048,6611}
[EnemyRenderer] Enemigos activos para dibujar: 1
[Camera] Posición: {X:821,99976 Y:901,99976}, Zoom: 1
[EnemyManager] Enemigo activo en posición: {X:1048,6611 Y:1048,6611}
[EnemyManager] Enemigos activos: 1
[EnemyRenderer] Dibujando enemigo en posición: {X:1048,8278 Y:1048,8278}
[EnemyRenderer] Enemigos activos para dibujar: 1
[Camera] Posición: {X:821,99976 Y:901,99976}, Zoom: 1
[EnemyManager] Enemigo activo en posición: {X:1048,8278 Y:1048,8278}
[EnemyManager] Enemigos activos: 1
[EnemyRenderer] Dibujando enemigo en posición: {X:1048,9944 Y:1048,9944}
[EnemyRenderer] Enemigos activos para dibujar: 1
[Camera] Posición: {X:821,99976 Y:901,99976}, Zoom: 1
[EnemyManager] Enemigo activo en posición: {X:1048,9944 Y:1048,9944}
[EnemyManager] Enemigos activos: 1
[EnemyRenderer] Dibujando enemigo en posición: {X:1049,161 Y:1049,161}
[EnemyRenderer] Enemigos activos para dibujar: 1
[Camera] Posición: {X:821,99976 Y:901,99976}, Zoom: 1
[EnemyManager] Enemigo activo en posición: {X:1049,161 Y:1049,161}
[EnemyManager] Enemigos activos: 1
[EnemyRenderer] Dibujando enemigo en posición: {X:1049,3276 Y:1049,3276}
[EnemyRenderer] Enemigos activos para dibujar: 1
[Camera] Posición: {X:821,99976 Y:901,99976}, Zoom: 1
[EnemyManager] Enemigo activo en posición: {X:1049,3276 Y:1049,3276}
[EnemyManager] Enemigos activos: 1
[EnemyRenderer] Dibujando enemigo en posición: {X:1049,4943 Y:1049,4943}
[EnemyRenderer] Enemigos activos para dibujar: 1
[Camera] Posición: {X:821,99976 Y:901,99976}, Zoom: 1
[EnemyManager] Enemigo activo en posición: {X:1049,4943 Y:1049,4943}
[EnemyManager] Enemigos activos: 1
[EnemyRenderer] Dibujando enemigo en posición: {X:1049,6609 Y:1049,6609}
[EnemyRenderer] Enemigos activos para dibujar: 1
[Camera] Posición: {X:821,99976 Y:901,99976}, Zoom: 1
[EnemyManager] Enemigo activo en posición: {X:1049,6609 Y:1049,6609}
[EnemyManager] Enemigos activos: 1
[EnemyRenderer] Dibujando enemigo en posición: {X:1049,8275 Y:1049,8275}
[EnemyRenderer] Enemigos activos para dibujar: 1
[Camera] Posición: {X:821,99976 Y:901,99976}, Zoom: 1
[EnemyManager] Enemigo activo en posición: {X:1049,8275 Y:1049,8275}
[EnemyManager] Enemigos activos: 1
[EnemyRenderer] Dibujando enemigo en posición: {X:1049,9941 Y:1049,9941}
[EnemyRenderer] Enemigos activos para dibujar: 1
[Camera] Posición: {X:821,99976 Y:901,99976}, Zoom: 1
[EnemyManager] Enemigo activo en posición: {X:1049,9941 Y:1049,9941}
[EnemyManager] Enemigos activos: 1
[EnemyRenderer] Dibujando enemigo en posición: {X:1050,1608 Y:1050,1608}
[EnemyRenderer] Enemigos activos para dibujar: 1
[Camera] Posición: {X:821,99976 Y:901,99976}, Zoom: 1
[EnemyManager] Enemigo activo en posición: {X:1050,1608 Y:1050,1608}
[EnemyManager] Enemigos activos: 1
[EnemyRenderer] Dibujando enemigo en posición: {X:1050,3274 Y:1050,3274}
[EnemyRenderer] Enemigos activos para dibujar: 1
[Camera] Posición: {X:821,99976 Y:901,99976}, Zoom: 1
[EnemyManager] Enemigo activo en posición: {X:1050,3274 Y:1050,3274}
[EnemyManager] Enemigos activos: 1
[EnemyRenderer] Dibujando enemigo en posición: {X:1050,494 Y:1050,494}
[EnemyRenderer] Enemigos activos para dibujar: 1
[Camera] Posición: {X:821,99976 Y:901,99976}, Zoom: 1
[EnemyManager] Enemigo activo en posición: {X:1050,494 Y:1050,494}
[EnemyManager] Enemigos activos: 1
[EnemyRenderer] Dibujando enemigo en posición: {X:1050,6606 Y:1050,6606}
[EnemyRenderer] Enemigos activos para dibujar: 1
[Camera] Posición: {X:821,99976 Y:901,99976}, Zoom: 1
[EnemyManager] Enemigo activo en posición: {X:1050,6606 Y:1050,6606}
[EnemyManager] Enemigos activos: 1
[EnemyRenderer] Dibujando enemigo en posición: {X:1050,8273 Y:1050,8273}
[EnemyRenderer] Enemigos activos para dibujar: 1
[Camera] Posición: {X:821,99976 Y:901,99976}, Zoom: 1
[EnemyManager] Enemigo activo en posición: {X:1050,8273 Y:1050,8273}
[EnemyManager] Enemigos activos: 1
[EnemyRenderer] Dibujando enemigo en posición: {X:1050,9939 Y:1050,9939}
[EnemyRenderer] Enemigos activos para dibujar: 1
[Camera] Posición: {X:821,99976 Y:901,99976}, Zoom: 1
[EnemyManager] Enemigo activo en posición: {X:1050,9939 Y:1050,9939}
[EnemyManager] Enemigos activos: 1
[EnemyRenderer] Dibujando enemigo en posición: {X:1051,1605 Y:1051,1605}
[EnemyRenderer] Enemigos activos para dibujar: 1
[Camera] Posición: {X:821,99976 Y:901,99976}, Zoom: 1
[EnemyManager] Enemigo activo en posición: {X:1051,1605 Y:1051,1605}
[EnemyManager] Enemigos activos: 1
[EnemyRenderer] Dibujando enemigo en posición: {X:1051,3271 Y:1051,3271}
[EnemyRenderer] Enemigos activos para dibujar: 1
[Camera] Posición: {X:821,99976 Y:901,99976}, Zoom: 1
[EnemyManager] Enemigo activo en posición: {X:1051,3271 Y:1051,3271}
[EnemyManager] Enemigos activos: 1
[EnemyRenderer] Dibujando enemigo en posición: {X:1051,4938 Y:1051,4938}
[EnemyRenderer] Enemigos activos para dibujar: 1
[Camera] Posición: {X:821,99976 Y:901,99976}, Zoom: 1
[EnemyManager] Enemigo activo en posición: {X:1051,4938 Y:1051,4938}
[EnemyManager] Enemigos activos: 1
[EnemyRenderer] Dibujando enemigo en posición: {X:1051,6604 Y:1051,6604}
[EnemyRenderer] Enemigos activos para dibujar: 1
[Camera] Posición: {X:821,99976 Y:901,99976}, Zoom: 1
[EnemyManager] Enemigo activo en posición: {X:1051,6604 Y:1051,6604}
[EnemyManager] Enemigos activos: 1
[EnemyRenderer] Dibujando enemigo en posición: {X:1051,827 Y:1051,827}
[EnemyRenderer] Enemigos activos para dibujar: 1
[Camera] Posición: {X:821,99976 Y:901,99976}, Zoom: 1
[EnemyManager] Enemigo activo en posición: {X:1051,827 Y:1051,827}
[EnemyManager] Enemigos activos: 1
[EnemyRenderer] Dibujando enemigo en posición: {X:1051,9937 Y:1051,9937}
[EnemyRenderer] Enemigos activos para dibujar: 1
[Camera] Posición: {X:821,99976 Y:901,99976}, Zoom: 1
[EnemyManager] Enemigo activo en posición: {X:1051,9937 Y:1051,9937}
[EnemyManager] Enemigos activos: 1
[EnemyRenderer] Dibujando enemigo en posición: {X:1052,1603 Y:1052,1603}
[EnemyRenderer] Enemigos activos para dibujar: 1
[Camera] Posición: {X:821,99976 Y:901,99976}, Zoom: 1
[EnemyManager] Enemigo activo en posición: {X:1052,1603 Y:1052,1603}
[EnemyManager] Enemigos activos: 1
[EnemyRenderer] Dibujando enemigo en posición: {X:1052,3269 Y:1052,3269}
[EnemyRenderer] Enemigos activos para dibujar: 1
[Camera] Posición: {X:821,99976 Y:901,99976}, Zoom: 1
[EnemyManager] Enemigo activo en posición: {X:1052,3269 Y:1052,3269}
[EnemyManager] Enemigos activos: 1
[EnemyRenderer] Dibujando enemigo en posición: {X:1052,4935 Y:1052,4935}
[EnemyRenderer] Enemigos activos para dibujar: 1
[Camera] Posición: {X:821,99976 Y:901,99976}, Zoom: 1
[EnemyManager] Enemigo activo en posición: {X:1052,4935 Y:1052,4935}
[EnemyManager] Enemigos activos: 1
[EnemyRenderer] Dibujando enemigo en posición: {X:1052,6602 Y:1052,6602}
[EnemyRenderer] Enemigos activos para dibujar: 1
[Camera] Posición: {X:821,99976 Y:901,99976}, Zoom: 1
[EnemyManager] Enemigo activo en posición: {X:1052,6602 Y:1052,6602}
[EnemyManager] Enemigos activos: 1
[EnemyRenderer] Dibujando enemigo en posición: {X:1052,8268 Y:1052,8268}
[EnemyRenderer] Enemigos activos para dibujar: 1
[Camera] Posición: {X:821,99976 Y:901,99976}, Zoom: 1
[EnemyManager] Enemigo activo en posición: {X:1052,8268 Y:1052,8268}
[EnemyManager] Enemigos activos: 1
[EnemyRenderer] Dibujando enemigo en posición: {X:1052,9934 Y:1052,9934}
[EnemyRenderer] Enemigos activos para dibujar: 1
[Camera] Posición: {X:821,99976 Y:901,99976}, Zoom: 1
[EnemyManager] Enemigo activo en posición: {X:1052,9934 Y:1052,9934}
[EnemyManager] Enemigos activos: 1
[EnemyRenderer] Dibujando enemigo en posición: {X:1053,16 Y:1053,16}
[EnemyRenderer] Enemigos activos para dibujar: 1
[Camera] Posición: {X:821,99976 Y:901,99976}, Zoom: 1
[EnemyManager] Enemigo activo en posición: {X:1053,16 Y:1053,16}
[EnemyManager] Enemigos activos: 1
[EnemyRenderer] Dibujando enemigo en posición: {X:1053,3267 Y:1053,3267}
[EnemyRenderer] Enemigos activos para dibujar: 1
[Camera] Posición: {X:821,99976 Y:901,99976}, Zoom: 1
[EnemyManager] Enemigo activo en posición: {X:1053,3267 Y:1053,3267}
[EnemyManager] Enemigos activos: 1
[EnemyRenderer] Dibujando enemigo en posición: {X:1053,4933 Y:1053,4933}
[EnemyRenderer] Enemigos activos para dibujar: 1
[Camera] Posición: {X:821,99976 Y:901,99976}, Zoom: 1
[EnemyManager] Enemigo activo en posición: {X:1053,4933 Y:1053,4933}
[EnemyManager] Enemigos activos: 1
[EnemyRenderer] Dibujando enemigo en posición: {X:1053,6599 Y:1053,6599}
[EnemyRenderer] Enemigos activos para dibujar: 1
[Camera] Posición: {X:821,99976 Y:901,99976}, Zoom: 1
[EnemyManager] Enemigo activo en posición: {X:1053,6599 Y:1053,6599}
[EnemyManager] Enemigos activos: 1
[EnemyRenderer] Dibujando enemigo en posición: {X:1053,8265 Y:1053,8265}
[EnemyRenderer] Enemigos activos para dibujar: 1
[Camera] Posición: {X:821,99976 Y:901,99976}, Zoom: 1
[EnemyManager] Enemigo activo en posición: {X:1053,8265 Y:1053,8265}
[EnemyManager] Enemigos activos: 1
[EnemyRenderer] Dibujando enemigo en posición: {X:1053,9932 Y:1053,9932}
[EnemyRenderer] Enemigos activos para dibujar: 1
[Camera] Posición: {X:821,99976 Y:901,99976}, Zoom: 1
[EnemyManager] Enemigo activo en posición: {X:1053,9932 Y:1053,9932}
[EnemyManager] Enemigos activos: 1
[EnemyRenderer] Dibujando enemigo en posición: {X:1054,1598 Y:1054,1598}
[EnemyRenderer] Enemigos activos para dibujar: 1
[Camera] Posición: {X:821,99976 Y:901,99976}, Zoom: 1
[EnemyManager] Enemigo activo en posición: {X:1054,1598 Y:1054,1598}
[EnemyManager] Enemigos activos: 1
[EnemyRenderer] Dibujando enemigo en posición: {X:1054,3264 Y:1054,3264}
[EnemyRenderer] Enemigos activos para dibujar: 1
[Camera] Posición: {X:821,99976 Y:901,99976}, Zoom: 1
[EnemyManager] Enemigo activo en posición: {X:1054,3264 Y:1054,3264}
[EnemyManager] Enemigos activos: 1
[EnemyRenderer] Dibujando enemigo en posición: {X:1054,493 Y:1054,493}
[EnemyRenderer] Enemigos activos para dibujar: 1
[Camera] Posición: {X:821,99976 Y:901,99976}, Zoom: 1
[EnemyManager] Enemigo activo en posición: {X:1054,493 Y:1054,493}
[EnemyManager] Enemigos activos: 1
[EnemyRenderer] Dibujando enemigo en posición: {X:1054,6597 Y:1054,6597}
[EnemyRenderer] Enemigos activos para dibujar: 1
[Camera] Posición: {X:821,99976 Y:901,99976}, Zoom: 1
[EnemyManager] Enemigo activo en posición: {X:1054,6597 Y:1054,6597}
[EnemyManager] Enemigos activos: 1
[EnemyRenderer] Dibujando enemigo en posición: {X:1054,8263 Y:1054,8263}
[EnemyRenderer] Enemigos activos para dibujar: 1
[Camera] Posición: {X:821,99976 Y:901,99976}, Zoom: 1
[EnemyManager] Enemigo activo en posición: {X:1054,8263 Y:1054,8263}
[EnemyManager] Enemigos activos: 1
[EnemyRenderer] Dibujando enemigo en posición: {X:1054,9929 Y:1054,9929}
[EnemyRenderer] Enemigos activos para dibujar: 1
[Camera] Posición: {X:821,99976 Y:901,99976}, Zoom: 1
[EnemyManager] Enemigo activo en posición: {X:1054,9929 Y:1054,9929}
[EnemyManager] Enemigos activos: 1
[EnemyRenderer] Dibujando enemigo en posición: {X:1055,1595 Y:1055,1595}
[EnemyRenderer] Enemigos activos para dibujar: 1
[Camera] Posición: {X:821,99976 Y:901,99976}, Zoom: 1
[EnemyManager] Enemigo activo en posición: {X:1055,1595 Y:1055,1595}
[EnemyManager] Enemigos activos: 1
[EnemyRenderer] Dibujando enemigo en posición: {X:1055,3262 Y:1055,3262}
[EnemyRenderer] Enemigos activos para dibujar: 1
[Camera] Posición: {X:821,99976 Y:901,99976}, Zoom: 1
[EnemyManager] Enemigo activo en posición: {X:1055,3262 Y:1055,3262}
[EnemyManager] Enemigos activos: 1
[EnemyRenderer] Dibujando enemigo en posición: {X:1055,4928 Y:1055,4928}
[EnemyRenderer] Enemigos activos para dibujar: 1
[Camera] Posición: {X:821,99976 Y:901,99976}, Zoom: 1
[EnemyManager] Enemigo activo en posición: {X:1055,4928 Y:1055,4928}
[EnemyManager] Enemigos activos: 1
[EnemyRenderer] Dibujando enemigo en posición: {X:1055,6594 Y:1055,6594}
[EnemyRenderer] Enemigos activos para dibujar: 1
[Camera] Posición: {X:821,99976 Y:901,99976}, Zoom: 1
[EnemyManager] Enemigo activo en posición: {X:1055,6594 Y:1055,6594}
[EnemyManager] Enemigos activos: 1
[EnemyRenderer] Dibujando enemigo en posición: {X:1055,826 Y:1055,826}
[EnemyRenderer] Enemigos activos para dibujar: 1
[Camera] Posición: {X:821,99976 Y:901,99976}, Zoom: 1
[EnemyManager] Enemigo activo en posición: {X:1055,826 Y:1055,826}
[EnemyManager] Enemigos activos: 1
[EnemyRenderer] Dibujando enemigo en posición: {X:1055,9927 Y:1055,9927}
[EnemyRenderer] Enemigos activos para dibujar: 1
[Camera] Posición: {X:821,99976 Y:901,99976}, Zoom: 1
[EnemyManager] Enemigo activo en posición: {X:1055,9927 Y:1055,9927}
[EnemyManager] Enemigos activos: 1
[EnemyRenderer] Dibujando enemigo en posición: {X:1056,1593 Y:1056,1593}
[EnemyRenderer] Enemigos activos para dibujar: 1
[Camera] Posición: {X:821,99976 Y:901,99976}, Zoom: 1
[EnemyManager] Enemigo activo en posición: {X:1056,1593 Y:1056,1593}
[EnemyManager] Enemigos activos: 1
[EnemyRenderer] Dibujando enemigo en posición: {X:1056,3259 Y:1056,3259}
[EnemyRenderer] Enemigos activos para dibujar: 1
[Camera] Posición: {X:821,99976 Y:901,99976}, Zoom: 1
[EnemyManager] Enemigo activo en posición: {X:1056,3259 Y:1056,3259}
[EnemyManager] Enemigos activos: 1
[EnemyRenderer] Dibujando enemigo en posición: {X:1056,4926 Y:1056,4926}
[EnemyRenderer] Enemigos activos para dibujar: 1
[Camera] Posición: {X:821,99976 Y:901,99976}, Zoom: 1
[EnemyManager] Enemigo activo en posición: {X:1056,4926 Y:1056,4926}
[EnemyManager] Enemigos activos: 1
[EnemyRenderer] Dibujando enemigo en posición: {X:1056,6592 Y:1056,6592}
[EnemyRenderer] Enemigos activos para dibujar: 1
[Camera] Posición: {X:821,99976 Y:901,99976}, Zoom: 1
[EnemyManager] Enemigo activo en posición: {X:1056,6592 Y:1056,6592}
[EnemyManager] Enemigos activos: 1
[EnemyRenderer] Dibujando enemigo en posición: {X:1056,8258 Y:1056,8258}
[EnemyRenderer] Enemigos activos para dibujar: 1
[Camera] Posición: {X:821,99976 Y:901,99976}, Zoom: 1
[EnemyManager] Enemigo activo en posición: {X:1056,8258 Y:1056,8258}
[EnemyManager] Enemigos activos: 1
[EnemyRenderer] Dibujando enemigo en posición: {X:1056,9924 Y:1056,9924}
[EnemyRenderer] Enemigos activos para dibujar: 1
[Camera] Posición: {X:821,99976 Y:901,99976}, Zoom: 1
[EnemyManager] Enemigo activo en posición: {X:1056,9924 Y:1056,9924}
[EnemyManager] Enemigos activos: 1
[EnemyRenderer] Dibujando enemigo en posición: {X:1057,159 Y:1057,159}
[EnemyRenderer] Enemigos activos para dibujar: 1
[Camera] Posición: {X:821,99976 Y:901,99976}, Zoom: 1
[EnemyManager] Enemigo activo en posición: {X:1057,159 Y:1057,159}
[EnemyManager] Enemigos activos: 1
[EnemyRenderer] Dibujando enemigo en posición: {X:1057,3257 Y:1057,3257}
[EnemyRenderer] Enemigos activos para dibujar: 1
[Camera] Posición: {X:821,99976 Y:901,99976}, Zoom: 1
[EnemyManager] Enemigo activo en posición: {X:1057,3257 Y:1057,3257}
[EnemyManager] Enemigos activos: 1
[EnemyRenderer] Dibujando enemigo en posición: {X:1057,4923 Y:1057,4923}
[EnemyRenderer] Enemigos activos para dibujar: 1
[Camera] Posición: {X:821,99976 Y:901,99976}, Zoom: 1
[EnemyManager] Enemigo activo en posición: {X:1057,4923 Y:1057,4923}
[EnemyManager] Enemigos activos: 1
[EnemyRenderer] Dibujando enemigo en posición: {X:1057,6589 Y:1057,6589}
[EnemyRenderer] Enemigos activos para dibujar: 1
[Camera] Posición: {X:821,99976 Y:901,99976}, Zoom: 1
[EnemyManager] Enemigo activo en posición: {X:1057,6589 Y:1057,6589}
[EnemyManager] Enemigos activos: 1
[EnemyRenderer] Dibujando enemigo en posición: {X:1057,8256 Y:1057,8256}
[EnemyRenderer] Enemigos activos para dibujar: 1
[Camera] Posición: {X:821,99976 Y:901,99976}, Zoom: 1
[EnemyManager] Enemigo activo en posición: {X:1057,8256 Y:1057,8256}
[EnemyManager] Enemigos activos: 1
[EnemyRenderer] Dibujando enemigo en posición: {X:1057,9922 Y:1057,9922}
[EnemyRenderer] Enemigos activos para dibujar: 1
[Camera] Posición: {X:821,99976 Y:901,99976}, Zoom: 1
[EnemyManager] Enemigo activo en posición: {X:1057,9922 Y:1057,9922}
[EnemyManager] Enemigos activos: 1
[EnemyRenderer] Dibujando enemigo en posición: {X:1058,1588 Y:1058,1588}
[EnemyRenderer] Enemigos activos para dibujar: 1
[Camera] Posición: {X:821,99976 Y:901,99976}, Zoom: 1
[EnemyManager] Enemigo activo en posición: {X:1058,1588 Y:1058,1588}
[EnemyManager] Enemigos activos: 1
[EnemyRenderer] Dibujando enemigo en posición: {X:1058,3254 Y:1058,3254}
[EnemyRenderer] Enemigos activos para dibujar: 1
[Camera] Posición: {X:821,99976 Y:901,99976}, Zoom: 1
[EnemyManager] Enemigo activo en posición: {X:1058,3254 Y:1058,3254}
[EnemyManager] Enemigos activos: 1
[EnemyRenderer] Dibujando enemigo en posición: {X:1058,4921 Y:1058,4921}
[EnemyRenderer] Enemigos activos para dibujar: 1
[Camera] Posición: {X:821,99976 Y:901,99976}, Zoom: 1
[EnemyManager] Enemigo activo en posición: {X:1058,4921 Y:1058,4921}
[EnemyManager] Enemigos activos: 1
[EnemyRenderer] Dibujando enemigo en posición: {X:1058,6587 Y:1058,6587}
[EnemyRenderer] Enemigos activos para dibujar: 1
[Camera] Posición: {X:821,99976 Y:901,99976}, Zoom: 1
[EnemyManager] Enemigo activo en posición: {X:1058,6587 Y:1058,6587}
[EnemyManager] Enemigos activos: 1
[EnemyRenderer] Dibujando enemigo en posición: {X:1058,8253 Y:1058,8253}
[EnemyRenderer] Enemigos activos para dibujar: 1
[Camera] Posición: {X:821,99976 Y:901,99976}, Zoom: 1
[EnemyManager] Enemigo activo en posición: {X:1058,8253 Y:1058,8253}
[EnemyManager] Enemigos activos: 1
[EnemyRenderer] Dibujando enemigo en posición: {X:1058,992 Y:1058,992}
[EnemyRenderer] Enemigos activos para dibujar: 1
[Camera] Posición: {X:821,99976 Y:901,99976}, Zoom: 1
[EnemyManager] Enemigo activo en posición: {X:1058,992 Y:1058,992}
[EnemyManager] Enemigos activos: 1
[EnemyRenderer] Dibujando enemigo en posición: {X:1059,1586 Y:1059,1586}
[EnemyRenderer] Enemigos activos para dibujar: 1
[Camera] Posición: {X:821,99976 Y:901,99976}, Zoom: 1
[EnemyManager] Enemigo activo en posición: {X:1059,1586 Y:1059,1586}
[EnemyManager] Enemigos activos: 1
[EnemyRenderer] Dibujando enemigo en posición: {X:1059,3252 Y:1059,3252}
[EnemyRenderer] Enemigos activos para dibujar: 1
[Camera] Posición: {X:821,99976 Y:901,99976}, Zoom: 1
[EnemyManager] Enemigo activo en posición: {X:1059,3252 Y:1059,3252}
[EnemyManager] Enemigos activos: 1
[EnemyRenderer] Dibujando enemigo en posición: {X:1059,4918 Y:1059,4918}
[EnemyRenderer] Enemigos activos para dibujar: 1
[Camera] Posición: {X:821,99976 Y:901,99976}, Zoom: 1
[EnemyManager] Enemigo activo en posición: {X:1059,4918 Y:1059,4918}
[EnemyManager] Enemigos activos: 1
[EnemyRenderer] Dibujando enemigo en posición: {X:1059,6584 Y:1059,6584}
[EnemyRenderer] Enemigos activos para dibujar: 1
[Camera] Posición: {X:821,99976 Y:901,99976}, Zoom: 1
[EnemyManager] Enemigo activo en posición: {X:1059,6584 Y:1059,6584}
[EnemyManager] Enemigos activos: 1
[EnemyRenderer] Dibujando enemigo en posición: {X:1059,8251 Y:1059,8251}
[EnemyRenderer] Enemigos activos para dibujar: 1
[Camera] Posición: {X:821,99976 Y:901,99976}, Zoom: 1
[EnemyManager] Enemigo activo en posición: {X:1059,8251 Y:1059,8251}
[EnemyManager] Enemigos activos: 1
[EnemyRenderer] Dibujando enemigo en posición: {X:1059,9917 Y:1059,9917}
[EnemyRenderer] Enemigos activos para dibujar: 1
[Camera] Posición: {X:821,99976 Y:901,99976}, Zoom: 1
[EnemyManager] Enemigo activo en posición: {X:1059,9917 Y:1059,9917}
[EnemyManager] Enemigos activos: 1
[EnemyRenderer] Dibujando enemigo en posición: {X:1060,1583 Y:1060,1583}
[EnemyRenderer] Enemigos activos para dibujar: 1
[Camera] Posición: {X:821,99976 Y:901,99976}, Zoom: 1
[EnemyManager] Enemigo activo en posición: {X:1060,1583 Y:1060,1583}
[EnemyManager] Enemigos activos: 1
[EnemyRenderer] Dibujando enemigo en posición: {X:1060,325 Y:1060,325}
[EnemyRenderer] Enemigos activos para dibujar: 1
[Camera] Posición: {X:821,99976 Y:901,99976}, Zoom: 1
[EnemyManager] Enemigo activo en posición: {X:1060,325 Y:1060,325}
[EnemyManager] Enemigos activos: 1
[EnemyRenderer] Dibujando enemigo en posición: {X:1060,4916 Y:1060,4916}
[EnemyRenderer] Enemigos activos para dibujar: 1
[Camera] Posición: {X:821,99976 Y:901,99976}, Zoom: 1
[EnemyManager] Enemigo activo en posición: {X:1060,4916 Y:1060,4916}
[EnemyManager] Enemigos activos: 1
[EnemyRenderer] Dibujando enemigo en posición: {X:1060,6582 Y:1060,6582}
[EnemyRenderer] Enemigos activos para dibujar: 1
[Camera] Posición: {X:821,99976 Y:901,99976}, Zoom: 1
[EnemyManager] Enemigo activo en posición: {X:1060,6582 Y:1060,6582}
[EnemyManager] Enemigos activos: 1
[EnemyRenderer] Dibujando enemigo en posición: {X:1060,8248 Y:1060,8248}
[EnemyRenderer] Enemigos activos para dibujar: 1
[Camera] Posición: {X:821,99976 Y:901,99976}, Zoom: 1
[EnemyManager] Enemigo activo en posición: {X:1060,8248 Y:1060,8248}
[EnemyManager] Enemigos activos: 1
[EnemyRenderer] Dibujando enemigo en posición: {X:1060,9915 Y:1060,9915}
[EnemyRenderer] Enemigos activos para dibujar: 1
[Camera] Posición: {X:821,99976 Y:901,99976}, Zoom: 1
[EnemyManager] Enemigo activo en posición: {X:1060,9915 Y:1060,9915}
[EnemyManager] Enemigos activos: 1
[EnemyRenderer] Dibujando enemigo en posición: {X:1061,1581 Y:1061,1581}
[EnemyRenderer] Enemigos activos para dibujar: 1
[Camera] Posición: {X:821,99976 Y:901,99976}, Zoom: 1
[EnemyManager] Enemigo activo en posición: {X:1061,1581 Y:1061,1581}
[EnemyManager] Enemigos activos: 1
[EnemyRenderer] Dibujando enemigo en posición: {X:1061,3247 Y:1061,3247}
[EnemyRenderer] Enemigos activos para dibujar: 1
[Camera] Posición: {X:821,99976 Y:901,99976}, Zoom: 1
[EnemyManager] Enemigo activo en posición: {X:1061,3247 Y:1061,3247}
[EnemyManager] Enemigos activos: 1
[EnemyRenderer] Dibujando enemigo en posición: {X:1061,4913 Y:1061,4913}
[EnemyRenderer] Enemigos activos para dibujar: 1
[Camera] Posición: {X:821,99976 Y:901,99976}, Zoom: 1
[EnemyManager] Enemigo activo en posición: {X:1061,4913 Y:1061,4913}
[EnemyManager] Enemigos activos: 1
[EnemyRenderer] Dibujando enemigo en posición: {X:1061,658 Y:1061,658}
[EnemyRenderer] Enemigos activos para dibujar: 1
[Camera] Posición: {X:821,99976 Y:901,99976}, Zoom: 1
[EnemyManager] Enemigo activo en posición: {X:1061,658 Y:1061,658}
[EnemyManager] Enemigos activos: 1
[EnemyRenderer] Dibujando enemigo en posición: {X:1061,8246 Y:1061,8246}
[EnemyRenderer] Enemigos activos para dibujar: 1
[Camera] Posición: {X:821,99976 Y:901,99976}, Zoom: 1
[EnemyManager] Enemigo activo en posición: {X:1061,8246 Y:1061,8246}
[EnemyManager] Enemigos activos: 1
[EnemyRenderer] Dibujando enemigo en posición: {X:1061,9912 Y:1061,9912}
[EnemyRenderer] Enemigos activos para dibujar: 1
[Camera] Posición: {X:821,99976 Y:901,99976}, Zoom: 1
[EnemyManager] Enemigo activo en posición: {X:1061,9912 Y:1061,9912}
[EnemyManager] Enemigos activos: 1
[EnemyRenderer] Dibujando enemigo en posición: {X:1062,1578 Y:1062,1578}
[EnemyRenderer] Enemigos activos para dibujar: 1
[Camera] Posición: {X:821,99976 Y:901,99976}, Zoom: 1
[EnemyManager] Enemigo activo en posición: {X:1062,1578 Y:1062,1578}
[EnemyManager] Enemigos activos: 1
[EnemyRenderer] Dibujando enemigo en posición: {X:1062,3245 Y:1062,3245}
[EnemyRenderer] Enemigos activos para dibujar: 1
[Camera] Posición: {X:821,99976 Y:901,99976}, Zoom: 1
[EnemyManager] Enemigo activo en posición: {X:1062,3245 Y:1062,3245}
[EnemyManager] Enemigos activos: 1
[EnemyRenderer] Dibujando enemigo en posición: {X:1062,4911 Y:1062,4911}
[EnemyRenderer] Enemigos activos para dibujar: 1
[Camera] Posición: {X:821,99976 Y:901,99976}, Zoom: 1
[EnemyManager] Enemigo activo en posición: {X:1062,4911 Y:1062,4911}
[EnemyManager] Enemigos activos: 1
[EnemyRenderer] Dibujando enemigo en posición: {X:1062,6577 Y:1062,6577}
[EnemyRenderer] Enemigos activos para dibujar: 1
[Camera] Posición: {X:821,99976 Y:901,99976}, Zoom: 1
[EnemyManager] Enemigo activo en posición: {X:1062,6577 Y:1062,6577}
[EnemyManager] Enemigos activos: 1
[EnemyRenderer] Dibujando enemigo en posición: {X:1062,8243 Y:1062,8243}
[EnemyRenderer] Enemigos activos para dibujar: 1
[Camera] Posición: {X:821,99976 Y:901,99976}, Zoom: 1
[EnemyManager] Enemigo activo en posición: {X:1062,8243 Y:1062,8243}
[EnemyManager] Enemigos activos: 1
[EnemyRenderer] Dibujando enemigo en posición: {X:1062,991 Y:1062,991}
[EnemyRenderer] Enemigos activos para dibujar: 1
[Camera] Posición: {X:821,99976 Y:901,99976}, Zoom: 1
[EnemyManager] Enemigo activo en posición: {X:1062,991 Y:1062,991}
[EnemyManager] Enemigos activos: 1
[EnemyRenderer] Dibujando enemigo en posición: {X:1063,1576 Y:1063,1576}
[EnemyRenderer] Enemigos activos para dibujar: 1
[Camera] Posición: {X:821,99976 Y:901,99976}, Zoom: 1
[EnemyManager] Enemigo activo en posición: {X:1063,1576 Y:1063,1576}
[EnemyManager] Enemigos activos: 1
[EnemyRenderer] Dibujando enemigo en posición: {X:1063,3242 Y:1063,3242}
[EnemyRenderer] Enemigos activos para dibujar: 1
[Camera] Posición: {X:821,99976 Y:901,99976}, Zoom: 1
[EnemyManager] Enemigo activo en posición: {X:1063,3242 Y:1063,3242}
[EnemyManager] Enemigos activos: 1
[EnemyRenderer] Dibujando enemigo en posición: {X:1063,4908 Y:1063,4908}
[EnemyRenderer] Enemigos activos para dibujar: 1
[Camera] Posición: {X:821,99976 Y:901,99976}, Zoom: 1
[EnemyManager] Enemigo activo en posición: {X:1063,4908 Y:1063,4908}
[EnemyManager] Enemigos activos: 1
[EnemyRenderer] Dibujando enemigo en posición: {X:1063,6575 Y:1063,6575}
[EnemyRenderer] Enemigos activos para dibujar: 1
[Camera] Posición: {X:821,99976 Y:901,99976}, Zoom: 1
[EnemyManager] Enemigo activo en posición: {X:1063,6575 Y:1063,6575}
[EnemyManager] Enemigos activos: 1
[EnemyRenderer] Dibujando enemigo en posición: {X:1063,8241 Y:1063,8241}
[EnemyRenderer] Enemigos activos para dibujar: 1
[Camera] Posición: {X:821,99976 Y:901,99976}, Zoom: 1
[EnemyManager] Enemigo activo en posición: {X:1063,8241 Y:1063,8241}
[EnemyManager] Enemigos activos: 1
[EnemyRenderer] Dibujando enemigo en posición: {X:1063,9907 Y:1063,9907}
[EnemyRenderer] Enemigos activos para dibujar: 1
[Camera] Posición: {X:821,99976 Y:901,99976}, Zoom: 1
[EnemyManager] Enemigo activo en posición: {X:1063,9907 Y:1063,9907}
[EnemyManager] Enemigos activos: 1
[EnemyRenderer] Dibujando enemigo en posición: {X:1064,1573 Y:1064,1573}
[EnemyRenderer] Enemigos activos para dibujar: 1
[Camera] Posición: {X:821,99976 Y:901,99976}, Zoom: 1
[EnemyManager] Enemigo activo en posición: {X:1064,1573 Y:1064,1573}
[EnemyManager] Enemigos activos: 1
[EnemyRenderer] Dibujando enemigo en posición: {X:1064,324 Y:1064,324}
[EnemyRenderer] Enemigos activos para dibujar: 1
[Camera] Posición: {X:821,99976 Y:901,99976}, Zoom: 1
[EnemyManager] Enemigo activo en posición: {X:1064,324 Y:1064,324}
[EnemyManager] Enemigos activos: 1
[EnemyRenderer] Dibujando enemigo en posición: {X:1064,4906 Y:1064,4906}
[EnemyRenderer] Enemigos activos para dibujar: 1
[Camera] Posición: {X:821,99976 Y:901,99976}, Zoom: 1
[EnemyManager] Enemigo activo en posición: {X:1064,4906 Y:1064,4906}
[EnemyManager] Enemigos activos: 1
[EnemyRenderer] Dibujando enemigo en posición: {X:1064,6572 Y:1064,6572}
[EnemyRenderer] Enemigos activos para dibujar: 1
[Camera] Posición: {X:821,99976 Y:901,99976}, Zoom: 1
[EnemyManager] Enemigo activo en posición: {X:1064,6572 Y:1064,6572}
[EnemyManager] Enemigos activos: 1
[EnemyRenderer] Dibujando enemigo en posición: {X:1064,8239 Y:1064,8239}
[EnemyRenderer] Enemigos activos para dibujar: 1
[Camera] Posición: {X:821,99976 Y:901,99976}, Zoom: 1
[EnemyManager] Enemigo activo en posición: {X:1064,8239 Y:1064,8239}
[EnemyManager] Enemigos activos: 1
[EnemyRenderer] Dibujando enemigo en posición: {X:1064,9905 Y:1064,9905}
[EnemyRenderer] Enemigos activos para dibujar: 1
[Camera] Posición: {X:821,99976 Y:901,99976}, Zoom: 1
[EnemyManager] Enemigo activo en posición: {X:1064,9905 Y:1064,9905}
[EnemyManager] Enemigos activos: 1
[EnemyRenderer] Dibujando enemigo en posición: {X:1065,1571 Y:1065,1571}
[EnemyRenderer] Enemigos activos para dibujar: 1
[Camera] Posición: {X:821,99976 Y:901,99976}, Zoom: 1
[EnemyManager] Enemigo activo en posición: {X:1065,1571 Y:1065,1571}
[EnemyManager] Enemigos activos: 1
[EnemyRenderer] Dibujando enemigo en posición: {X:1065,3237 Y:1065,3237}
[EnemyRenderer] Enemigos activos para dibujar: 1
[Camera] Posición: {X:821,99976 Y:901,99976}, Zoom: 1
[EnemyManager] Enemigo activo en posición: {X:1065,3237 Y:1065,3237}
[EnemyManager] Enemigos activos: 1
[EnemyRenderer] Dibujando enemigo en posición: {X:1065,4904 Y:1065,4904}
[EnemyRenderer] Enemigos activos para dibujar: 1
[Camera] Posición: {X:821,99976 Y:901,99976}, Zoom: 1
[EnemyManager] Enemigo activo en posición: {X:1065,4904 Y:1065,4904}
[EnemyManager] Enemigos activos: 1
[EnemyRenderer] Dibujando enemigo en posición: {X:1065,657 Y:1065,657}
[EnemyRenderer] Enemigos activos para dibujar: 1
[Camera] Posición: {X:821,99976 Y:901,99976}, Zoom: 1
[EnemyManager] Enemigo activo en posición: {X:1065,657 Y:1065,657}
[EnemyManager] Enemigos activos: 1
[EnemyRenderer] Dibujando enemigo en posición: {X:1065,8236 Y:1065,8236}
[EnemyRenderer] Enemigos activos para dibujar: 1
[Camera] Posición: {X:821,99976 Y:901,99976}, Zoom: 1
[EnemyManager] Enemigo activo en posición: {X:1065,8236 Y:1065,8236}
[EnemyManager] Enemigos activos: 1
[EnemyRenderer] Dibujando enemigo en posición: {X:1065,9902 Y:1065,9902}
[EnemyRenderer] Enemigos activos para dibujar: 1
[Camera] Posición: {X:821,99976 Y:901,99976}, Zoom: 1
[EnemyManager] Enemigo activo en posición: {X:1065,9902 Y:1065,9902}
[EnemyManager] Enemigos activos: 1
[EnemyRenderer] Dibujando enemigo en posición: {X:1066,1569 Y:1066,1569}
[EnemyRenderer] Enemigos activos para dibujar: 1
[Camera] Posición: {X:821,99976 Y:901,99976}, Zoom: 1
[EnemyManager] Enemigo activo en posición: {X:1066,1569 Y:1066,1569}
[EnemyManager] Enemigos activos: 1
[EnemyRenderer] Dibujando enemigo en posición: {X:1066,3235 Y:1066,3235}
[EnemyRenderer] Enemigos activos para dibujar: 1
[Camera] Posición: {X:821,99976 Y:901,99976}, Zoom: 1
[EnemyManager] Enemigo activo en posición: {X:1066,3235 Y:1066,3235}
[EnemyManager] Enemigos activos: 1
[EnemyRenderer] Dibujando enemigo en posición: {X:1066,4901 Y:1066,4901}
[EnemyRenderer] Enemigos activos para dibujar: 1
[Camera] Posición: {X:821,99976 Y:901,99976}, Zoom: 1
[EnemyManager] Enemigo activo en posición: {X:1066,4901 Y:1066,4901}
[EnemyManager] Enemigos activos: 1
[EnemyRenderer] Dibujando enemigo en posición: {X:1066,6567 Y:1066,6567}
[EnemyRenderer] Enemigos activos para dibujar: 1
[Camera] Posición: {X:821,99976 Y:901,99976}, Zoom: 1
[EnemyManager] Enemigo activo en posición: {X:1066,6567 Y:1066,6567}
[EnemyManager] Enemigos activos: 1
[EnemyRenderer] Dibujando enemigo en posición: {X:1066,8234 Y:1066,8234}
[EnemyRenderer] Enemigos activos para dibujar: 1
[Camera] Posición: {X:821,99976 Y:901,99976}, Zoom: 1
[EnemyManager] Enemigo activo en posición: {X:1066,8234 Y:1066,8234}
[EnemyManager] Enemigos activos: 1
[EnemyRenderer] Dibujando enemigo en posición: {X:1066,99 Y:1066,99}
[EnemyRenderer] Enemigos activos para dibujar: 1
[Camera] Posición: {X:821,99976 Y:901,99976}, Zoom: 1
[EnemyManager] Enemigo activo en posición: {X:1066,99 Y:1066,99}
[EnemyManager] Enemigos activos: 1
[EnemyRenderer] Dibujando enemigo en posición: {X:1067,1566 Y:1067,1566}
[EnemyRenderer] Enemigos activos para dibujar: 1
[Camera] Posición: {X:821,99976 Y:901,99976}, Zoom: 1
[EnemyManager] Enemigo activo en posición: {X:1067,1566 Y:1067,1566}
[EnemyManager] Enemigos activos: 1
[EnemyRenderer] Dibujando enemigo en posición: {X:1067,3232 Y:1067,3232}
[EnemyRenderer] Enemigos activos para dibujar: 1
[Camera] Posición: {X:821,99976 Y:901,99976}, Zoom: 1
[EnemyManager] Enemigo activo en posición: {X:1067,3232 Y:1067,3232}
[EnemyManager] Enemigos activos: 1
[EnemyRenderer] Dibujando enemigo en posición: {X:1067,4899 Y:1067,4899}
[EnemyRenderer] Enemigos activos para dibujar: 1
[Camera] Posición: {X:821,99976 Y:901,99976}, Zoom: 1
[EnemyManager] Enemigo activo en posición: {X:1067,4899 Y:1067,4899}
[EnemyManager] Enemigos activos: 1
[EnemyRenderer] Dibujando enemigo en posición: {X:1067,6565 Y:1067,6565}
[EnemyRenderer] Enemigos activos para dibujar: 1
[Camera] Posición: {X:821,99976 Y:901,99976}, Zoom: 1
[EnemyManager] Enemigo activo en posición: {X:1067,6565 Y:1067,6565}
[EnemyManager] Enemigos activos: 1
[EnemyRenderer] Dibujando enemigo en posición: {X:1067,8231 Y:1067,8231}
[EnemyRenderer] Enemigos activos para dibujar: 1
[Camera] Posición: {X:821,99976 Y:901,99976}, Zoom: 1
[EnemyManager] Enemigo activo en posición: {X:1067,8231 Y:1067,8231}
[EnemyManager] Enemigos activos: 1
[EnemyRenderer] Dibujando enemigo en posición: {X:1067,9897 Y:1067,9897}
[EnemyRenderer] Enemigos activos para dibujar: 1
[Camera] Posición: {X:821,99976 Y:901,99976}, Zoom: 1
[EnemyManager] Enemigo activo en posición: {X:1067,9897 Y:1067,9897}
[EnemyManager] Enemigos activos: 1
[EnemyRenderer] Dibujando enemigo en posición: {X:1068,1564 Y:1068,1564}
[EnemyRenderer] Enemigos activos para dibujar: 1
[Camera] Posición: {X:821,99976 Y:901,99976}, Zoom: 1
[EnemyManager] Enemigo activo en posición: {X:1068,1564 Y:1068,1564}
[EnemyManager] Enemigos activos: 1
[EnemyRenderer] Dibujando enemigo en posición: {X:1068,323 Y:1068,323}
[EnemyRenderer] Enemigos activos para dibujar: 1
[Camera] Posición: {X:821,99976 Y:901,99976}, Zoom: 1
[EnemyManager] Enemigo activo en posición: {X:1068,323 Y:1068,323}
[EnemyManager] Enemigos activos: 1
[EnemyRenderer] Dibujando enemigo en posición: {X:1068,4896 Y:1068,4896}
[EnemyRenderer] Enemigos activos para dibujar: 1
[Camera] Posición: {X:821,99976 Y:901,99976}, Zoom: 1
[EnemyManager] Enemigo activo en posición: {X:1068,4896 Y:1068,4896}
[EnemyManager] Enemigos activos: 1
[EnemyRenderer] Dibujando enemigo en posición: {X:1068,6562 Y:1068,6562}
[EnemyRenderer] Enemigos activos para dibujar: 1
[Camera] Posición: {X:821,99976 Y:901,99976}, Zoom: 1
[EnemyManager] Enemigo activo en posición: {X:1068,6562 Y:1068,6562}
[EnemyManager] Enemigos activos: 1
[EnemyRenderer] Dibujando enemigo en posición: {X:1068,8229 Y:1068,8229}
[EnemyRenderer] Enemigos activos para dibujar: 1
[Camera] Posición: {X:821,99976 Y:901,99976}, Zoom: 1
[EnemyManager] Enemigo activo en posición: {X:1068,8229 Y:1068,8229}
[EnemyManager] Enemigos activos: 1
[EnemyRenderer] Dibujando enemigo en posición: {X:1068,9895 Y:1068,9895}
[EnemyRenderer] Enemigos activos para dibujar: 1
[Camera] Posición: {X:821,99976 Y:901,99976}, Zoom: 1
[EnemyManager] Enemigo activo en posición: {X:1068,9895 Y:1068,9895}
[EnemyManager] Enemigos activos: 1
[EnemyRenderer] Dibujando enemigo en posición: {X:1069,1561 Y:1069,1561}
[EnemyRenderer] Enemigos activos para dibujar: 1
[Camera] Posición: {X:821,99976 Y:901,99976}, Zoom: 1
[EnemyManager] Enemigo activo en posición: {X:1069,1561 Y:1069,1561}
[EnemyManager] Enemigos activos: 1
[EnemyRenderer] Dibujando enemigo en posición: {X:1069,3228 Y:1069,3228}
[EnemyRenderer] Enemigos activos para dibujar: 1
[Camera] Posición: {X:821,99976 Y:901,99976}, Zoom: 1
[EnemyManager] Enemigo activo en posición: {X:1069,3228 Y:1069,3228}
[EnemyManager] Enemigos activos: 1
[EnemyRenderer] Dibujando enemigo en posición: {X:1069,4894 Y:1069,4894}
[EnemyRenderer] Enemigos activos para dibujar: 1
[Camera] Posición: {X:821,99976 Y:901,99976}, Zoom: 1
[EnemyManager] Enemigo activo en posición: {X:1069,4894 Y:1069,4894}
[EnemyManager] Enemigos activos: 1
[EnemyRenderer] Dibujando enemigo en posición: {X:1069,656 Y:1069,656}
[EnemyRenderer] Enemigos activos para dibujar: 1
[Camera] Posición: {X:821,99976 Y:901,99976}, Zoom: 1
[EnemyManager] Enemigo activo en posición: {X:1069,656 Y:1069,656}
[EnemyManager] Enemigos activos: 1
[EnemyRenderer] Dibujando enemigo en posición: {X:1069,8226 Y:1069,8226}
[EnemyRenderer] Enemigos activos para dibujar: 1
[Camera] Posición: {X:821,99976 Y:901,99976}, Zoom: 1
[EnemyManager] Enemigo activo en posición: {X:1069,8226 Y:1069,8226}
[EnemyManager] Enemigos activos: 1
[EnemyRenderer] Dibujando enemigo en posición: {X:1069,9893 Y:1069,9893}
[EnemyRenderer] Enemigos activos para dibujar: 1
[Camera] Posición: {X:821,99976 Y:901,99976}, Zoom: 1
[EnemyManager] Enemigo activo en posición: {X:1069,9893 Y:1069,9893}
[EnemyManager] Enemigos activos: 1
[EnemyRenderer] Dibujando enemigo en posición: {X:1070,1559 Y:1070,1559}
[EnemyRenderer] Enemigos activos para dibujar: 1
[Camera] Posición: {X:821,99976 Y:901,99976}, Zoom: 1
[EnemyManager] Enemigo activo en posición: {X:1070,1559 Y:1070,1559}
[EnemyManager] Enemigos activos: 1
[EnemyRenderer] Dibujando enemigo en posición: {X:1070,3225 Y:1070,3225}
[EnemyRenderer] Enemigos activos para dibujar: 1
[Camera] Posición: {X:821,99976 Y:901,99976}, Zoom: 1
[EnemyManager] Enemigo activo en posición: {X:1070,3225 Y:1070,3225}
[EnemyManager] Enemigos activos: 1
[EnemyRenderer] Dibujando enemigo en posición: {X:1070,4891 Y:1070,4891}
[EnemyRenderer] Enemigos activos para dibujar: 1
[Camera] Posición: {X:821,99976 Y:901,99976}, Zoom: 1
[EnemyManager] Enemigo activo en posición: {X:1070,4891 Y:1070,4891}
[EnemyManager] Enemigos activos: 1
[EnemyRenderer] Dibujando enemigo en posición: {X:1070,6558 Y:1070,6558}
[EnemyRenderer] Enemigos activos para dibujar: 1
[Camera] Posición: {X:821,99976 Y:901,99976}, Zoom: 1
[EnemyManager] Enemigo activo en posición: {X:1070,6558 Y:1070,6558}
[EnemyManager] Enemigos activos: 1
[EnemyRenderer] Dibujando enemigo en posición: {X:1070,8224 Y:1070,8224}
[EnemyRenderer] Enemigos activos para dibujar: 1
[Camera] Posición: {X:821,99976 Y:901,99976}, Zoom: 1
[EnemyManager] Enemigo activo en posición: {X:1070,8224 Y:1070,8224}
[EnemyManager] Enemigos activos: 1
[EnemyRenderer] Dibujando enemigo en posición: {X:1070,989 Y:1070,989}
[EnemyRenderer] Enemigos activos para dibujar: 1
[Camera] Posición: {X:821,99976 Y:901,99976}, Zoom: 1
[EnemyManager] Enemigo activo en posición: {X:1070,989 Y:1070,989}
[EnemyManager] Enemigos activos: 1
[EnemyRenderer] Dibujando enemigo en posición: {X:1071,1556 Y:1071,1556}
[EnemyRenderer] Enemigos activos para dibujar: 1
[Camera] Posición: {X:821,99976 Y:901,99976}, Zoom: 1
[EnemyManager] Enemigo activo en posición: {X:1071,1556 Y:1071,1556}
[EnemyManager] Enemigos activos: 1
[EnemyRenderer] Dibujando enemigo en posición: {X:1071,3223 Y:1071,3223}
[EnemyRenderer] Enemigos activos para dibujar: 1
[Camera] Posición: {X:821,99976 Y:901,99976}, Zoom: 1
[EnemyManager] Enemigo activo en posición: {X:1071,3223 Y:1071,3223}
[EnemyManager] Enemigos activos: 1
[EnemyRenderer] Dibujando enemigo en posición: {X:1071,4889 Y:1071,4889}
[EnemyRenderer] Enemigos activos para dibujar: 1
[Camera] Posición: {X:821,99976 Y:901,99976}, Zoom: 1
[EnemyManager] Enemigo activo en posición: {X:1071,4889 Y:1071,4889}
[EnemyManager] Enemigos activos: 1
[EnemyRenderer] Dibujando enemigo en posición: {X:1071,6555 Y:1071,6555}
[EnemyRenderer] Enemigos activos para dibujar: 1
[Camera] Posición: {X:821,99976 Y:901,99976}, Zoom: 1
[EnemyManager] Enemigo activo en posición: {X:1071,6555 Y:1071,6555}
[EnemyManager] Enemigos activos: 1
[EnemyRenderer] Dibujando enemigo en posición: {X:1071,8221 Y:1071,8221}
[EnemyRenderer] Enemigos activos para dibujar: 1
[Camera] Posición: {X:821,99976 Y:901,99976}, Zoom: 1
[EnemyManager] Enemigo activo en posición: {X:1071,8221 Y:1071,8221}
[EnemyManager] Enemigos activos: 1
[EnemyRenderer] Dibujando enemigo en posición: {X:1071,9888 Y:1071,9888}
[EnemyRenderer] Enemigos activos para dibujar: 1
[Camera] Posición: {X:821,99976 Y:901,99976}, Zoom: 1
[EnemyManager] Enemigo activo en posición: {X:1071,9888 Y:1071,9888}
[EnemyManager] Enemigos activos: 1
[EnemyRenderer] Dibujando enemigo en posición: {X:1072,1554 Y:1072,1554}
[EnemyRenderer] Enemigos activos para dibujar: 1
[Camera] Posición: {X:821,99976 Y:901,99976}, Zoom: 1
[EnemyManager] Enemigo activo en posición: {X:1072,1554 Y:1072,1554}
[EnemyManager] Enemigos activos: 1
[EnemyRenderer] Dibujando enemigo en posición: {X:1072,322 Y:1072,322}
[EnemyRenderer] Enemigos activos para dibujar: 1
[Camera] Posición: {X:821,99976 Y:901,99976}, Zoom: 1
[EnemyManager] Enemigo activo en posición: {X:1072,322 Y:1072,322}
[EnemyManager] Enemigos activos: 1
[EnemyRenderer] Dibujando enemigo en posición: {X:1072,4886 Y:1072,4886}
[EnemyRenderer] Enemigos activos para dibujar: 1
[Camera] Posición: {X:821,99976 Y:901,99976}, Zoom: 1
[EnemyManager] Enemigo activo en posición: {X:1072,4886 Y:1072,4886}
[EnemyManager] Enemigos activos: 1
[EnemyRenderer] Dibujando enemigo en posición: {X:1072,6553 Y:1072,6553}
[EnemyRenderer] Enemigos activos para dibujar: 1
[Camera] Posición: {X:821,99976 Y:901,99976}, Zoom: 1
[EnemyManager] Enemigo activo en posición: {X:1072,6553 Y:1072,6553}
[EnemyManager] Enemigos activos: 1
[EnemyRenderer] Dibujando enemigo en posición: {X:1072,8219 Y:1072,8219}
[EnemyRenderer] Enemigos activos para dibujar: 1
[Camera] Posición: {X:821,99976 Y:901,99976}, Zoom: 1
[EnemyManager] Enemigo activo en posición: {X:1072,8219 Y:1072,8219}
[EnemyManager] Enemigos activos: 1
[EnemyRenderer] Dibujando enemigo en posición: {X:1072,9885 Y:1072,9885}
[EnemyRenderer] Enemigos activos para dibujar: 1
[Camera] Posición: {X:821,99976 Y:901,99976}, Zoom: 1
[EnemyManager] Enemigo activo en posición: {X:1072,9885 Y:1072,9885}
[EnemyManager] Enemigos activos: 1
[EnemyRenderer] Dibujando enemigo en posición: {X:1073,1552 Y:1073,1552}
[EnemyRenderer] Enemigos activos para dibujar: 1
[Camera] Posición: {X:821,99976 Y:901,99976}, Zoom: 1
[EnemyManager] Enemigo activo en posición: {X:1073,1552 Y:1073,1552}
[EnemyManager] Enemigos activos: 1
[EnemyRenderer] Dibujando enemigo en posición: {X:1073,3218 Y:1073,3218}
[EnemyRenderer] Enemigos activos para dibujar: 1
[Camera] Posición: {X:821,99976 Y:901,99976}, Zoom: 1
[EnemyManager] Enemigo activo en posición: {X:1073,3218 Y:1073,3218}
[EnemyManager] Enemigos activos: 1
[EnemyRenderer] Dibujando enemigo en posición: {X:1073,4884 Y:1073,4884}
[EnemyRenderer] Enemigos activos para dibujar: 1
[Camera] Posición: {X:821,99976 Y:901,99976}, Zoom: 1
[EnemyManager] Enemigo activo en posición: {X:1073,4884 Y:1073,4884}
[EnemyManager] Enemigos activos: 1
[EnemyRenderer] Dibujando enemigo en posición: {X:1073,655 Y:1073,655}
[EnemyRenderer] Enemigos activos para dibujar: 1
[Camera] Posición: {X:821,99976 Y:901,99976}, Zoom: 1
[EnemyManager] Enemigo activo en posición: {X:1073,655 Y:1073,655}
[EnemyManager] Enemigos activos: 1
[EnemyRenderer] Dibujando enemigo en posición: {X:1073,8217 Y:1073,8217}
[EnemyRenderer] Enemigos activos para dibujar: 1
[Camera] Posición: {X:821,99976 Y:901,99976}, Zoom: 1
[EnemyManager] Enemigo activo en posición: {X:1073,8217 Y:1073,8217}
[EnemyManager] Enemigos activos: 1
[EnemyRenderer] Dibujando enemigo en posición: {X:1073,9883 Y:1073,9883}
[EnemyRenderer] Enemigos activos para dibujar: 1
[Camera] Posición: {X:821,99976 Y:901,99976}, Zoom: 1
[EnemyManager] Enemigo activo en posición: {X:1073,9883 Y:1073,9883}
[EnemyManager] Enemigos activos: 1
[EnemyRenderer] Dibujando enemigo en posición: {X:1074,1549 Y:1074,1549}
[EnemyRenderer] Enemigos activos para dibujar: 1
[Camera] Posición: {X:821,99976 Y:901,99976}, Zoom: 1
[EnemyManager] Enemigo activo en posición: {X:1074,1549 Y:1074,1549}
[EnemyManager] Enemigos activos: 1
[EnemyRenderer] Dibujando enemigo en posición: {X:1074,3215 Y:1074,3215}
[EnemyRenderer] Enemigos activos para dibujar: 1
[Camera] Posición: {X:821,99976 Y:901,99976}, Zoom: 1
[EnemyManager] Enemigo activo en posición: {X:1074,3215 Y:1074,3215}
[EnemyManager] Enemigos activos: 1
[EnemyRenderer] Dibujando enemigo en posición: {X:1074,4882 Y:1074,4882}
[EnemyRenderer] Enemigos activos para dibujar: 1
[Camera] Posición: {X:821,99976 Y:901,99976}, Zoom: 1
[EnemyManager] Enemigo activo en posición: {X:1074,4882 Y:1074,4882}
[EnemyManager] Enemigos activos: 1
[EnemyRenderer] Dibujando enemigo en posición: {X:1074,6548 Y:1074,6548}
[EnemyRenderer] Enemigos activos para dibujar: 1
[Camera] Posición: {X:821,99976 Y:901,99976}, Zoom: 1
[EnemyManager] Enemigo activo en posición: {X:1074,6548 Y:1074,6548}
[EnemyManager] Enemigos activos: 1
[EnemyRenderer] Dibujando enemigo en posición: {X:1074,8214 Y:1074,8214}
[EnemyRenderer] Enemigos activos para dibujar: 1
[Camera] Posición: {X:821,99976 Y:901,99976}, Zoom: 1
[EnemyManager] Enemigo activo en posición: {X:1074,8214 Y:1074,8214}
[EnemyManager] Enemigos activos: 1
[EnemyRenderer] Dibujando enemigo en posición: {X:1074,988 Y:1074,988}
[EnemyRenderer] Enemigos activos para dibujar: 1
[Camera] Posición: {X:821,99976 Y:901,99976}, Zoom: 1
[EnemyManager] Enemigo activo en posición: {X:1074,988 Y:1074,988}
[EnemyManager] Enemigos activos: 1
[EnemyRenderer] Dibujando enemigo en posición: {X:1075,1547 Y:1075,1547}
[EnemyRenderer] Enemigos activos para dibujar: 1
[Camera] Posición: {X:821,99976 Y:901,99976}, Zoom: 1
[EnemyManager] Enemigo activo en posición: {X:1075,1547 Y:1075,1547}
[EnemyManager] Enemigos activos: 1
[EnemyRenderer] Dibujando enemigo en posición: {X:1075,3213 Y:1075,3213}
[EnemyRenderer] Enemigos activos para dibujar: 1
[Camera] Posición: {X:821,99976 Y:901,99976}, Zoom: 1
[EnemyManager] Enemigo activo en posición: {X:1075,3213 Y:1075,3213}
[EnemyManager] Enemigos activos: 1
[EnemyRenderer] Dibujando enemigo en posición: {X:1075,4879 Y:1075,4879}
[EnemyRenderer] Enemigos activos para dibujar: 1
[Camera] Posición: {X:821,99976 Y:901,99976}, Zoom: 1
[EnemyManager] Enemigo activo en posición: {X:1075,4879 Y:1075,4879}
[EnemyManager] Enemigos activos: 1
[EnemyRenderer] Dibujando enemigo en posición: {X:1075,6545 Y:1075,6545}
[EnemyRenderer] Enemigos activos para dibujar: 1
[Camera] Posición: {X:821,99976 Y:901,99976}, Zoom: 1
[EnemyManager] Enemigo activo en posición: {X:1075,6545 Y:1075,6545}
[EnemyManager] Enemigos activos: 1
[EnemyRenderer] Dibujando enemigo en posición: {X:1075,8212 Y:1075,8212}
[EnemyRenderer] Enemigos activos para dibujar: 1
[Camera] Posición: {X:821,99976 Y:901,99976}, Zoom: 1
[EnemyManager] Enemigo activo en posición: {X:1075,8212 Y:1075,8212}
[EnemyManager] Enemigos activos: 1
[EnemyRenderer] Dibujando enemigo en posición: {X:1075,9878 Y:1075,9878}
[EnemyRenderer] Enemigos activos para dibujar: 1
[Camera] Posición: {X:821,99976 Y:901,99976}, Zoom: 1
[EnemyManager] Enemigo activo en posición: {X:1075,9878 Y:1075,9878}
[EnemyManager] Enemigos activos: 1
[EnemyRenderer] Dibujando enemigo en posición: {X:1076,1544 Y:1076,1544}
[EnemyRenderer] Enemigos activos para dibujar: 1
[Camera] Posición: {X:821,99976 Y:901,99976}, Zoom: 1
[EnemyManager] Enemigo activo en posición: {X:1076,1544 Y:1076,1544}
[EnemyManager] Enemigos activos: 1
[EnemyRenderer] Dibujando enemigo en posición: {X:1076,321 Y:1076,321}
[EnemyRenderer] Enemigos activos para dibujar: 1
[Camera] Posición: {X:821,99976 Y:901,99976}, Zoom: 1
[EnemyManager] Enemigo activo en posición: {X:1076,321 Y:1076,321}
[EnemyManager] Enemigos activos: 1
[EnemyRenderer] Dibujando enemigo en posición: {X:1076,4877 Y:1076,4877}
[EnemyRenderer] Enemigos activos para dibujar: 1
[Camera] Posición: {X:821,99976 Y:901,99976}, Zoom: 1
[EnemyManager] Enemigo activo en posición: {X:1076,4877 Y:1076,4877}
[EnemyManager] Enemigos activos: 1
[EnemyRenderer] Dibujando enemigo en posición: {X:1076,6543 Y:1076,6543}
[EnemyRenderer] Enemigos activos para dibujar: 1
[Camera] Posición: {X:821,99976 Y:901,99976}, Zoom: 1
[EnemyManager] Enemigo activo en posición: {X:1076,6543 Y:1076,6543}
[EnemyManager] Enemigos activos: 1
[EnemyRenderer] Dibujando enemigo en posición: {X:1076,8209 Y:1076,8209}
[EnemyRenderer] Enemigos activos para dibujar: 1
[Camera] Posición: {X:821,99976 Y:901,99976}, Zoom: 1
[EnemyManager] Enemigo activo en posición: {X:1076,8209 Y:1076,8209}
[EnemyManager] Enemigos activos: 1
[EnemyRenderer] Dibujando enemigo en posición: {X:1076,9875 Y:1076,9875}
[EnemyRenderer] Enemigos activos para dibujar: 1
[Camera] Posición: {X:821,99976 Y:901,99976}, Zoom: 1
[EnemyManager] Enemigo activo en posición: {X:1076,9875 Y:1076,9875}
[EnemyManager] Enemigos activos: 1
[EnemyRenderer] Dibujando enemigo en posición: {X:1077,1542 Y:1077,1542}
[EnemyRenderer] Enemigos activos para dibujar: 1
[Camera] Posición: {X:821,99976 Y:901,99976}, Zoom: 1
[EnemyManager] Enemigo activo en posición: {X:1077,1542 Y:1077,1542}
[EnemyManager] Enemigos activos: 1
[EnemyRenderer] Dibujando enemigo en posición: {X:1077,3208 Y:1077,3208}
[EnemyRenderer] Enemigos activos para dibujar: 1
[Camera] Posición: {X:821,99976 Y:901,99976}, Zoom: 1
[EnemyManager] Enemigo activo en posición: {X:1077,3208 Y:1077,3208}
[EnemyManager] Enemigos activos: 1
[EnemyRenderer] Dibujando enemigo en posición: {X:1077,4874 Y:1077,4874}
[EnemyRenderer] Enemigos activos para dibujar: 1
[Camera] Posición: {X:821,99976 Y:901,99976}, Zoom: 1
[EnemyManager] Enemigo activo en posición: {X:1077,4874 Y:1077,4874}
[EnemyManager] Enemigos activos: 1
[EnemyRenderer] Dibujando enemigo en posición: {X:1077,654 Y:1077,654}
[EnemyRenderer] Enemigos activos para dibujar: 1
[Camera] Posición: {X:821,99976 Y:901,99976}, Zoom: 1
[EnemyManager] Enemigo activo en posición: {X:1077,654 Y:1077,654}
[EnemyManager] Enemigos activos: 1
[EnemyRenderer] Dibujando enemigo en posición: {X:1077,8207 Y:1077,8207}
[EnemyRenderer] Enemigos activos para dibujar: 1
[Camera] Posición: {X:821,99976 Y:901,99976}, Zoom: 1
[EnemyManager] Enemigo activo en posición: {X:1077,8207 Y:1077,8207}
[EnemyManager] Enemigos activos: 1
[EnemyRenderer] Dibujando enemigo en posición: {X:1077,9873 Y:1077,9873}
[EnemyRenderer] Enemigos activos para dibujar: 1
[Camera] Posición: {X:821,99976 Y:901,99976}, Zoom: 1
[EnemyManager] Enemigo activo en posición: {X:1077,9873 Y:1077,9873}
[EnemyManager] Enemigos activos: 1
[EnemyRenderer] Dibujando enemigo en posición: {X:1078,1539 Y:1078,1539}
[EnemyRenderer] Enemigos activos para dibujar: 1
[Camera] Posición: {X:821,99976 Y:901,99976}, Zoom: 1
[EnemyManager] Enemigo activo en posición: {X:1078,1539 Y:1078,1539}
[EnemyManager] Enemigos activos: 1
[EnemyRenderer] Dibujando enemigo en posición: {X:1078,3206 Y:1078,3206}
[EnemyRenderer] Enemigos activos para dibujar: 1
[Camera] Posición: {X:821,99976 Y:901,99976}, Zoom: 1
[EnemyManager] Enemigo activo en posición: {X:1078,3206 Y:1078,3206}
[EnemyManager] Enemigos activos: 1
[EnemyRenderer] Dibujando enemigo en posición: {X:1078,4872 Y:1078,4872}
[EnemyRenderer] Enemigos activos para dibujar: 1
[Camera] Posición: {X:821,99976 Y:901,99976}, Zoom: 1
[EnemyManager] Enemigo activo en posición: {X:1078,4872 Y:1078,4872}
[EnemyManager] Enemigos activos: 1
[EnemyRenderer] Dibujando enemigo en posición: {X:1078,6538 Y:1078,6538}
[EnemyRenderer] Enemigos activos para dibujar: 1
[Camera] Posición: {X:821,99976 Y:901,99976}, Zoom: 1
[EnemyManager] Enemigo activo en posición: {X:1078,6538 Y:1078,6538}
[EnemyManager] Enemigos activos: 1
[EnemyRenderer] Dibujando enemigo en posición: {X:1078,8204 Y:1078,8204}
[EnemyRenderer] Enemigos activos para dibujar: 1
[Camera] Posición: {X:821,99976 Y:901,99976}, Zoom: 1
[EnemyManager] Enemigo activo en posición: {X:1078,8204 Y:1078,8204}
[EnemyManager] Enemigos activos: 1
[EnemyRenderer] Dibujando enemigo en posición: {X:1078,987 Y:1078,987}
[EnemyRenderer] Enemigos activos para dibujar: 1
[Camera] Posición: {X:821,99976 Y:901,99976}, Zoom: 1
[EnemyManager] Enemigo activo en posición: {X:1078,987 Y:1078,987}
[EnemyManager] Enemigos activos: 1
[EnemyRenderer] Dibujando enemigo en posición: {X:1079,1537 Y:1079,1537}
[EnemyRenderer] Enemigos activos para dibujar: 1
[Camera] Posición: {X:821,99976 Y:901,99976}, Zoom: 1
[EnemyManager] Enemigo activo en posición: {X:1079,1537 Y:1079,1537}
[EnemyManager] Enemigos activos: 1
[EnemyRenderer] Dibujando enemigo en posición: {X:1079,3203 Y:1079,3203}
[EnemyRenderer] Enemigos activos para dibujar: 1
[Camera] Posición: {X:821,99976 Y:901,99976}, Zoom: 1
[EnemyManager] Enemigo activo en posición: {X:1079,3203 Y:1079,3203}
[EnemyManager] Enemigos activos: 1
[EnemyRenderer] Dibujando enemigo en posición: {X:1079,4869 Y:1079,4869}
[EnemyRenderer] Enemigos activos para dibujar: 1
[Camera] Posición: {X:821,99976 Y:901,99976}, Zoom: 1
[EnemyManager] Enemigo activo en posición: {X:1079,4869 Y:1079,4869}
[EnemyManager] Enemigos activos: 1
[EnemyRenderer] Dibujando enemigo en posición: {X:1079,6536 Y:1079,6536}
[EnemyRenderer] Enemigos activos para dibujar: 1
[Camera] Posición: {X:821,99976 Y:901,99976}, Zoom: 1
[EnemyManager] Enemigo activo en posición: {X:1079,6536 Y:1079,6536}
[EnemyManager] Enemigos activos: 1
[EnemyRenderer] Dibujando enemigo en posición: {X:1079,8202 Y:1079,8202}
[EnemyRenderer] Enemigos activos para dibujar: 1
[Camera] Posición: {X:821,99976 Y:901,99976}, Zoom: 1
[EnemyManager] Enemigo activo en posición: {X:1079,8202 Y:1079,8202}
[EnemyManager] Enemigos activos: 1
[EnemyRenderer] Dibujando enemigo en posición: {X:1079,9868 Y:1079,9868}
[EnemyRenderer] Enemigos activos para dibujar: 1
[Camera] Posición: {X:821,99976 Y:901,99976}, Zoom: 1
[EnemyManager] Enemigo activo en posición: {X:1079,9868 Y:1079,9868}
[EnemyManager] Enemigos activos: 1
[EnemyRenderer] Dibujando enemigo en posición: {X:1080,1534 Y:1080,1534}
[EnemyRenderer] Enemigos activos para dibujar: 1
[Camera] Posición: {X:821,99976 Y:901,99976}, Zoom: 1
[EnemyManager] Enemigo activo en posición: {X:1080,1534 Y:1080,1534}
[EnemyManager] Enemigos activos: 1
[EnemyRenderer] Dibujando enemigo en posición: {X:1080,3201 Y:1080,3201}
[EnemyRenderer] Enemigos activos para dibujar: 1
[Camera] Posición: {X:821,99976 Y:901,99976}, Zoom: 1
[EnemyManager] Enemigo activo en posición: {X:1080,3201 Y:1080,3201}
[EnemyManager] Enemigos activos: 1
[EnemyRenderer] Dibujando enemigo en posición: {X:1080,4867 Y:1080,4867}
[EnemyRenderer] Enemigos activos para dibujar: 1
[Camera] Posición: {X:821,99976 Y:901,99976}, Zoom: 1
[EnemyManager] Enemigo activo en posición: {X:1080,4867 Y:1080,4867}
[EnemyManager] Enemigos activos: 1
[EnemyRenderer] Dibujando enemigo en posición: {X:1080,6533 Y:1080,6533}
[EnemyRenderer] Enemigos activos para dibujar: 1
[Camera] Posición: {X:821,99976 Y:901,99976}, Zoom: 1
[EnemyManager] Enemigo activo en posición: {X:1080,6533 Y:1080,6533}
[EnemyManager] Enemigos activos: 1
[EnemyRenderer] Dibujando enemigo en posición: {X:1080,82 Y:1080,82}
[EnemyRenderer] Enemigos activos para dibujar: 1
[Camera] Posición: {X:821,99976 Y:901,99976}, Zoom: 1
[EnemyManager] Enemigo activo en posición: {X:1080,82 Y:1080,82}
[EnemyManager] Enemigos activos: 1
[EnemyRenderer] Dibujando enemigo en posición: {X:1080,9866 Y:1080,9866}
[EnemyRenderer] Enemigos activos para dibujar: 1
[Camera] Posición: {X:821,99976 Y:901,99976}, Zoom: 1
[EnemyManager] Enemigo activo en posición: {X:1080,9866 Y:1080,9866}
[EnemyManager] Enemigos activos: 1
[EnemyRenderer] Dibujando enemigo en posición: {X:1081,1532 Y:1081,1532}
[EnemyRenderer] Enemigos activos para dibujar: 1
[Camera] Posición: {X:821,99976 Y:901,99976}, Zoom: 1
[EnemyManager] Enemigo activo en posición: {X:1081,1532 Y:1081,1532}
[EnemyManager] Enemigos activos: 1
[EnemyRenderer] Dibujando enemigo en posición: {X:1081,3198 Y:1081,3198}
[EnemyRenderer] Enemigos activos para dibujar: 1
[Camera] Posición: {X:821,99976 Y:901,99976}, Zoom: 1
[EnemyManager] Enemigo activo en posición: {X:1081,3198 Y:1081,3198}
[EnemyManager] Enemigos activos: 1
[EnemyRenderer] Dibujando enemigo en posición: {X:1081,4865 Y:1081,4865}
[EnemyRenderer] Enemigos activos para dibujar: 1
[Camera] Posición: {X:821,99976 Y:901,99976}, Zoom: 1
[EnemyManager] Enemigo activo en posición: {X:1081,4865 Y:1081,4865}
[EnemyManager] Enemigos activos: 1
[EnemyRenderer] Dibujando enemigo en posición: {X:1081,6531 Y:1081,6531}
[EnemyRenderer] Enemigos activos para dibujar: 1
[Camera] Posición: {X:821,99976 Y:901,99976}, Zoom: 1
[EnemyManager] Enemigo activo en posición: {X:1081,6531 Y:1081,6531}
[EnemyManager] Enemigos activos: 1
[EnemyRenderer] Dibujando enemigo en posición: {X:1081,8197 Y:1081,8197}
[EnemyRenderer] Enemigos activos para dibujar: 1
[Camera] Posición: {X:821,99976 Y:901,99976}, Zoom: 1
[EnemyManager] Enemigo activo en posición: {X:1081,8197 Y:1081,8197}
[EnemyManager] Enemigos activos: 1
[EnemyRenderer] Dibujando enemigo en posición: {X:1081,9863 Y:1081,9863}
[EnemyRenderer] Enemigos activos para dibujar: 1
[Camera] Posición: {X:821,99976 Y:901,99976}, Zoom: 1
[EnemyManager] Enemigo activo en posición: {X:1081,9863 Y:1081,9863}
[EnemyManager] Enemigos activos: 1
[EnemyRenderer] Dibujando enemigo en posición: {X:1082,153 Y:1082,153}
[EnemyRenderer] Enemigos activos para dibujar: 1
[Camera] Posición: {X:821,99976 Y:901,99976}, Zoom: 1
[EnemyManager] Enemigo activo en posición: {X:1082,153 Y:1082,153}
[EnemyManager] Enemigos activos: 1
[EnemyRenderer] Dibujando enemigo en posición: {X:1082,3196 Y:1082,3196}
[EnemyRenderer] Enemigos activos para dibujar: 1
[Camera] Posición: {X:821,99976 Y:901,99976}, Zoom: 1
[EnemyManager] Enemigo activo en posición: {X:1082,3196 Y:1082,3196}
[EnemyManager] Enemigos activos: 1
[EnemyRenderer] Dibujando enemigo en posición: {X:1082,4862 Y:1082,4862}
[EnemyRenderer] Enemigos activos para dibujar: 1
[Camera] Posición: {X:821,99976 Y:901,99976}, Zoom: 1
[EnemyManager] Enemigo activo en posición: {X:1082,4862 Y:1082,4862}
[EnemyManager] Enemigos activos: 1
[EnemyRenderer] Dibujando enemigo en posición: {X:1082,6528 Y:1082,6528}
[EnemyRenderer] Enemigos activos para dibujar: 1
[Camera] Posición: {X:821,99976 Y:901,99976}, Zoom: 1
[EnemyManager] Enemigo activo en posición: {X:1082,6528 Y:1082,6528}
[EnemyManager] Enemigos activos: 1
[EnemyRenderer] Dibujando enemigo en posición: {X:1082,8195 Y:1082,8195}
[EnemyRenderer] Enemigos activos para dibujar: 1
[Camera] Posición: {X:821,99976 Y:901,99976}, Zoom: 1
[EnemyManager] Enemigo activo en posición: {X:1082,8195 Y:1082,8195}
[EnemyManager] Enemigos activos: 1
[EnemyRenderer] Dibujando enemigo en posición: {X:1082,9861 Y:1082,9861}
[EnemyRenderer] Enemigos activos para dibujar: 1
[Camera] Posición: {X:821,99976 Y:901,99976}, Zoom: 1
[EnemyManager] Enemigo activo en posición: {X:1082,9861 Y:1082,9861}
[EnemyManager] Enemigos activos: 1
[EnemyRenderer] Dibujando enemigo en posición: {X:1083,1527 Y:1083,1527}
[EnemyRenderer] Enemigos activos para dibujar: 1
[Camera] Posición: {X:821,99976 Y:901,99976}, Zoom: 1
[EnemyManager] Enemigo activo en posición: {X:1083,1527 Y:1083,1527}
[EnemyManager] Enemigos activos: 1
[EnemyRenderer] Dibujando enemigo en posición: {X:1083,3193 Y:1083,3193}
[EnemyRenderer] Enemigos activos para dibujar: 1
[Camera] Posición: {X:821,99976 Y:901,99976}, Zoom: 1
[EnemyManager] Enemigo activo en posición: {X:1083,3193 Y:1083,3193}
[EnemyManager] Enemigos activos: 1
[EnemyRenderer] Dibujando enemigo en posición: {X:1083,486 Y:1083,486}
[EnemyRenderer] Enemigos activos para dibujar: 1
[Camera] Posición: {X:821,99976 Y:901,99976}, Zoom: 1
[EnemyManager] Enemigo activo en posición: {X:1083,486 Y:1083,486}
[EnemyManager] Enemigos activos: 1
[EnemyRenderer] Dibujando enemigo en posición: {X:1083,6526 Y:1083,6526}
[EnemyRenderer] Enemigos activos para dibujar: 1
[Camera] Posición: {X:821,99976 Y:901,99976}, Zoom: 1
[EnemyManager] Enemigo activo en posición: {X:1083,6526 Y:1083,6526}
[EnemyManager] Enemigos activos: 1
[EnemyRenderer] Dibujando enemigo en posición: {X:1083,8192 Y:1083,8192}
[EnemyRenderer] Enemigos activos para dibujar: 1
[Camera] Posición: {X:821,99976 Y:901,99976}, Zoom: 1
[EnemyManager] Enemigo activo en posición: {X:1083,8192 Y:1083,8192}
[EnemyManager] Enemigos activos: 1
[EnemyRenderer] Dibujando enemigo en posición: {X:1083,9858 Y:1083,9858}
[EnemyRenderer] Enemigos activos para dibujar: 1
[Camera] Posición: {X:821,99976 Y:901,99976}, Zoom: 1
[EnemyManager] Enemigo activo en posición: {X:1083,9858 Y:1083,9858}
[EnemyManager] Enemigos activos: 1
[EnemyRenderer] Dibujando enemigo en posición: {X:1084,1525 Y:1084,1525}
[EnemyRenderer] Enemigos activos para dibujar: 1
[Camera] Posición: {X:821,99976 Y:901,99976}, Zoom: 1
[EnemyManager] Enemigo activo en posición: {X:1084,1525 Y:1084,1525}
[EnemyManager] Enemigos activos: 1
[EnemyRenderer] Dibujando enemigo en posición: {X:1084,3191 Y:1084,3191}
[EnemyRenderer] Enemigos activos para dibujar: 1
[Camera] Posición: {X:821,99976 Y:901,99976}, Zoom: 1
[EnemyManager] Enemigo activo en posición: {X:1084,3191 Y:1084,3191}
[EnemyManager] Enemigos activos: 1
[EnemyRenderer] Dibujando enemigo en posición: {X:1084,4857 Y:1084,4857}
[EnemyRenderer] Enemigos activos para dibujar: 1
[Camera] Posición: {X:821,99976 Y:901,99976}, Zoom: 1
[EnemyManager] Enemigo activo en posición: {X:1084,4857 Y:1084,4857}
[EnemyManager] Enemigos activos: 1
[EnemyRenderer] Dibujando enemigo en posición: {X:1084,6523 Y:1084,6523}
[EnemyRenderer] Enemigos activos para dibujar: 1
[Camera] Posición: {X:821,99976 Y:901,99976}, Zoom: 1
[EnemyManager] Enemigo activo en posición: {X:1084,6523 Y:1084,6523}
[EnemyManager] Enemigos activos: 1
[EnemyRenderer] Dibujando enemigo en posición: {X:1084,819 Y:1084,819}
[EnemyRenderer] Enemigos activos para dibujar: 1
[Camera] Posición: {X:821,99976 Y:901,99976}, Zoom: 1
[EnemyManager] Enemigo activo en posición: {X:1084,819 Y:1084,819}
[EnemyManager] Enemigos activos: 1
[EnemyRenderer] Dibujando enemigo en posición: {X:1084,9856 Y:1084,9856}
[EnemyRenderer] Enemigos activos para dibujar: 1
[Camera] Posición: {X:821,99976 Y:901,99976}, Zoom: 1
[EnemyManager] Enemigo activo en posición: {X:1084,9856 Y:1084,9856}
[EnemyManager] Enemigos activos: 1
[EnemyRenderer] Dibujando enemigo en posición: {X:1085,1522 Y:1085,1522}
[EnemyRenderer] Enemigos activos para dibujar: 1
[Camera] Posición: {X:821,99976 Y:901,99976}, Zoom: 1
[EnemyManager] Enemigo activo en posición: {X:1085,1522 Y:1085,1522}
[EnemyManager] Enemigos activos: 1
[EnemyRenderer] Dibujando enemigo en posición: {X:1085,3188 Y:1085,3188}
[EnemyRenderer] Enemigos activos para dibujar: 1
[Camera] Posición: {X:821,99976 Y:901,99976}, Zoom: 1
[EnemyManager] Enemigo activo en posición: {X:1085,3188 Y:1085,3188}
[EnemyManager] Enemigos activos: 1
[EnemyRenderer] Dibujando enemigo en posición: {X:1085,4855 Y:1085,4855}
[EnemyRenderer] Enemigos activos para dibujar: 1
[Camera] Posición: {X:821,99976 Y:901,99976}, Zoom: 1
[EnemyManager] Enemigo activo en posición: {X:1085,4855 Y:1085,4855}
[EnemyManager] Enemigos activos: 1
[EnemyRenderer] Dibujando enemigo en posición: {X:1085,6521 Y:1085,6521}
[EnemyRenderer] Enemigos activos para dibujar: 1
[Camera] Posición: {X:821,99976 Y:901,99976}, Zoom: 1
[EnemyManager] Enemigo activo en posición: {X:1085,6521 Y:1085,6521}
[EnemyManager] Enemigos activos: 1
[EnemyRenderer] Dibujando enemigo en posición: {X:1085,8187 Y:1085,8187}
[EnemyRenderer] Enemigos activos para dibujar: 1
[Camera] Posición: {X:821,99976 Y:901,99976}, Zoom: 1
[EnemyManager] Enemigo activo en posición: {X:1085,8187 Y:1085,8187}
[EnemyManager] Enemigos activos: 1
[EnemyRenderer] Dibujando enemigo en posición: {X:1085,9854 Y:1085,9854}
[EnemyRenderer] Enemigos activos para dibujar: 1
[Camera] Posición: {X:821,99976 Y:901,99976}, Zoom: 1
[EnemyManager] Enemigo activo en posición: {X:1085,9854 Y:1085,9854}
[EnemyManager] Enemigos activos: 1
[EnemyRenderer] Dibujando enemigo en posición: {X:1086,152 Y:1086,152}
[EnemyRenderer] Enemigos activos para dibujar: 1
[Camera] Posición: {X:821,99976 Y:901,99976}, Zoom: 1
[EnemyManager] Enemigo activo en posición: {X:1086,152 Y:1086,152}
[EnemyManager] Enemigos activos: 1
[EnemyRenderer] Dibujando enemigo en posición: {X:1086,3186 Y:1086,3186}
[EnemyRenderer] Enemigos activos para dibujar: 1
[Camera] Posición: {X:821,99976 Y:901,99976}, Zoom: 1
[EnemyManager] Enemigo activo en posición: {X:1086,3186 Y:1086,3186}
[EnemyManager] Enemigos activos: 1
[EnemyRenderer] Dibujando enemigo en posición: {X:1086,4852 Y:1086,4852}
[EnemyRenderer] Enemigos activos para dibujar: 1
[Camera] Posición: {X:821,99976 Y:901,99976}, Zoom: 1
[EnemyManager] Enemigo activo en posición: {X:1086,4852 Y:1086,4852}
[EnemyManager] Enemigos activos: 1
[EnemyRenderer] Dibujando enemigo en posición: {X:1086,6519 Y:1086,6519}
[EnemyRenderer] Enemigos activos para dibujar: 1
[Camera] Posición: {X:821,99976 Y:901,99976}, Zoom: 1
[EnemyManager] Enemigo activo en posición: {X:1086,6519 Y:1086,6519}
[EnemyManager] Enemigos activos: 1
[EnemyRenderer] Dibujando enemigo en posición: {X:1086,8185 Y:1086,8185}
[EnemyRenderer] Enemigos activos para dibujar: 1
[Camera] Posición: {X:821,99976 Y:901,99976}, Zoom: 1
[EnemyManager] Enemigo activo en posición: {X:1086,8185 Y:1086,8185}
[EnemyManager] Enemigos activos: 1
[EnemyRenderer] Dibujando enemigo en posición: {X:1086,9851 Y:1086,9851}
[EnemyRenderer] Enemigos activos para dibujar: 1
[Camera] Posición: {X:821,99976 Y:901,99976}, Zoom: 1
[EnemyManager] Enemigo activo en posición: {X:1086,9851 Y:1086,9851}
[EnemyManager] Enemigos activos: 1
[EnemyRenderer] Dibujando enemigo en posición: {X:1087,1517 Y:1087,1517}
[EnemyRenderer] Enemigos activos para dibujar: 1
[Camera] Posición: {X:821,99976 Y:901,99976}, Zoom: 1
[EnemyManager] Enemigo activo en posición: {X:1087,1517 Y:1087,1517}
[EnemyManager] Enemigos activos: 1
[EnemyRenderer] Dibujando enemigo en posición: {X:1087,3184 Y:1087,3184}
[EnemyRenderer] Enemigos activos para dibujar: 1
[Camera] Posición: {X:821,99976 Y:901,99976}, Zoom: 1
[EnemyManager] Enemigo activo en posición: {X:1087,3184 Y:1087,3184}
[EnemyManager] Enemigos activos: 1
[EnemyRenderer] Dibujando enemigo en posición: {X:1087,485 Y:1087,485}
[EnemyRenderer] Enemigos activos para dibujar: 1
[Camera] Posición: {X:821,99976 Y:901,99976}, Zoom: 1
[EnemyManager] Enemigo activo en posición: {X:1087,485 Y:1087,485}
[EnemyManager] Enemigos activos: 1
[EnemyRenderer] Dibujando enemigo en posición: {X:1087,6516 Y:1087,6516}
[EnemyRenderer] Enemigos activos para dibujar: 1
[Camera] Posición: {X:821,99976 Y:901,99976}, Zoom: 1
[EnemyManager] Enemigo activo en posición: {X:1087,6516 Y:1087,6516}
[EnemyManager] Enemigos activos: 1
[EnemyRenderer] Dibujando enemigo en posición: {X:1087,8182 Y:1087,8182}
[EnemyRenderer] Enemigos activos para dibujar: 1
[Camera] Posición: {X:821,99976 Y:901,99976}, Zoom: 1
[EnemyManager] Enemigo activo en posición: {X:1087,8182 Y:1087,8182}
[EnemyManager] Enemigos activos: 1
[EnemyRenderer] Dibujando enemigo en posición: {X:1087,9849 Y:1087,9849}
[EnemyRenderer] Enemigos activos para dibujar: 1
[Camera] Posición: {X:821,99976 Y:901,99976}, Zoom: 1
[EnemyManager] Enemigo activo en posición: {X:1087,9849 Y:1087,9849}
[EnemyManager] Enemigos activos: 1
[EnemyRenderer] Dibujando enemigo en posición: {X:1088,1515 Y:1088,1515}
[EnemyRenderer] Enemigos activos para dibujar: 1
[Camera] Posición: {X:821,99976 Y:901,99976}, Zoom: 1
[EnemyManager] Enemigo activo en posición: {X:1088,1515 Y:1088,1515}
[EnemyManager] Enemigos activos: 1
[EnemyRenderer] Dibujando enemigo en posición: {X:1088,3181 Y:1088,3181}
[EnemyRenderer] Enemigos activos para dibujar: 1
[Camera] Posición: {X:821,99976 Y:901,99976}, Zoom: 1
[EnemyManager] Enemigo activo en posición: {X:1088,3181 Y:1088,3181}
[EnemyManager] Enemigos activos: 1
[EnemyRenderer] Dibujando enemigo en posición: {X:1088,4847 Y:1088,4847}
[EnemyRenderer] Enemigos activos para dibujar: 1
[Camera] Posición: {X:821,99976 Y:901,99976}, Zoom: 1
[EnemyManager] Enemigo activo en posición: {X:1088,4847 Y:1088,4847}
[EnemyManager] Enemigos activos: 1
[EnemyRenderer] Dibujando enemigo en posición: {X:1088,6514 Y:1088,6514}
[EnemyRenderer] Enemigos activos para dibujar: 1
[Camera] Posición: {X:821,99976 Y:901,99976}, Zoom: 1
[EnemyManager] Enemigo activo en posición: {X:1088,6514 Y:1088,6514}
[EnemyManager] Enemigos activos: 1
[EnemyRenderer] Dibujando enemigo en posición: {X:1088,818 Y:1088,818}
[EnemyRenderer] Enemigos activos para dibujar: 1
[Camera] Posición: {X:821,99976 Y:901,99976}, Zoom: 1
[EnemyManager] Enemigo activo en posición: {X:1088,818 Y:1088,818}
[EnemyManager] Enemigos activos: 1
[EnemyRenderer] Dibujando enemigo en posición: {X:1088,9846 Y:1088,9846}
[EnemyRenderer] Enemigos activos para dibujar: 1
[Camera] Posición: {X:821,99976 Y:901,99976}, Zoom: 1
[EnemyManager] Enemigo activo en posición: {X:1088,9846 Y:1088,9846}
[EnemyManager] Enemigos activos: 1
[EnemyRenderer] Dibujando enemigo en posición: {X:1089,1512 Y:1089,1512}
[EnemyRenderer] Enemigos activos para dibujar: 1
[Camera] Posición: {X:821,99976 Y:901,99976}, Zoom: 1
[EnemyManager] Enemigo activo en posición: {X:1089,1512 Y:1089,1512}
[EnemyManager] Enemigos activos: 1
[EnemyRenderer] Dibujando enemigo en posición: {X:1089,3179 Y:1089,3179}
[EnemyRenderer] Enemigos activos para dibujar: 1
[Camera] Posición: {X:821,99976 Y:901,99976}, Zoom: 1
[EnemyManager] Enemigo activo en posición: {X:1089,3179 Y:1089,3179}
[EnemyManager] Enemigos activos: 1
[EnemyRenderer] Dibujando enemigo en posición: {X:1089,4845 Y:1089,4845}
[EnemyRenderer] Enemigos activos para dibujar: 1
[Camera] Posición: {X:821,99976 Y:901,99976}, Zoom: 1
[EnemyManager] Enemigo activo en posición: {X:1089,4845 Y:1089,4845}
[EnemyManager] Enemigos activos: 1
[EnemyRenderer] Dibujando enemigo en posición: {X:1089,6511 Y:1089,6511}
[EnemyRenderer] Enemigos activos para dibujar: 1
[Camera] Posición: {X:821,99976 Y:901,99976}, Zoom: 1
[EnemyManager] Enemigo activo en posición: {X:1089,6511 Y:1089,6511}
[EnemyManager] Enemigos activos: 1
[EnemyRenderer] Dibujando enemigo en posición: {X:1089,8177 Y:1089,8177}
[EnemyRenderer] Enemigos activos para dibujar: 1
[Camera] Posición: {X:821,99976 Y:901,99976}, Zoom: 1
[EnemyManager] Enemigo activo en posición: {X:1089,8177 Y:1089,8177}
[EnemyManager] Enemigos activos: 1
[EnemyRenderer] Dibujando enemigo en posición: {X:1089,9844 Y:1089,9844}
[EnemyRenderer] Enemigos activos para dibujar: 1
[Camera] Posición: {X:821,99976 Y:901,99976}, Zoom: 1
[EnemyManager] Enemigo activo en posición: {X:1089,9844 Y:1089,9844}
[EnemyManager] Enemigos activos: 1
[EnemyRenderer] Dibujando enemigo en posición: {X:1090,151 Y:1090,151}
[EnemyRenderer] Enemigos activos para dibujar: 1
[Camera] Posición: {X:821,99976 Y:901,99976}, Zoom: 1
[EnemyManager] Enemigo activo en posición: {X:1090,151 Y:1090,151}
[EnemyManager] Enemigos activos: 1
[EnemyRenderer] Dibujando enemigo en posición: {X:1090,3176 Y:1090,3176}
[EnemyRenderer] Enemigos activos para dibujar: 1
[Camera] Posición: {X:821,99976 Y:901,99976}, Zoom: 1
[EnemyManager] Enemigo activo en posición: {X:1090,3176 Y:1090,3176}
[EnemyManager] Enemigos activos: 1
[EnemyRenderer] Dibujando enemigo en posición: {X:1090,4843 Y:1090,4843}
[EnemyRenderer] Enemigos activos para dibujar: 1
[Camera] Posición: {X:821,99976 Y:901,99976}, Zoom: 1
[EnemyManager] Enemigo activo en posición: {X:1090,4843 Y:1090,4843}
[EnemyManager] Enemigos activos: 1
[EnemyRenderer] Dibujando enemigo en posición: {X:1090,6509 Y:1090,6509}
[EnemyRenderer] Enemigos activos para dibujar: 1
[Camera] Posición: {X:821,99976 Y:901,99976}, Zoom: 1
[EnemyManager] Enemigo activo en posición: {X:1090,6509 Y:1090,6509}
[EnemyManager] Enemigos activos: 1
[EnemyRenderer] Dibujando enemigo en posición: {X:1090,8175 Y:1090,8175}
[EnemyRenderer] Enemigos activos para dibujar: 1
[Camera] Posición: {X:821,99976 Y:901,99976}, Zoom: 1
[EnemyManager] Enemigo activo en posición: {X:1090,8175 Y:1090,8175}
[EnemyManager] Enemigos activos: 1
[EnemyRenderer] Dibujando enemigo en posición: {X:1090,9841 Y:1090,9841}
[EnemyRenderer] Enemigos activos para dibujar: 1
[Camera] Posición: {X:821,99976 Y:901,99976}, Zoom: 1
[EnemyManager] Enemigo activo en posición: {X:1090,9841 Y:1090,9841}
[EnemyManager] Enemigos activos: 1
[EnemyRenderer] Dibujando enemigo en posición: {X:1091,1508 Y:1091,1508}
[EnemyRenderer] Enemigos activos para dibujar: 1
[Camera] Posición: {X:821,99976 Y:901,99976}, Zoom: 1
[EnemyManager] Enemigo activo en posición: {X:1091,1508 Y:1091,1508}
[EnemyManager] Enemigos activos: 1
[EnemyRenderer] Dibujando enemigo en posición: {X:1091,3174 Y:1091,3174}
[EnemyRenderer] Enemigos activos para dibujar: 1
[Camera] Posición: {X:821,99976 Y:901,99976}, Zoom: 1
[EnemyManager] Enemigo activo en posición: {X:1091,3174 Y:1091,3174}
[EnemyManager] Enemigos activos: 1
[EnemyRenderer] Dibujando enemigo en posición: {X:1091,484 Y:1091,484}
[EnemyRenderer] Enemigos activos para dibujar: 1
[Camera] Posición: {X:821,99976 Y:901,99976}, Zoom: 1
[EnemyManager] Enemigo activo en posición: {X:1091,484 Y:1091,484}
[EnemyManager] Enemigos activos: 1
[EnemyRenderer] Dibujando enemigo en posición: {X:1091,6506 Y:1091,6506}
[EnemyRenderer] Enemigos activos para dibujar: 1
[Camera] Posición: {X:821,99976 Y:901,99976}, Zoom: 1
[EnemyManager] Enemigo activo en posición: {X:1091,6506 Y:1091,6506}
[EnemyManager] Enemigos activos: 1
[EnemyRenderer] Dibujando enemigo en posición: {X:1091,8173 Y:1091,8173}
[EnemyRenderer] Enemigos activos para dibujar: 1
[Camera] Posición: {X:821,99976 Y:901,99976}, Zoom: 1
[EnemyManager] Enemigo activo en posición: {X:1091,8173 Y:1091,8173}
[EnemyManager] Enemigos activos: 1
[EnemyRenderer] Dibujando enemigo en posición: {X:1091,9839 Y:1091,9839}
[EnemyRenderer] Enemigos activos para dibujar: 1
[Camera] Posición: {X:821,99976 Y:901,99976}, Zoom: 1
[EnemyManager] Enemigo activo en posición: {X:1091,9839 Y:1091,9839}
[EnemyManager] Enemigos activos: 1
[EnemyRenderer] Dibujando enemigo en posición: {X:1092,1505 Y:1092,1505}
[EnemyRenderer] Enemigos activos para dibujar: 1
[Camera] Posición: {X:821,99976 Y:901,99976}, Zoom: 1
[EnemyManager] Enemigo activo en posición: {X:1092,1505 Y:1092,1505}
[EnemyManager] Enemigos activos: 1
[EnemyRenderer] Dibujando enemigo en posición: {X:1092,3171 Y:1092,3171}
[EnemyRenderer] Enemigos activos para dibujar: 1
[Camera] Posición: {X:821,99976 Y:901,99976}, Zoom: 1
[EnemyManager] Enemigo activo en posición: {X:1092,3171 Y:1092,3171}
[EnemyManager] Enemigos activos: 1
[EnemyRenderer] Dibujando enemigo en posición: {X:1092,4838 Y:1092,4838}
[EnemyRenderer] Enemigos activos para dibujar: 1
[Camera] Posición: {X:821,99976 Y:901,99976}, Zoom: 1
[EnemyManager] Enemigo activo en posición: {X:1092,4838 Y:1092,4838}
[EnemyManager] Enemigos activos: 1
[EnemyRenderer] Dibujando enemigo en posición: {X:1092,6504 Y:1092,6504}
[EnemyRenderer] Enemigos activos para dibujar: 1
[Camera] Posición: {X:821,99976 Y:901,99976}, Zoom: 1
[EnemyManager] Enemigo activo en posición: {X:1092,6504 Y:1092,6504}
[EnemyManager] Enemigos activos: 1
[EnemyRenderer] Dibujando enemigo en posición: {X:1092,817 Y:1092,817}
[EnemyRenderer] Enemigos activos para dibujar: 1
[Camera] Posición: {X:821,99976 Y:901,99976}, Zoom: 1
[EnemyManager] Enemigo activo en posición: {X:1092,817 Y:1092,817}
[EnemyManager] Enemigos activos: 1
[EnemyRenderer] Dibujando enemigo en posición: {X:1092,9836 Y:1092,9836}
[EnemyRenderer] Enemigos activos para dibujar: 1
[Camera] Posición: {X:821,99976 Y:901,99976}, Zoom: 1
[EnemyManager] Enemigo activo en posición: {X:1092,9836 Y:1092,9836}
[EnemyManager] Enemigos activos: 1
[EnemyRenderer] Dibujando enemigo en posición: {X:1093,1503 Y:1093,1503}
[EnemyRenderer] Enemigos activos para dibujar: 1
[Camera] Posición: {X:821,99976 Y:901,99976}, Zoom: 1
[EnemyManager] Enemigo activo en posición: {X:1093,1503 Y:1093,1503}
[EnemyManager] Enemigos activos: 1
[EnemyRenderer] Dibujando enemigo en posición: {X:1093,3169 Y:1093,3169}
[EnemyRenderer] Enemigos activos para dibujar: 1
[Camera] Posición: {X:821,99976 Y:901,99976}, Zoom: 1
[EnemyManager] Enemigo activo en posición: {X:1093,3169 Y:1093,3169}
[EnemyManager] Enemigos activos: 1
[EnemyRenderer] Dibujando enemigo en posición: {X:1093,4835 Y:1093,4835}
[EnemyRenderer] Enemigos activos para dibujar: 1
[Camera] Posición: {X:821,99976 Y:901,99976}, Zoom: 1
[EnemyManager] Enemigo activo en posición: {X:1093,4835 Y:1093,4835}
[EnemyManager] Enemigos activos: 1
[EnemyRenderer] Dibujando enemigo en posición: {X:1093,6501 Y:1093,6501}
[EnemyRenderer] Enemigos activos para dibujar: 1
[Camera] Posición: {X:821,99976 Y:901,99976}, Zoom: 1
[EnemyManager] Enemigo activo en posición: {X:1093,6501 Y:1093,6501}
[EnemyManager] Enemigos activos: 1
[EnemyRenderer] Dibujando enemigo en posición: {X:1093,8168 Y:1093,8168}
[EnemyRenderer] Enemigos activos para dibujar: 1
[Camera] Posición: {X:821,99976 Y:901,99976}, Zoom: 1
[EnemyManager] Enemigo activo en posición: {X:1093,8168 Y:1093,8168}
[EnemyManager] Enemigos activos: 1
[EnemyRenderer] Dibujando enemigo en posición: {X:1093,9834 Y:1093,9834}
[EnemyRenderer] Enemigos activos para dibujar: 1
[Camera] Posición: {X:821,99976 Y:901,99976}, Zoom: 1
[EnemyManager] Enemigo activo en posición: {X:1093,9834 Y:1093,9834}
[EnemyManager] Enemigos activos: 1
[EnemyRenderer] Dibujando enemigo en posición: {X:1094,15 Y:1094,15}
[EnemyRenderer] Enemigos activos para dibujar: 1
[Camera] Posición: {X:821,99976 Y:901,99976}, Zoom: 1
[EnemyManager] Enemigo activo en posición: {X:1094,15 Y:1094,15}
[EnemyManager] Enemigos activos: 1
[EnemyRenderer] Dibujando enemigo en posición: {X:1094,3167 Y:1094,3167}
[EnemyRenderer] Enemigos activos para dibujar: 1
[Camera] Posición: {X:821,99976 Y:901,99976}, Zoom: 1
[EnemyManager] Enemigo activo en posición: {X:1094,3167 Y:1094,3167}
[EnemyManager] Enemigos activos: 1
[EnemyRenderer] Dibujando enemigo en posición: {X:1094,4833 Y:1094,4833}
[EnemyRenderer] Enemigos activos para dibujar: 1
[Camera] Posición: {X:821,99976 Y:901,99976}, Zoom: 1
[EnemyManager] Enemigo activo en posición: {X:1094,4833 Y:1094,4833}
[EnemyManager] Enemigos activos: 1
[EnemyRenderer] Dibujando enemigo en posición: {X:1094,6499 Y:1094,6499}
[EnemyRenderer] Enemigos activos para dibujar: 1
[Camera] Posición: {X:821,99976 Y:901,99976}, Zoom: 1
[EnemyManager] Enemigo activo en posición: {X:1094,6499 Y:1094,6499}
[EnemyManager] Enemigos activos: 1
[EnemyRenderer] Dibujando enemigo en posición: {X:1094,8165 Y:1094,8165}
[EnemyRenderer] Enemigos activos para dibujar: 1
[Camera] Posición: {X:821,99976 Y:901,99976}, Zoom: 1
[EnemyManager] Enemigo activo en posición: {X:1094,8165 Y:1094,8165}
[EnemyManager] Enemigos activos: 1
[EnemyRenderer] Dibujando enemigo en posición: {X:1094,9832 Y:1094,9832}
[EnemyRenderer] Enemigos activos para dibujar: 1
[Camera] Posición: {X:821,99976 Y:901,99976}, Zoom: 1
[EnemyManager] Enemigo activo en posición: {X:1094,9832 Y:1094,9832}
[EnemyManager] Enemigos activos: 1
[EnemyRenderer] Dibujando enemigo en posición: {X:1095,1498 Y:1095,1498}
[EnemyRenderer] Enemigos activos para dibujar: 1
[Camera] Posición: {X:821,99976 Y:901,99976}, Zoom: 1
[EnemyManager] Enemigo activo en posición: {X:1095,1498 Y:1095,1498}
[EnemyManager] Enemigos activos: 1
[EnemyRenderer] Dibujando enemigo en posición: {X:1095,3164 Y:1095,3164}
[EnemyRenderer] Enemigos activos para dibujar: 1
[Camera] Posición: {X:821,99976 Y:901,99976}, Zoom: 1
[EnemyManager] Enemigo activo en posición: {X:1095,3164 Y:1095,3164}
[EnemyManager] Enemigos activos: 1
[EnemyRenderer] Dibujando enemigo en posición: {X:1095,483 Y:1095,483}
[EnemyRenderer] Enemigos activos para dibujar: 1
[Camera] Posición: {X:821,99976 Y:901,99976}, Zoom: 1
[EnemyManager] Enemigo activo en posición: {X:1095,483 Y:1095,483}
[EnemyManager] Enemigos activos: 1
[EnemyRenderer] Dibujando enemigo en posición: {X:1095,6497 Y:1095,6497}
[EnemyRenderer] Enemigos activos para dibujar: 1
[Camera] Posición: {X:821,99976 Y:901,99976}, Zoom: 1
[EnemyManager] Enemigo activo en posición: {X:1095,6497 Y:1095,6497}
[EnemyManager] Enemigos activos: 1
[EnemyRenderer] Dibujando enemigo en posición: {X:1095,8163 Y:1095,8163}
[EnemyRenderer] Enemigos activos para dibujar: 1
[Camera] Posición: {X:821,99976 Y:901,99976}, Zoom: 1
[EnemyManager] Enemigo activo en posición: {X:1095,8163 Y:1095,8163}
[EnemyManager] Enemigos activos: 1
[EnemyRenderer] Dibujando enemigo en posición: {X:1095,9829 Y:1095,9829}
[EnemyRenderer] Enemigos activos para dibujar: 1
[Camera] Posición: {X:821,99976 Y:901,99976}, Zoom: 1
[EnemyManager] Enemigo activo en posición: {X:1095,9829 Y:1095,9829}
[EnemyManager] Enemigos activos: 1
[EnemyRenderer] Dibujando enemigo en posición: {X:1096,1495 Y:1096,1495}
[EnemyRenderer] Enemigos activos para dibujar: 1
[Camera] Posición: {X:821,99976 Y:901,99976}, Zoom: 1
[EnemyManager] Enemigo activo en posición: {X:1096,1495 Y:1096,1495}
[EnemyManager] Enemigos activos: 1
[EnemyRenderer] Dibujando enemigo en posición: {X:1096,3162 Y:1096,3162}
[EnemyRenderer] Enemigos activos para dibujar: 1
[Camera] Posición: {X:821,99976 Y:901,99976}, Zoom: 1
[EnemyManager] Enemigo activo en posición: {X:1096,3162 Y:1096,3162}
[EnemyManager] Enemigos activos: 1
[EnemyRenderer] Dibujando enemigo en posición: {X:1096,4828 Y:1096,4828}
[EnemyRenderer] Enemigos activos para dibujar: 1
[Camera] Posición: {X:821,99976 Y:901,99976}, Zoom: 1
[EnemyManager] Enemigo activo en posición: {X:1096,4828 Y:1096,4828}
[EnemyManager] Enemigos activos: 1
[EnemyRenderer] Dibujando enemigo en posición: {X:1096,6494 Y:1096,6494}
[EnemyRenderer] Enemigos activos para dibujar: 1
[Camera] Posición: {X:821,99976 Y:901,99976}, Zoom: 1
[EnemyManager] Enemigo activo en posición: {X:1096,6494 Y:1096,6494}
[EnemyManager] Enemigos activos: 1
[EnemyRenderer] Dibujando enemigo en posición: {X:1096,816 Y:1096,816}
[EnemyRenderer] Enemigos activos para dibujar: 1
[Camera] Posición: {X:821,99976 Y:901,99976}, Zoom: 1
[EnemyManager] Enemigo activo en posición: {X:1096,816 Y:1096,816}
[EnemyManager] Enemigos activos: 1
[EnemyRenderer] Dibujando enemigo en posición: {X:1096,9827 Y:1096,9827}
[EnemyRenderer] Enemigos activos para dibujar: 1
[Camera] Posición: {X:821,99976 Y:901,99976}, Zoom: 1
[EnemyManager] Enemigo activo en posición: {X:1096,9827 Y:1096,9827}
[EnemyManager] Enemigos activos: 1
[EnemyRenderer] Dibujando enemigo en posición: {X:1097,1493 Y:1097,1493}
[EnemyRenderer] Enemigos activos para dibujar: 1
[Camera] Posición: {X:821,99976 Y:901,99976}, Zoom: 1
[EnemyManager] Enemigo activo en posición: {X:1097,1493 Y:1097,1493}
[EnemyManager] Enemigos activos: 1
[EnemyRenderer] Dibujando enemigo en posición: {X:1097,3159 Y:1097,3159}
[EnemyRenderer] Enemigos activos para dibujar: 1
[Camera] Posición: {X:821,99976 Y:901,99976}, Zoom: 1
[EnemyManager] Enemigo activo en posición: {X:1097,3159 Y:1097,3159}
[EnemyManager] Enemigos activos: 1
[EnemyRenderer] Dibujando enemigo en posición: {X:1097,4825 Y:1097,4825}
[EnemyRenderer] Enemigos activos para dibujar: 1
[Camera] Posición: {X:821,99976 Y:901,99976}, Zoom: 1
[EnemyManager] Enemigo activo en posición: {X:1097,4825 Y:1097,4825}
[EnemyManager] Enemigos activos: 1
[EnemyRenderer] Dibujando enemigo en posición: {X:1097,6492 Y:1097,6492}
[EnemyRenderer] Enemigos activos para dibujar: 1
[Camera] Posición: {X:821,99976 Y:901,99976}, Zoom: 1
[EnemyManager] Enemigo activo en posición: {X:1097,6492 Y:1097,6492}
[EnemyManager] Enemigos activos: 1
[EnemyRenderer] Dibujando enemigo en posición: {X:1097,8158 Y:1097,8158}
[EnemyRenderer] Enemigos activos para dibujar: 1
[Camera] Posición: {X:821,99976 Y:901,99976}, Zoom: 1
[EnemyManager] Enemigo activo en posición: {X:1097,8158 Y:1097,8158}
[EnemyManager] Enemigos activos: 1
[EnemyRenderer] Dibujando enemigo en posición: {X:1097,9824 Y:1097,9824}
[EnemyRenderer] Enemigos activos para dibujar: 1
[Camera] Posición: {X:821,99976 Y:901,99976}, Zoom: 1
[EnemyManager] Enemigo activo en posición: {X:1097,9824 Y:1097,9824}
[EnemyManager] Enemigos activos: 1
[EnemyRenderer] Dibujando enemigo en posición: {X:1098,149 Y:1098,149}
[EnemyRenderer] Enemigos activos para dibujar: 1
[Camera] Posición: {X:821,99976 Y:901,99976}, Zoom: 1
[EnemyManager] Enemigo activo en posición: {X:1098,149 Y:1098,149}
[EnemyManager] Enemigos activos: 1
[EnemyRenderer] Dibujando enemigo en posición: {X:1098,3157 Y:1098,3157}
[EnemyRenderer] Enemigos activos para dibujar: 1
[Camera] Posición: {X:821,99976 Y:901,99976}, Zoom: 1
[EnemyManager] Enemigo activo en posición: {X:1098,3157 Y:1098,3157}
[EnemyManager] Enemigos activos: 1
[EnemyRenderer] Dibujando enemigo en posición: {X:1098,4823 Y:1098,4823}
[EnemyRenderer] Enemigos activos para dibujar: 1
[Camera] Posición: {X:821,99976 Y:901,99976}, Zoom: 1
[EnemyManager] Enemigo activo en posición: {X:1098,4823 Y:1098,4823}
[EnemyManager] Enemigos activos: 1
[EnemyRenderer] Dibujando enemigo en posición: {X:1098,6489 Y:1098,6489}
[EnemyRenderer] Enemigos activos para dibujar: 1
[Camera] Posición: {X:821,99976 Y:901,99976}, Zoom: 1
[EnemyManager] Enemigo activo en posición: {X:1098,6489 Y:1098,6489}
[EnemyManager] Enemigos activos: 1
[EnemyRenderer] Dibujando enemigo en posición: {X:1098,8156 Y:1098,8156}
[EnemyRenderer] Enemigos activos para dibujar: 1
[Camera] Posición: {X:821,99976 Y:901,99976}, Zoom: 1
[EnemyManager] Enemigo activo en posición: {X:1098,8156 Y:1098,8156}
[EnemyManager] Enemigos activos: 1
[EnemyRenderer] Dibujando enemigo en posición: {X:1098,9822 Y:1098,9822}
[EnemyRenderer] Enemigos activos para dibujar: 1
[Camera] Posición: {X:821,99976 Y:901,99976}, Zoom: 1
[EnemyManager] Enemigo activo en posición: {X:1098,9822 Y:1098,9822}
[EnemyManager] Enemigos activos: 1
[EnemyRenderer] Dibujando enemigo en posición: {X:1099,1488 Y:1099,1488}
[EnemyRenderer] Enemigos activos para dibujar: 1
[Camera] Posición: {X:821,99976 Y:901,99976}, Zoom: 1
[EnemyManager] Enemigo activo en posición: {X:1099,1488 Y:1099,1488}
[EnemyManager] Enemigos activos: 1
[EnemyRenderer] Dibujando enemigo en posición: {X:1099,3154 Y:1099,3154}
[EnemyRenderer] Enemigos activos para dibujar: 1
[Camera] Posición: {X:821,99976 Y:901,99976}, Zoom: 1
[EnemyManager] Enemigo activo en posición: {X:1099,3154 Y:1099,3154}
[EnemyManager] Enemigos activos: 1
[EnemyRenderer] Dibujando enemigo en posición: {X:1099,482 Y:1099,482}
[EnemyRenderer] Enemigos activos para dibujar: 1
[Camera] Posición: {X:821,99976 Y:901,99976}, Zoom: 1
[EnemyManager] Enemigo activo en posición: {X:1099,482 Y:1099,482}
[EnemyManager] Enemigos activos: 1
[EnemyRenderer] Dibujando enemigo en posición: {X:1099,6487 Y:1099,6487}
[EnemyRenderer] Enemigos activos para dibujar: 1
[Camera] Posición: {X:821,99976 Y:901,99976}, Zoom: 1
[EnemyManager] Enemigo activo en posición: {X:1099,6487 Y:1099,6487}
[EnemyManager] Enemigos activos: 1
[EnemyRenderer] Dibujando enemigo en posición: {X:1099,8153 Y:1099,8153}
[EnemyRenderer] Enemigos activos para dibujar: 1
[Camera] Posición: {X:821,99976 Y:901,99976}, Zoom: 1
[EnemyManager] Enemigo activo en posición: {X:1099,8153 Y:1099,8153}
[EnemyManager] Enemigos activos: 1
[EnemyRenderer] Dibujando enemigo en posición: {X:1099,9819 Y:1099,9819}
[EnemyRenderer] Enemigos activos para dibujar: 1
[Camera] Posición: {X:821,99976 Y:901,99976}, Zoom: 1
[EnemyManager] Enemigo activo en posición: {X:1099,9819 Y:1099,9819}
[EnemyManager] Enemigos activos: 1
[EnemyRenderer] Dibujando enemigo en posición: {X:1100,1486 Y:1100,1486}
[EnemyRenderer] Enemigos activos para dibujar: 1
[Camera] Posición: {X:821,99976 Y:901,99976}, Zoom: 1
[EnemyManager] Enemigo activo en posición: {X:1100,1486 Y:1100,1486}
[EnemyManager] Enemigos activos: 1
[EnemyRenderer] Dibujando enemigo en posición: {X:1100,3152 Y:1100,3152}
[EnemyRenderer] Enemigos activos para dibujar: 1
[Camera] Posición: {X:821,99976 Y:901,99976}, Zoom: 1
[EnemyManager] Enemigo activo en posición: {X:1100,3152 Y:1100,3152}
[EnemyManager] Enemigos activos: 1
[EnemyRenderer] Dibujando enemigo en posición: {X:1100,4818 Y:1100,4818}
[EnemyRenderer] Enemigos activos para dibujar: 1
[Camera] Posición: {X:821,99976 Y:901,99976}, Zoom: 1
[EnemyManager] Enemigo activo en posición: {X:1100,4818 Y:1100,4818}
[EnemyManager] Enemigos activos: 1
[EnemyRenderer] Dibujando enemigo en posición: {X:1100,6484 Y:1100,6484}
[EnemyRenderer] Enemigos activos para dibujar: 1
[Camera] Posición: {X:821,99976 Y:901,99976}, Zoom: 1
[EnemyManager] Enemigo activo en posición: {X:1100,6484 Y:1100,6484}
[EnemyManager] Enemigos activos: 1
[EnemyRenderer] Dibujando enemigo en posición: {X:1100,8151 Y:1100,8151}
[EnemyRenderer] Enemigos activos para dibujar: 1
[Camera] Posición: {X:821,99976 Y:901,99976}, Zoom: 1
[EnemyManager] Enemigo activo en posición: {X:1100,8151 Y:1100,8151}
[EnemyManager] Enemigos activos: 1
[EnemyRenderer] Dibujando enemigo en posición: {X:1100,9817 Y:1100,9817}
[EnemyRenderer] Enemigos activos para dibujar: 1
[Camera] Posición: {X:821,99976 Y:901,99976}, Zoom: 1
[EnemyManager] Enemigo activo en posición: {X:1100,9817 Y:1100,9817}
[EnemyManager] Enemigos activos: 1
[EnemyRenderer] Dibujando enemigo en posición: {X:1101,1483 Y:1101,1483}
[EnemyRenderer] Enemigos activos para dibujar: 1
[Camera] Posición: {X:821,99976 Y:901,99976}, Zoom: 1
[EnemyManager] Enemigo activo en posición: {X:1101,1483 Y:1101,1483}
[EnemyManager] Enemigos activos: 1
[EnemyRenderer] Dibujando enemigo en posición: {X:1101,315 Y:1101,315}
[EnemyRenderer] Enemigos activos para dibujar: 1
[Camera] Posición: {X:821,99976 Y:901,99976}, Zoom: 1
[EnemyManager] Enemigo activo en posición: {X:1101,315 Y:1101,315}
[EnemyManager] Enemigos activos: 1
[EnemyRenderer] Dibujando enemigo en posición: {X:1101,4816 Y:1101,4816}
[EnemyRenderer] Enemigos activos para dibujar: 1
[Camera] Posición: {X:821,99976 Y:901,99976}, Zoom: 1
[EnemyManager] Enemigo activo en posición: {X:1101,4816 Y:1101,4816}
[EnemyManager] Enemigos activos: 1
[EnemyRenderer] Dibujando enemigo en posición: {X:1101,6482 Y:1101,6482}
[EnemyRenderer] Enemigos activos para dibujar: 1
[Camera] Posición: {X:821,99976 Y:901,99976}, Zoom: 1
[EnemyManager] Enemigo activo en posición: {X:1101,6482 Y:1101,6482}
[EnemyManager] Enemigos activos: 1
[EnemyRenderer] Dibujando enemigo en posición: {X:1101,8148 Y:1101,8148}
[EnemyRenderer] Enemigos activos para dibujar: 1
[Camera] Posición: {X:821,99976 Y:901,99976}, Zoom: 1
[EnemyManager] Enemigo activo en posición: {X:1101,8148 Y:1101,8148}
[EnemyManager] Enemigos activos: 1
[EnemyRenderer] Dibujando enemigo en posición: {X:1101,9814 Y:1101,9814}
[EnemyRenderer] Enemigos activos para dibujar: 1
[Camera] Posición: {X:821,99976 Y:901,99976}, Zoom: 1
[EnemyManager] Enemigo activo en posición: {X:1101,9814 Y:1101,9814}
[EnemyManager] Enemigos activos: 1
[EnemyRenderer] Dibujando enemigo en posición: {X:1102,1481 Y:1102,1481}
[EnemyRenderer] Enemigos activos para dibujar: 1
[Camera] Posición: {X:821,99976 Y:901,99976}, Zoom: 1
[EnemyManager] Enemigo activo en posición: {X:1102,1481 Y:1102,1481}
[EnemyManager] Enemigos activos: 1
[EnemyRenderer] Dibujando enemigo en posición: {X:1102,3147 Y:1102,3147}
[EnemyRenderer] Enemigos activos para dibujar: 1
[Camera] Posición: {X:821,99976 Y:901,99976}, Zoom: 1
[EnemyManager] Enemigo activo en posición: {X:1102,3147 Y:1102,3147}
[EnemyManager] Enemigos activos: 1
[EnemyRenderer] Dibujando enemigo en posición: {X:1102,4813 Y:1102,4813}
[EnemyRenderer] Enemigos activos para dibujar: 1
[Camera] Posición: {X:821,99976 Y:901,99976}, Zoom: 1
[EnemyManager] Enemigo activo en posición: {X:1102,4813 Y:1102,4813}
[EnemyManager] Enemigos activos: 1
[EnemyRenderer] Dibujando enemigo en posición: {X:1102,648 Y:1102,648}
[EnemyRenderer] Enemigos activos para dibujar: 1
[Camera] Posición: {X:821,99976 Y:901,99976}, Zoom: 1
[EnemyManager] Enemigo activo en posición: {X:1102,648 Y:1102,648}
[EnemyManager] Enemigos activos: 1
[EnemyRenderer] Dibujando enemigo en posición: {X:1102,8146 Y:1102,8146}
[EnemyRenderer] Enemigos activos para dibujar: 1
[Camera] Posición: {X:821,99976 Y:901,99976}, Zoom: 1
[EnemyManager] Enemigo activo en posición: {X:1102,8146 Y:1102,8146}
[EnemyManager] Enemigos activos: 1
[EnemyRenderer] Dibujando enemigo en posición: {X:1102,9812 Y:1102,9812}
[EnemyRenderer] Enemigos activos para dibujar: 1
[Camera] Posición: {X:821,99976 Y:901,99976}, Zoom: 1
[EnemyManager] Enemigo activo en posición: {X:1102,9812 Y:1102,9812}
[EnemyManager] Enemigos activos: 1
[EnemyRenderer] Dibujando enemigo en posición: {X:1103,1478 Y:1103,1478}
[EnemyRenderer] Enemigos activos para dibujar: 1
[Camera] Posición: {X:821,99976 Y:901,99976}, Zoom: 1
[EnemyManager] Enemigo activo en posición: {X:1103,1478 Y:1103,1478}
[EnemyManager] Enemigos activos: 1
[EnemyRenderer] Dibujando enemigo en posición: {X:1103,3145 Y:1103,3145}
[EnemyRenderer] Enemigos activos para dibujar: 1
[Camera] Posición: {X:821,99976 Y:901,99976}, Zoom: 1
[EnemyManager] Enemigo activo en posición: {X:1103,3145 Y:1103,3145}
[EnemyManager] Enemigos activos: 1
[EnemyRenderer] Dibujando enemigo en posición: {X:1103,4811 Y:1103,4811}
[EnemyRenderer] Enemigos activos para dibujar: 1
[Camera] Posición: {X:821,99976 Y:901,99976}, Zoom: 1
[EnemyManager] Enemigo activo en posición: {X:1103,4811 Y:1103,4811}
[EnemyManager] Enemigos activos: 1
[EnemyRenderer] Dibujando enemigo en posición: {X:1103,6477 Y:1103,6477}
[EnemyRenderer] Enemigos activos para dibujar: 1
[Camera] Posición: {X:821,99976 Y:901,99976}, Zoom: 1
[EnemyManager] Enemigo activo en posición: {X:1103,6477 Y:1103,6477}
[EnemyManager] Enemigos activos: 1
[EnemyRenderer] Dibujando enemigo en posición: {X:1103,8143 Y:1103,8143}
[EnemyRenderer] Enemigos activos para dibujar: 1
[Camera] Posición: {X:821,99976 Y:901,99976}, Zoom: 1
[EnemyManager] Enemigo activo en posición: {X:1103,8143 Y:1103,8143}
[EnemyManager] Enemigos activos: 1
[EnemyRenderer] Dibujando enemigo en posición: {X:1103,981 Y:1103,981}
[EnemyRenderer] Enemigos activos para dibujar: 1
[Camera] Posición: {X:821,99976 Y:901,99976}, Zoom: 1
[EnemyManager] Enemigo activo en posición: {X:1103,981 Y:1103,981}
[EnemyManager] Enemigos activos: 1
[EnemyRenderer] Dibujando enemigo en posición: {X:1104,1476 Y:1104,1476}
[EnemyRenderer] Enemigos activos para dibujar: 1
[Camera] Posición: {X:821,99976 Y:901,99976}, Zoom: 1
[EnemyManager] Enemigo activo en posición: {X:1104,1476 Y:1104,1476}
[EnemyManager] Enemigos activos: 1
[EnemyRenderer] Dibujando enemigo en posición: {X:1104,3142 Y:1104,3142}
[EnemyRenderer] Enemigos activos para dibujar: 1
[Camera] Posición: {X:821,99976 Y:901,99976}, Zoom: 1
[EnemyManager] Enemigo activo en posición: {X:1104,3142 Y:1104,3142}
[EnemyManager] Enemigos activos: 1
[EnemyRenderer] Dibujando enemigo en posición: {X:1104,4808 Y:1104,4808}
[EnemyRenderer] Enemigos activos para dibujar: 1
[Camera] Posición: {X:821,99976 Y:901,99976}, Zoom: 1
[EnemyManager] Enemigo activo en posición: {X:1104,4808 Y:1104,4808}
[EnemyManager] Enemigos activos: 1
[EnemyRenderer] Dibujando enemigo en posición: {X:1104,6475 Y:1104,6475}
[EnemyRenderer] Enemigos activos para dibujar: 1
[Camera] Posición: {X:821,99976 Y:901,99976}, Zoom: 1
[EnemyManager] Enemigo activo en posición: {X:1104,6475 Y:1104,6475}
[EnemyManager] Enemigos activos: 1
[EnemyRenderer] Dibujando enemigo en posición: {X:1104,8141 Y:1104,8141}
[EnemyRenderer] Enemigos activos para dibujar: 1
[Camera] Posición: {X:821,99976 Y:901,99976}, Zoom: 1
[EnemyManager] Enemigo activo en posición: {X:1104,8141 Y:1104,8141}
[EnemyManager] Enemigos activos: 1
[EnemyRenderer] Dibujando enemigo en posición: {X:1104,9807 Y:1104,9807}
[EnemyRenderer] Enemigos activos para dibujar: 1
[Camera] Posición: {X:821,99976 Y:901,99976}, Zoom: 1
[EnemyManager] Enemigo activo en posición: {X:1104,9807 Y:1104,9807}
[EnemyManager] Enemigos activos: 1
[EnemyRenderer] Dibujando enemigo en posición: {X:1105,1473 Y:1105,1473}
[EnemyRenderer] Enemigos activos para dibujar: 1
[Camera] Posición: {X:821,99976 Y:901,99976}, Zoom: 1
[EnemyManager] Enemigo activo en posición: {X:1105,1473 Y:1105,1473}
[EnemyManager] Enemigos activos: 1
[EnemyRenderer] Dibujando enemigo en posición: {X:1105,314 Y:1105,314}
[EnemyRenderer] Enemigos activos para dibujar: 1
[Camera] Posición: {X:821,99976 Y:901,99976}, Zoom: 1
[EnemyManager] Enemigo activo en posición: {X:1105,314 Y:1105,314}
[EnemyManager] Enemigos activos: 1
[EnemyRenderer] Dibujando enemigo en posición: {X:1105,4806 Y:1105,4806}
[EnemyRenderer] Enemigos activos para dibujar: 1
[Camera] Posición: {X:821,99976 Y:901,99976}, Zoom: 1
[EnemyManager] Enemigo activo en posición: {X:1105,4806 Y:1105,4806}
[EnemyManager] Enemigos activos: 1
[EnemyRenderer] Dibujando enemigo en posición: {X:1105,6472 Y:1105,6472}
[EnemyRenderer] Enemigos activos para dibujar: 1
[Camera] Posición: {X:821,99976 Y:901,99976}, Zoom: 1
[EnemyManager] Enemigo activo en posición: {X:1105,6472 Y:1105,6472}
[EnemyManager] Enemigos activos: 1
[EnemyRenderer] Dibujando enemigo en posición: {X:1105,8138 Y:1105,8138}
[EnemyRenderer] Enemigos activos para dibujar: 1
[Camera] Posición: {X:821,99976 Y:901,99976}, Zoom: 1
[EnemyManager] Enemigo activo en posición: {X:1105,8138 Y:1105,8138}
[EnemyManager] Enemigos activos: 1
[EnemyRenderer] Dibujando enemigo en posición: {X:1105,9805 Y:1105,9805}
[EnemyRenderer] Enemigos activos para dibujar: 1
[Camera] Posición: {X:821,99976 Y:901,99976}, Zoom: 1
[EnemyManager] Enemigo activo en posición: {X:1105,9805 Y:1105,9805}
[EnemyManager] Enemigos activos: 1
[EnemyRenderer] Dibujando enemigo en posición: {X:1106,1471 Y:1106,1471}
[EnemyRenderer] Enemigos activos para dibujar: 1
[Camera] Posición: {X:821,99976 Y:901,99976}, Zoom: 1
[EnemyManager] Enemigo activo en posición: {X:1106,1471 Y:1106,1471}
[EnemyManager] Enemigos activos: 1
[EnemyRenderer] Dibujando enemigo en posición: {X:1106,3137 Y:1106,3137}
[EnemyRenderer] Enemigos activos para dibujar: 1
[Camera] Posición: {X:821,99976 Y:901,99976}, Zoom: 1
[EnemyManager] Enemigo activo en posición: {X:1106,3137 Y:1106,3137}
[EnemyManager] Enemigos activos: 1
[EnemyRenderer] Dibujando enemigo en posición: {X:1106,4803 Y:1106,4803}
[EnemyRenderer] Enemigos activos para dibujar: 1
[Camera] Posición: {X:821,99976 Y:901,99976}, Zoom: 1
[EnemyManager] Enemigo activo en posición: {X:1106,4803 Y:1106,4803}
[EnemyManager] Enemigos activos: 1
[EnemyRenderer] Dibujando enemigo en posición: {X:1106,647 Y:1106,647}
[EnemyRenderer] Enemigos activos para dibujar: 1
[Camera] Posición: {X:821,99976 Y:901,99976}, Zoom: 1
[EnemyManager] Enemigo activo en posición: {X:1106,647 Y:1106,647}
[EnemyManager] Enemigos activos: 1
[EnemyRenderer] Dibujando enemigo en posición: {X:1106,8136 Y:1106,8136}
[EnemyRenderer] Enemigos activos para dibujar: 1
[Camera] Posición: {X:821,99976 Y:901,99976}, Zoom: 1
[EnemyManager] Enemigo activo en posición: {X:1106,8136 Y:1106,8136}
[EnemyManager] Enemigos activos: 1
[EnemyRenderer] Dibujando enemigo en posición: {X:1106,9802 Y:1106,9802}
[EnemyRenderer] Enemigos activos para dibujar: 1
[Camera] Posición: {X:821,99976 Y:901,99976}, Zoom: 1
[EnemyManager] Enemigo activo en posición: {X:1106,9802 Y:1106,9802}
[EnemyManager] Enemigos activos: 1
[EnemyRenderer] Dibujando enemigo en posición: {X:1107,1469 Y:1107,1469}
[EnemyRenderer] Enemigos activos para dibujar: 1
[Camera] Posición: {X:821,99976 Y:901,99976}, Zoom: 1
[EnemyManager] Enemigo activo en posición: {X:1107,1469 Y:1107,1469}
[EnemyManager] Enemigos activos: 1
[EnemyRenderer] Dibujando enemigo en posición: {X:1107,3135 Y:1107,3135}
[EnemyRenderer] Enemigos activos para dibujar: 1
[Camera] Posición: {X:821,99976 Y:901,99976}, Zoom: 1
[EnemyManager] Enemigo activo en posición: {X:1107,3135 Y:1107,3135}
[EnemyManager] Enemigos activos: 1
[EnemyRenderer] Dibujando enemigo en posición: {X:1107,4801 Y:1107,4801}
[EnemyRenderer] Enemigos activos para dibujar: 1
[Camera] Posición: {X:821,99976 Y:901,99976}, Zoom: 1
[EnemyManager] Enemigo activo en posición: {X:1107,4801 Y:1107,4801}
[EnemyManager] Enemigos activos: 1
[EnemyRenderer] Dibujando enemigo en posición: {X:1107,6467 Y:1107,6467}
[EnemyRenderer] Enemigos activos para dibujar: 1
[Camera] Posición: {X:821,99976 Y:901,99976}, Zoom: 1
[EnemyManager] Enemigo activo en posición: {X:1107,6467 Y:1107,6467}
[EnemyManager] Enemigos activos: 1
[EnemyRenderer] Dibujando enemigo en posición: {X:1107,8134 Y:1107,8134}
[EnemyRenderer] Enemigos activos para dibujar: 1
[Camera] Posición: {X:821,99976 Y:901,99976}, Zoom: 1
[EnemyManager] Enemigo activo en posición: {X:1107,8134 Y:1107,8134}
[EnemyManager] Enemigos activos: 1
[EnemyRenderer] Dibujando enemigo en posición: {X:1107,98 Y:1107,98}
[EnemyRenderer] Enemigos activos para dibujar: 1
[Camera] Posición: {X:821,99976 Y:901,99976}, Zoom: 1
[EnemyManager] Enemigo activo en posición: {X:1107,98 Y:1107,98}
[EnemyManager] Enemigos activos: 1
[EnemyRenderer] Dibujando enemigo en posición: {X:1108,1466 Y:1108,1466}
[EnemyRenderer] Enemigos activos para dibujar: 1
[Camera] Posición: {X:821,99976 Y:901,99976}, Zoom: 1
[EnemyManager] Enemigo activo en posición: {X:1108,1466 Y:1108,1466}
[EnemyManager] Enemigos activos: 1
[EnemyRenderer] Dibujando enemigo en posición: {X:1108,3132 Y:1108,3132}
[EnemyRenderer] Enemigos activos para dibujar: 1
[Camera] Posición: {X:821,99976 Y:901,99976}, Zoom: 1
[EnemyManager] Enemigo activo en posición: {X:1108,3132 Y:1108,3132}
[EnemyManager] Enemigos activos: 1
[EnemyRenderer] Dibujando enemigo en posición: {X:1108,4799 Y:1108,4799}
[EnemyRenderer] Enemigos activos para dibujar: 1
[Camera] Posición: {X:821,99976 Y:901,99976}, Zoom: 1
[EnemyManager] Enemigo activo en posición: {X:1108,4799 Y:1108,4799}
[EnemyManager] Enemigos activos: 1
[EnemyRenderer] Dibujando enemigo en posición: {X:1108,6465 Y:1108,6465}
[EnemyRenderer] Enemigos activos para dibujar: 1
[Camera] Posición: {X:821,99976 Y:901,99976}, Zoom: 1
[EnemyManager] Enemigo activo en posición: {X:1108,6465 Y:1108,6465}
[EnemyManager] Enemigos activos: 1
[EnemyRenderer] Dibujando enemigo en posición: {X:1108,8131 Y:1108,8131}
[EnemyRenderer] Enemigos activos para dibujar: 1
[Camera] Posición: {X:821,99976 Y:901,99976}, Zoom: 1
[EnemyManager] Enemigo activo en posición: {X:1108,8131 Y:1108,8131}
[EnemyManager] Enemigos activos: 1
[EnemyRenderer] Dibujando enemigo en posición: {X:1108,9797 Y:1108,9797}
[EnemyRenderer] Enemigos activos para dibujar: 1
[Camera] Posición: {X:821,99976 Y:901,99976}, Zoom: 1
[EnemyManager] Enemigo activo en posición: {X:1108,9797 Y:1108,9797}
[EnemyManager] Enemigos activos: 1
[EnemyRenderer] Dibujando enemigo en posición: {X:1109,1464 Y:1109,1464}
[EnemyRenderer] Enemigos activos para dibujar: 1
[Camera] Posición: {X:821,99976 Y:901,99976}, Zoom: 1
[EnemyManager] Enemigo activo en posición: {X:1109,1464 Y:1109,1464}
[EnemyManager] Enemigos activos: 1
[EnemyRenderer] Dibujando enemigo en posición: {X:1109,313 Y:1109,313}
[EnemyRenderer] Enemigos activos para dibujar: 1
[Camera] Posición: {X:821,99976 Y:901,99976}, Zoom: 1
[EnemyManager] Enemigo activo en posición: {X:1109,313 Y:1109,313}
[EnemyManager] Enemigos activos: 1
[EnemyRenderer] Dibujando enemigo en posición: {X:1109,4796 Y:1109,4796}
[EnemyRenderer] Enemigos activos para dibujar: 1
[Camera] Posición: {X:821,99976 Y:901,99976}, Zoom: 1
[EnemyManager] Enemigo activo en posición: {X:1109,4796 Y:1109,4796}
[EnemyManager] Enemigos activos: 1
[EnemyRenderer] Dibujando enemigo en posición: {X:1109,6462 Y:1109,6462}
[EnemyRenderer] Enemigos activos para dibujar: 1
[Camera] Posición: {X:821,99976 Y:901,99976}, Zoom: 1
[EnemyManager] Enemigo activo en posición: {X:1109,6462 Y:1109,6462}
[EnemyManager] Enemigos activos: 1
[EnemyRenderer] Dibujando enemigo en posición: {X:1109,8129 Y:1109,8129}
[EnemyRenderer] Enemigos activos para dibujar: 1
[Camera] Posición: {X:821,99976 Y:901,99976}, Zoom: 1
[EnemyManager] Enemigo activo en posición: {X:1109,8129 Y:1109,8129}
[EnemyManager] Enemigos activos: 1
[EnemyRenderer] Dibujando enemigo en posición: {X:1109,9795 Y:1109,9795}
[EnemyRenderer] Enemigos activos para dibujar: 1
[Camera] Posición: {X:821,99976 Y:901,99976}, Zoom: 1
[EnemyManager] Enemigo activo en posición: {X:1109,9795 Y:1109,9795}
[EnemyManager] Enemigos activos: 1
[EnemyRenderer] Dibujando enemigo en posición: {X:1110,1461 Y:1110,1461}
[EnemyRenderer] Enemigos activos para dibujar: 1
[Camera] Posición: {X:821,99976 Y:901,99976}, Zoom: 1
[EnemyManager] Enemigo activo en posición: {X:1110,1461 Y:1110,1461}
[EnemyManager] Enemigos activos: 1
[EnemyRenderer] Dibujando enemigo en posición: {X:1110,3127 Y:1110,3127}
[EnemyRenderer] Enemigos activos para dibujar: 1
[Camera] Posición: {X:821,99976 Y:901,99976}, Zoom: 1
[EnemyManager] Enemigo activo en posición: {X:1110,3127 Y:1110,3127}
[EnemyManager] Enemigos activos: 1
[EnemyRenderer] Dibujando enemigo en posición: {X:1110,4794 Y:1110,4794}
[EnemyRenderer] Enemigos activos para dibujar: 1
[Camera] Posición: {X:821,99976 Y:901,99976}, Zoom: 1
[EnemyManager] Enemigo activo en posición: {X:1110,4794 Y:1110,4794}
[EnemyManager] Enemigos activos: 1
[EnemyRenderer] Dibujando enemigo en posición: {X:1110,646 Y:1110,646}
[EnemyRenderer] Enemigos activos para dibujar: 1
[Camera] Posición: {X:821,99976 Y:901,99976}, Zoom: 1
[EnemyManager] Enemigo activo en posición: {X:1110,646 Y:1110,646}
[EnemyManager] Enemigos activos: 1
[EnemyRenderer] Dibujando enemigo en posición: {X:1110,8126 Y:1110,8126}
[EnemyRenderer] Enemigos activos para dibujar: 1
[Camera] Posición: {X:821,99976 Y:901,99976}, Zoom: 1
[EnemyManager] Enemigo activo en posición: {X:1110,8126 Y:1110,8126}
[EnemyManager] Enemigos activos: 1
[EnemyRenderer] Dibujando enemigo en posición: {X:1110,9792 Y:1110,9792}
[EnemyRenderer] Enemigos activos para dibujar: 1
[Camera] Posición: {X:821,99976 Y:901,99976}, Zoom: 1
[EnemyManager] Enemigo activo en posición: {X:1110,9792 Y:1110,9792}
[EnemyManager] Enemigos activos: 1
[EnemyRenderer] Dibujando enemigo en posición: {X:1111,1459 Y:1111,1459}
[EnemyRenderer] Enemigos activos para dibujar: 1
[Camera] Posición: {X:821,99976 Y:901,99976}, Zoom: 1
[EnemyManager] Enemigo activo en posición: {X:1111,1459 Y:1111,1459}
[EnemyManager] Enemigos activos: 1
[EnemyRenderer] Dibujando enemigo en posición: {X:1111,3125 Y:1111,3125}
[EnemyRenderer] Enemigos activos para dibujar: 1
[Camera] Posición: {X:821,99976 Y:901,99976}, Zoom: 1
[EnemyManager] Enemigo activo en posición: {X:1111,3125 Y:1111,3125}
[EnemyManager] Enemigos activos: 1
[EnemyRenderer] Dibujando enemigo en posición: {X:1111,4791 Y:1111,4791}
[EnemyRenderer] Enemigos activos para dibujar: 1
[Camera] Posición: {X:821,99976 Y:901,99976}, Zoom: 1
[EnemyManager] Enemigo activo en posición: {X:1111,4791 Y:1111,4791}
[EnemyManager] Enemigos activos: 1
[EnemyRenderer] Dibujando enemigo en posición: {X:1111,6458 Y:1111,6458}
[EnemyRenderer] Enemigos activos para dibujar: 1
[Camera] Posición: {X:821,99976 Y:901,99976}, Zoom: 1
[EnemyManager] Enemigo activo en posición: {X:1111,6458 Y:1111,6458}
[EnemyManager] Enemigos activos: 1
[EnemyRenderer] Dibujando enemigo en posición: {X:1111,8124 Y:1111,8124}
[EnemyRenderer] Enemigos activos para dibujar: 1
[Camera] Posición: {X:821,99976 Y:901,99976}, Zoom: 1
[EnemyManager] Enemigo activo en posición: {X:1111,8124 Y:1111,8124}
[EnemyManager] Enemigos activos: 1
[EnemyRenderer] Dibujando enemigo en posición: {X:1111,979 Y:1111,979}
[EnemyRenderer] Enemigos activos para dibujar: 1
[Camera] Posición: {X:821,99976 Y:901,99976}, Zoom: 1
[EnemyManager] Enemigo activo en posición: {X:1111,979 Y:1111,979}
[EnemyManager] Enemigos activos: 1
[EnemyRenderer] Dibujando enemigo en posición: {X:1112,1456 Y:1112,1456}
[EnemyRenderer] Enemigos activos para dibujar: 1
[Camera] Posición: {X:821,99976 Y:901,99976}, Zoom: 1
[EnemyManager] Enemigo activo en posición: {X:1112,1456 Y:1112,1456}
[EnemyManager] Enemigos activos: 1
[EnemyRenderer] Dibujando enemigo en posición: {X:1112,3123 Y:1112,3123}
[EnemyRenderer] Enemigos activos para dibujar: 1
[Camera] Posición: {X:821,99976 Y:901,99976}, Zoom: 1
[EnemyManager] Enemigo activo en posición: {X:1112,3123 Y:1112,3123}
[EnemyManager] Enemigos activos: 1
[EnemyRenderer] Dibujando enemigo en posición: {X:1112,4789 Y:1112,4789}
[EnemyRenderer] Enemigos activos para dibujar: 1
[Camera] Posición: {X:821,99976 Y:901,99976}, Zoom: 1
[EnemyManager] Enemigo activo en posición: {X:1112,4789 Y:1112,4789}
[EnemyManager] Enemigos activos: 1
[EnemyRenderer] Dibujando enemigo en posición: {X:1112,6455 Y:1112,6455}
[EnemyRenderer] Enemigos activos para dibujar: 1
[Camera] Posición: {X:821,99976 Y:901,99976}, Zoom: 1
[EnemyManager] Enemigo activo en posición: {X:1112,6455 Y:1112,6455}
[EnemyManager] Enemigos activos: 1
[EnemyRenderer] Dibujando enemigo en posición: {X:1112,8121 Y:1112,8121}
[EnemyRenderer] Enemigos activos para dibujar: 1
[Camera] Posición: {X:821,99976 Y:901,99976}, Zoom: 1
[EnemyManager] Enemigo activo en posición: {X:1112,8121 Y:1112,8121}
[EnemyManager] Enemigos activos: 1
[EnemyRenderer] Dibujando enemigo en posición: {X:1112,9788 Y:1112,9788}
[EnemyRenderer] Enemigos activos para dibujar: 1
[Camera] Posición: {X:821,99976 Y:901,99976}, Zoom: 1
[EnemyManager] Enemigo activo en posición: {X:1112,9788 Y:1112,9788}
[EnemyManager] Enemigos activos: 1
[EnemyRenderer] Dibujando enemigo en posición: {X:1113,1454 Y:1113,1454}
[EnemyRenderer] Enemigos activos para dibujar: 1
[Camera] Posición: {X:821,99976 Y:901,99976}, Zoom: 1
[EnemyManager] Enemigo activo en posición: {X:1113,1454 Y:1113,1454}
[EnemyManager] Enemigos activos: 1
[EnemyRenderer] Dibujando enemigo en posición: {X:1113,312 Y:1113,312}
[EnemyRenderer] Enemigos activos para dibujar: 1
[Camera] Posición: {X:821,99976 Y:901,99976}, Zoom: 1
[EnemyManager] Enemigo activo en posición: {X:1113,312 Y:1113,312}
[EnemyManager] Enemigos activos: 1
[EnemyRenderer] Dibujando enemigo en posición: {X:1113,4786 Y:1113,4786}
[EnemyRenderer] Enemigos activos para dibujar: 1
[Camera] Posición: {X:821,99976 Y:901,99976}, Zoom: 1
[EnemyManager] Enemigo activo en posición: {X:1113,4786 Y:1113,4786}
[EnemyManager] Enemigos activos: 1
[EnemyRenderer] Dibujando enemigo en posición: {X:1113,6453 Y:1113,6453}
[EnemyRenderer] Enemigos activos para dibujar: 1
[Camera] Posición: {X:821,99976 Y:901,99976}, Zoom: 1
[EnemyManager] Enemigo activo en posición: {X:1113,6453 Y:1113,6453}
[EnemyManager] Enemigos activos: 1
[EnemyRenderer] Dibujando enemigo en posición: {X:1113,8119 Y:1113,8119}
[EnemyRenderer] Enemigos activos para dibujar: 1
[Camera] Posición: {X:821,99976 Y:901,99976}, Zoom: 1
[EnemyManager] Enemigo activo en posición: {X:1113,8119 Y:1113,8119}
[EnemyManager] Enemigos activos: 1
[EnemyRenderer] Dibujando enemigo en posición: {X:1113,9785 Y:1113,9785}
[EnemyRenderer] Enemigos activos para dibujar: 1
[Camera] Posición: {X:821,99976 Y:901,99976}, Zoom: 1
[EnemyManager] Enemigo activo en posición: {X:1113,9785 Y:1113,9785}
[EnemyManager] Enemigos activos: 1
[EnemyRenderer] Dibujando enemigo en posición: {X:1114,1451 Y:1114,1451}
[EnemyRenderer] Enemigos activos para dibujar: 1
[Camera] Posición: {X:821,99976 Y:901,99976}, Zoom: 1
[EnemyManager] Enemigo activo en posición: {X:1114,1451 Y:1114,1451}
[EnemyManager] Enemigos activos: 1
[EnemyRenderer] Dibujando enemigo en posición: {X:1114,3118 Y:1114,3118}
[EnemyRenderer] Enemigos activos para dibujar: 1
[Camera] Posición: {X:821,99976 Y:901,99976}, Zoom: 1
[EnemyManager] Enemigo activo en posición: {X:1114,3118 Y:1114,3118}
[EnemyManager] Enemigos activos: 1
[EnemyRenderer] Dibujando enemigo en posición: {X:1114,4784 Y:1114,4784}
[EnemyRenderer] Enemigos activos para dibujar: 1
[Camera] Posición: {X:821,99976 Y:901,99976}, Zoom: 1
[EnemyManager] Enemigo activo en posición: {X:1114,4784 Y:1114,4784}
[EnemyManager] Enemigos activos: 1
[EnemyRenderer] Dibujando enemigo en posición: {X:1114,645 Y:1114,645}
[EnemyRenderer] Enemigos activos para dibujar: 1
[Camera] Posición: {X:821,99976 Y:901,99976}, Zoom: 1
[EnemyManager] Enemigo activo en posición: {X:1114,645 Y:1114,645}
[EnemyManager] Enemigos activos: 1
[EnemyRenderer] Dibujando enemigo en posición: {X:1114,8116 Y:1114,8116}
[EnemyRenderer] Enemigos activos para dibujar: 1
[Camera] Posición: {X:821,99976 Y:901,99976}, Zoom: 1
[EnemyManager] Enemigo activo en posición: {X:1114,8116 Y:1114,8116}
[EnemyManager] Enemigos activos: 1
[EnemyRenderer] Dibujando enemigo en posición: {X:1114,9783 Y:1114,9783}
[EnemyRenderer] Enemigos activos para dibujar: 1
[Camera] Posición: {X:821,99976 Y:901,99976}, Zoom: 1
[EnemyManager] Enemigo activo en posición: {X:1114,9783 Y:1114,9783}
[EnemyManager] Enemigos activos: 1
[EnemyRenderer] Dibujando enemigo en posición: {X:1115,1449 Y:1115,1449}
[EnemyRenderer] Enemigos activos para dibujar: 1
[Camera] Posición: {X:821,99976 Y:901,99976}, Zoom: 1
[EnemyManager] Enemigo activo en posición: {X:1115,1449 Y:1115,1449}
[EnemyManager] Enemigos activos: 1
[EnemyRenderer] Dibujando enemigo en posición: {X:1115,3115 Y:1115,3115}
[EnemyRenderer] Enemigos activos para dibujar: 1
[Camera] Posición: {X:821,99976 Y:901,99976}, Zoom: 1
[EnemyManager] Enemigo activo en posición: {X:1115,3115 Y:1115,3115}
[EnemyManager] Enemigos activos: 1
[EnemyRenderer] Dibujando enemigo en posición: {X:1115,4781 Y:1115,4781}
[EnemyRenderer] Enemigos activos para dibujar: 1
[Camera] Posición: {X:821,99976 Y:901,99976}, Zoom: 1
[EnemyManager] Enemigo activo en posición: {X:1115,4781 Y:1115,4781}
[EnemyManager] Enemigos activos: 1
[EnemyRenderer] Dibujando enemigo en posición: {X:1115,6448 Y:1115,6448}
[EnemyRenderer] Enemigos activos para dibujar: 1
[Camera] Posición: {X:821,99976 Y:901,99976}, Zoom: 1
[EnemyManager] Enemigo activo en posición: {X:1115,6448 Y:1115,6448}
[EnemyManager] Enemigos activos: 1
[EnemyRenderer] Dibujando enemigo en posición: {X:1115,8114 Y:1115,8114}
[EnemyRenderer] Enemigos activos para dibujar: 1
[Camera] Posición: {X:821,99976 Y:901,99976}, Zoom: 1
[EnemyManager] Enemigo activo en posición: {X:1115,8114 Y:1115,8114}
[EnemyManager] Enemigos activos: 1
[EnemyRenderer] Dibujando enemigo en posición: {X:1115,978 Y:1115,978}
[EnemyRenderer] Enemigos activos para dibujar: 1
[Camera] Posición: {X:821,99976 Y:901,99976}, Zoom: 1
[EnemyManager] Enemigo activo en posición: {X:1115,978 Y:1115,978}
[EnemyManager] Enemigos activos: 1
[EnemyRenderer] Dibujando enemigo en posición: {X:1116,1447 Y:1116,1447}
[EnemyRenderer] Enemigos activos para dibujar: 1
[Camera] Posición: {X:821,99976 Y:901,99976}, Zoom: 1
[EnemyManager] Enemigo activo en posición: {X:1116,1447 Y:1116,1447}
[EnemyManager] Enemigos activos: 1
[EnemyRenderer] Dibujando enemigo en posición: {X:1116,3113 Y:1116,3113}
[EnemyRenderer] Enemigos activos para dibujar: 1
[Camera] Posición: {X:821,99976 Y:901,99976}, Zoom: 1
[EnemyManager] Enemigo activo en posición: {X:1116,3113 Y:1116,3113}
[EnemyManager] Enemigos activos: 1
[EnemyRenderer] Dibujando enemigo en posición: {X:1116,4779 Y:1116,4779}
[EnemyRenderer] Enemigos activos para dibujar: 1
[Camera] Posición: {X:821,99976 Y:901,99976}, Zoom: 1
[EnemyManager] Enemigo activo en posición: {X:1116,4779 Y:1116,4779}
[EnemyManager] Enemigos activos: 1
[EnemyRenderer] Dibujando enemigo en posición: {X:1116,6445 Y:1116,6445}
[EnemyRenderer] Enemigos activos para dibujar: 1
[Camera] Posición: {X:821,99976 Y:901,99976}, Zoom: 1
[EnemyManager] Enemigo activo en posición: {X:1116,6445 Y:1116,6445}
[EnemyManager] Enemigos activos: 1
[EnemyRenderer] Dibujando enemigo en posición: {X:1116,8112 Y:1116,8112}
[EnemyRenderer] Enemigos activos para dibujar: 1
[Camera] Posición: {X:821,99976 Y:901,99976}, Zoom: 1
[EnemyManager] Enemigo activo en posición: {X:1116,8112 Y:1116,8112}
[EnemyManager] Enemigos activos: 1
[EnemyRenderer] Dibujando enemigo en posición: {X:1116,9778 Y:1116,9778}
[EnemyRenderer] Enemigos activos para dibujar: 1
[Camera] Posición: {X:821,99976 Y:901,99976}, Zoom: 1
[EnemyManager] Enemigo activo en posición: {X:1116,9778 Y:1116,9778}
[EnemyManager] Enemigos activos: 1
[EnemyRenderer] Dibujando enemigo en posición: {X:1117,1444 Y:1117,1444}
[EnemyRenderer] Enemigos activos para dibujar: 1
[Camera] Posición: {X:821,99976 Y:901,99976}, Zoom: 1
[EnemyManager] Enemigo activo en posición: {X:1117,1444 Y:1117,1444}
[EnemyManager] Enemigos activos: 1
[EnemyRenderer] Dibujando enemigo en posición: {X:1117,311 Y:1117,311}
[EnemyRenderer] Enemigos activos para dibujar: 1
[Camera] Posición: {X:821,99976 Y:901,99976}, Zoom: 1
[EnemyManager] Enemigo activo en posición: {X:1117,311 Y:1117,311}
[EnemyManager] Enemigos activos: 1
[EnemyRenderer] Dibujando enemigo en posición: {X:1117,4777 Y:1117,4777}
[EnemyRenderer] Enemigos activos para dibujar: 1
[Camera] Posición: {X:821,99976 Y:901,99976}, Zoom: 1
[EnemyManager] Enemigo activo en posición: {X:1117,4777 Y:1117,4777}
[EnemyManager] Enemigos activos: 1
[EnemyRenderer] Dibujando enemigo en posición: {X:1117,6443 Y:1117,6443}
[EnemyRenderer] Enemigos activos para dibujar: 1
[Camera] Posición: {X:821,99976 Y:901,99976}, Zoom: 1
[EnemyManager] Enemigo activo en posición: {X:1117,6443 Y:1117,6443}
[EnemyManager] Enemigos activos: 1
[EnemyRenderer] Dibujando enemigo en posición: {X:1117,8109 Y:1117,8109}
[EnemyRenderer] Enemigos activos para dibujar: 1
[Camera] Posición: {X:821,99976 Y:901,99976}, Zoom: 1
[EnemyManager] Enemigo activo en posición: {X:1117,8109 Y:1117,8109}
[EnemyManager] Enemigos activos: 1
[EnemyRenderer] Dibujando enemigo en posición: {X:1117,9775 Y:1117,9775}
[EnemyRenderer] Enemigos activos para dibujar: 1
[Camera] Posición: {X:821,99976 Y:901,99976}, Zoom: 1
[EnemyManager] Enemigo activo en posición: {X:1117,9775 Y:1117,9775}
[EnemyManager] Enemigos activos: 1
[EnemyRenderer] Dibujando enemigo en posición: {X:1118,1442 Y:1118,1442}
[EnemyRenderer] Enemigos activos para dibujar: 1
[Camera] Posición: {X:821,99976 Y:901,99976}, Zoom: 1
[EnemyManager] Enemigo activo en posición: {X:1118,1442 Y:1118,1442}
[EnemyManager] Enemigos activos: 1
[EnemyRenderer] Dibujando enemigo en posición: {X:1118,3108 Y:1118,3108}
[EnemyRenderer] Enemigos activos para dibujar: 1
[Camera] Posición: {X:821,99976 Y:901,99976}, Zoom: 1
[EnemyManager] Enemigo activo en posición: {X:1118,3108 Y:1118,3108}
[EnemyManager] Enemigos activos: 1
[EnemyRenderer] Dibujando enemigo en posición: {X:1118,4774 Y:1118,4774}
[EnemyRenderer] Enemigos activos para dibujar: 1
[Camera] Posición: {X:821,99976 Y:901,99976}, Zoom: 1
[EnemyManager] Enemigo activo en posición: {X:1118,4774 Y:1118,4774}
[EnemyManager] Enemigos activos: 1
[EnemyRenderer] Dibujando enemigo en posición: {X:1118,644 Y:1118,644}
[EnemyRenderer] Enemigos activos para dibujar: 1
[Camera] Posición: {X:821,99976 Y:901,99976}, Zoom: 1
[EnemyManager] Enemigo activo en posición: {X:1118,644 Y:1118,644}
[EnemyManager] Enemigos activos: 1
[EnemyRenderer] Dibujando enemigo en posición: {X:1118,8107 Y:1118,8107}
[EnemyRenderer] Enemigos activos para dibujar: 1
[Camera] Posición: {X:821,99976 Y:901,99976}, Zoom: 1
[EnemyManager] Enemigo activo en posición: {X:1118,8107 Y:1118,8107}
[EnemyManager] Enemigos activos: 1
[EnemyRenderer] Dibujando enemigo en posición: {X:1118,9773 Y:1118,9773}
[EnemyRenderer] Enemigos activos para dibujar: 1
[Camera] Posición: {X:821,99976 Y:901,99976}, Zoom: 1
[EnemyManager] Enemigo activo en posición: {X:1118,9773 Y:1118,9773}
[EnemyManager] Enemigos activos: 1
[EnemyRenderer] Dibujando enemigo en posición: {X:1119,1439 Y:1119,1439}
[EnemyRenderer] Enemigos activos para dibujar: 1
[Camera] Posición: {X:821,99976 Y:901,99976}, Zoom: 1
[EnemyManager] Enemigo activo en posición: {X:1119,1439 Y:1119,1439}
[EnemyManager] Enemigos activos: 1
[EnemyRenderer] Dibujando enemigo en posición: {X:1119,3105 Y:1119,3105}
[EnemyRenderer] Enemigos activos para dibujar: 1
[Camera] Posición: {X:821,99976 Y:901,99976}, Zoom: 1
[EnemyManager] Enemigo activo en posición: {X:1119,3105 Y:1119,3105}
[EnemyManager] Enemigos activos: 1
[EnemyRenderer] Dibujando enemigo en posición: {X:1119,4772 Y:1119,4772}
[EnemyRenderer] Enemigos activos para dibujar: 1
[Camera] Posición: {X:821,99976 Y:901,99976}, Zoom: 1
[EnemyManager] Enemigo activo en posición: {X:1119,4772 Y:1119,4772}
[EnemyManager] Enemigos activos: 1
[EnemyRenderer] Dibujando enemigo en posición: {X:1119,6438 Y:1119,6438}
[EnemyRenderer] Enemigos activos para dibujar: 1
[Camera] Posición: {X:821,99976 Y:901,99976}, Zoom: 1
[EnemyManager] Enemigo activo en posición: {X:1119,6438 Y:1119,6438}
[EnemyManager] Enemigos activos: 1
[EnemyRenderer] Dibujando enemigo en posición: {X:1119,8104 Y:1119,8104}
[EnemyRenderer] Enemigos activos para dibujar: 1
[Camera] Posición: {X:821,99976 Y:901,99976}, Zoom: 1
[EnemyManager] Enemigo activo en posición: {X:1119,8104 Y:1119,8104}
[EnemyManager] Enemigos activos: 1
[EnemyRenderer] Dibujando enemigo en posición: {X:1119,977 Y:1119,977}
[EnemyRenderer] Enemigos activos para dibujar: 1
[Camera] Posición: {X:821,99976 Y:901,99976}, Zoom: 1
[EnemyManager] Enemigo activo en posición: {X:1119,977 Y:1119,977}
[EnemyManager] Enemigos activos: 1
[EnemyRenderer] Dibujando enemigo en posición: {X:1120,1437 Y:1120,1437}
[EnemyRenderer] Enemigos activos para dibujar: 1
[Camera] Posición: {X:821,99976 Y:901,99976}, Zoom: 1
[EnemyManager] Enemigo activo en posición: {X:1120,1437 Y:1120,1437}
[EnemyManager] Enemigos activos: 1
[EnemyRenderer] Dibujando enemigo en posición: {X:1120,3103 Y:1120,3103}
[EnemyRenderer] Enemigos activos para dibujar: 1
[Camera] Posición: {X:821,99976 Y:901,99976}, Zoom: 1
[EnemyManager] Enemigo activo en posición: {X:1120,3103 Y:1120,3103}
[EnemyManager] Enemigos activos: 1
[EnemyRenderer] Dibujando enemigo en posición: {X:1120,4769 Y:1120,4769}
[EnemyRenderer] Enemigos activos para dibujar: 1
[Camera] Posición: {X:821,99976 Y:901,99976}, Zoom: 1
[EnemyManager] Enemigo activo en posición: {X:1120,4769 Y:1120,4769}
[EnemyManager] Enemigos activos: 1
[EnemyRenderer] Dibujando enemigo en posición: {X:1120,6436 Y:1120,6436}
[EnemyRenderer] Enemigos activos para dibujar: 1
[Camera] Posición: {X:821,99976 Y:901,99976}, Zoom: 1
[EnemyManager] Enemigo activo en posición: {X:1120,6436 Y:1120,6436}
[EnemyManager] Enemigos activos: 1
[EnemyRenderer] Dibujando enemigo en posición: {X:1120,8102 Y:1120,8102}
[EnemyRenderer] Enemigos activos para dibujar: 1
[Camera] Posición: {X:821,99976 Y:901,99976}, Zoom: 1
[EnemyManager] Enemigo activo en posición: {X:1120,8102 Y:1120,8102}
[EnemyManager] Enemigos activos: 1
[EnemyRenderer] Dibujando enemigo en posición: {X:1120,9768 Y:1120,9768}
[EnemyRenderer] Enemigos activos para dibujar: 1
[Camera] Posición: {X:821,99976 Y:901,99976}, Zoom: 1
[EnemyManager] Enemigo activo en posición: {X:1120,9768 Y:1120,9768}
[EnemyManager] Enemigos activos: 1
[EnemyRenderer] Dibujando enemigo en posición: {X:1121,1434 Y:1121,1434}
[EnemyRenderer] Enemigos activos para dibujar: 1
[Camera] Posición: {X:821,99976 Y:901,99976}, Zoom: 1
[EnemyManager] Enemigo activo en posición: {X:1121,1434 Y:1121,1434}
[EnemyManager] Enemigos activos: 1
[EnemyRenderer] Dibujando enemigo en posición: {X:1121,31 Y:1121,31}
[EnemyRenderer] Enemigos activos para dibujar: 1
[Camera] Posición: {X:821,99976 Y:901,99976}, Zoom: 1
[EnemyManager] Enemigo activo en posición: {X:1121,31 Y:1121,31}
[EnemyManager] Enemigos activos: 1
[EnemyRenderer] Dibujando enemigo en posición: {X:1121,4767 Y:1121,4767}
[EnemyRenderer] Enemigos activos para dibujar: 1
[Camera] Posición: {X:821,99976 Y:901,99976}, Zoom: 1
[EnemyManager] Enemigo activo en posición: {X:1121,4767 Y:1121,4767}
[EnemyManager] Enemigos activos: 1
[EnemyRenderer] Dibujando enemigo en posición: {X:1121,6433 Y:1121,6433}
[EnemyRenderer] Enemigos activos para dibujar: 1
[Camera] Posición: {X:821,99976 Y:901,99976}, Zoom: 1
[EnemyManager] Enemigo activo en posición: {X:1121,6433 Y:1121,6433}
[EnemyManager] Enemigos activos: 1
[EnemyRenderer] Dibujando enemigo en posición: {X:1121,8099 Y:1121,8099}
[EnemyRenderer] Enemigos activos para dibujar: 1
[Camera] Posición: {X:821,99976 Y:901,99976}, Zoom: 1
[EnemyManager] Enemigo activo en posición: {X:1121,8099 Y:1121,8099}
[EnemyManager] Enemigos activos: 1
[EnemyRenderer] Dibujando enemigo en posición: {X:1121,9766 Y:1121,9766}
[EnemyRenderer] Enemigos activos para dibujar: 1
[Camera] Posición: {X:821,99976 Y:901,99976}, Zoom: 1
[EnemyManager] Enemigo activo en posición: {X:1121,9766 Y:1121,9766}
[EnemyManager] Enemigos activos: 1
[EnemyRenderer] Dibujando enemigo en posición: {X:1122,1432 Y:1122,1432}
[EnemyRenderer] Enemigos activos para dibujar: 1
[Camera] Posición: {X:821,99976 Y:901,99976}, Zoom: 1
[EnemyManager] Enemigo activo en posición: {X:1122,1432 Y:1122,1432}
[EnemyManager] Enemigos activos: 1
[EnemyRenderer] Dibujando enemigo en posición: {X:1122,3098 Y:1122,3098}
[EnemyRenderer] Enemigos activos para dibujar: 1
[Camera] Posición: {X:821,99976 Y:901,99976}, Zoom: 1
[EnemyManager] Enemigo activo en posición: {X:1122,3098 Y:1122,3098}
[EnemyManager] Enemigos activos: 1
[EnemyRenderer] Dibujando enemigo en posición: {X:1122,4764 Y:1122,4764}
[EnemyRenderer] Enemigos activos para dibujar: 1
[Camera] Posición: {X:821,99976 Y:901,99976}, Zoom: 1
[EnemyManager] Enemigo activo en posición: {X:1122,4764 Y:1122,4764}
[EnemyManager] Enemigos activos: 1
[EnemyRenderer] Dibujando enemigo en posición: {X:1122,6431 Y:1122,6431}
[EnemyRenderer] Enemigos activos para dibujar: 1
[Camera] Posición: {X:821,99976 Y:901,99976}, Zoom: 1
[EnemyManager] Enemigo activo en posición: {X:1122,6431 Y:1122,6431}
[EnemyManager] Enemigos activos: 1
[EnemyRenderer] Dibujando enemigo en posición: {X:1122,8097 Y:1122,8097}
[EnemyRenderer] Enemigos activos para dibujar: 1
[Camera] Posición: {X:821,99976 Y:901,99976}, Zoom: 1
[EnemyManager] Enemigo activo en posición: {X:1122,8097 Y:1122,8097}
[EnemyManager] Enemigos activos: 1
[EnemyRenderer] Dibujando enemigo en posición: {X:1122,9763 Y:1122,9763}
[EnemyRenderer] Enemigos activos para dibujar: 1
[Camera] Posición: {X:821,99976 Y:901,99976}, Zoom: 1
[EnemyManager] Enemigo activo en posición: {X:1122,9763 Y:1122,9763}
[EnemyManager] Enemigos activos: 1
[EnemyRenderer] Dibujando enemigo en posición: {X:1123,143 Y:1123,143}
[EnemyRenderer] Enemigos activos para dibujar: 1
[Camera] Posición: {X:821,99976 Y:901,99976}, Zoom: 1
[EnemyManager] Enemigo activo en posición: {X:1123,143 Y:1123,143}
[EnemyManager] Enemigos activos: 1
[EnemyRenderer] Dibujando enemigo en posición: {X:1123,3096 Y:1123,3096}
[EnemyRenderer] Enemigos activos para dibujar: 1
[Camera] Posición: {X:821,99976 Y:901,99976}, Zoom: 1
[EnemyManager] Enemigo activo en posición: {X:1123,3096 Y:1123,3096}
[EnemyManager] Enemigos activos: 1
[EnemyRenderer] Dibujando enemigo en posición: {X:1123,4762 Y:1123,4762}
[EnemyRenderer] Enemigos activos para dibujar: 1
[Camera] Posición: {X:821,99976 Y:901,99976}, Zoom: 1
[EnemyManager] Enemigo activo en posición: {X:1123,4762 Y:1123,4762}
[EnemyManager] Enemigos activos: 1
[EnemyRenderer] Dibujando enemigo en posición: {X:1123,6428 Y:1123,6428}
[EnemyRenderer] Enemigos activos para dibujar: 1
[Camera] Posición: {X:821,99976 Y:901,99976}, Zoom: 1
[EnemyManager] Enemigo activo en posición: {X:1123,6428 Y:1123,6428}
[EnemyManager] Enemigos activos: 1
[EnemyRenderer] Dibujando enemigo en posición: {X:1123,8094 Y:1123,8094}
[EnemyRenderer] Enemigos activos para dibujar: 1
[Camera] Posición: {X:821,99976 Y:901,99976}, Zoom: 1
[EnemyManager] Enemigo activo en posición: {X:1123,8094 Y:1123,8094}
[EnemyManager] Enemigos activos: 1
[EnemyRenderer] Dibujando enemigo en posición: {X:1123,9761 Y:1123,9761}
[EnemyRenderer] Enemigos activos para dibujar: 1
[Camera] Posición: {X:821,99976 Y:901,99976}, Zoom: 1
[EnemyManager] Enemigo activo en posición: {X:1123,9761 Y:1123,9761}
[EnemyManager] Enemigos activos: 1
[EnemyRenderer] Dibujando enemigo en posición: {X:1124,1427 Y:1124,1427}
[EnemyRenderer] Enemigos activos para dibujar: 1
[Camera] Posición: {X:821,99976 Y:901,99976}, Zoom: 1
[EnemyManager] Enemigo activo en posición: {X:1124,1427 Y:1124,1427}
[EnemyManager] Enemigos activos: 1
[EnemyRenderer] Dibujando enemigo en posición: {X:1124,3093 Y:1124,3093}
[EnemyRenderer] Enemigos activos para dibujar: 1
[Camera] Posición: {X:821,99976 Y:901,99976}, Zoom: 1
[EnemyManager] Enemigo activo en posición: {X:1124,3093 Y:1124,3093}
[EnemyManager] Enemigos activos: 1
[EnemyRenderer] Dibujando enemigo en posición: {X:1124,476 Y:1124,476}
[EnemyRenderer] Enemigos activos para dibujar: 1
[Camera] Posición: {X:821,99976 Y:901,99976}, Zoom: 1
[EnemyManager] Enemigo activo en posición: {X:1124,476 Y:1124,476}
[EnemyManager] Enemigos activos: 1
[EnemyRenderer] Dibujando enemigo en posición: {X:1124,6426 Y:1124,6426}
[EnemyRenderer] Enemigos activos para dibujar: 1
[Camera] Posición: {X:821,99976 Y:901,99976}, Zoom: 1
[EnemyManager] Enemigo activo en posición: {X:1124,6426 Y:1124,6426}
[EnemyManager] Enemigos activos: 1
[EnemyRenderer] Dibujando enemigo en posición: {X:1124,8092 Y:1124,8092}
[EnemyRenderer] Enemigos activos para dibujar: 1
[Camera] Posición: {X:821,99976 Y:901,99976}, Zoom: 1
[EnemyManager] Enemigo activo en posición: {X:1124,8092 Y:1124,8092}
[EnemyManager] Enemigos activos: 1
[EnemyRenderer] Dibujando enemigo en posición: {X:1124,9758 Y:1124,9758}
[EnemyRenderer] Enemigos activos para dibujar: 1
[Camera] Posición: {X:821,99976 Y:901,99976}, Zoom: 1
[EnemyManager] Enemigo activo en posición: {X:1124,9758 Y:1124,9758}
[EnemyManager] Enemigos activos: 1
[EnemyRenderer] Dibujando enemigo en posición: {X:1125,1425 Y:1125,1425}
[EnemyRenderer] Enemigos activos para dibujar: 1
[Camera] Posición: {X:821,99976 Y:901,99976}, Zoom: 1
[EnemyManager] Enemigo activo en posición: {X:1125,1425 Y:1125,1425}
[EnemyManager] Enemigos activos: 1
[EnemyRenderer] Dibujando enemigo en posición: {X:1125,3091 Y:1125,3091}
[EnemyRenderer] Enemigos activos para dibujar: 1
[Camera] Posición: {X:821,99976 Y:901,99976}, Zoom: 1
[EnemyManager] Enemigo activo en posición: {X:1125,3091 Y:1125,3091}
[EnemyManager] Enemigos activos: 1
[EnemyRenderer] Dibujando enemigo en posición: {X:1125,4757 Y:1125,4757}
[EnemyRenderer] Enemigos activos para dibujar: 1
[Camera] Posición: {X:821,99976 Y:901,99976}, Zoom: 1
[EnemyManager] Enemigo activo en posición: {X:1125,4757 Y:1125,4757}
[EnemyManager] Enemigos activos: 1
[EnemyRenderer] Dibujando enemigo en posición: {X:1125,6423 Y:1125,6423}
[EnemyRenderer] Enemigos activos para dibujar: 1
[Camera] Posición: {X:821,99976 Y:901,99976}, Zoom: 1
[EnemyManager] Enemigo activo en posición: {X:1125,6423 Y:1125,6423}
[EnemyManager] Enemigos activos: 1
[EnemyRenderer] Dibujando enemigo en posición: {X:1125,809 Y:1125,809}
[EnemyRenderer] Enemigos activos para dibujar: 1
[Camera] Posición: {X:821,99976 Y:901,99976}, Zoom: 1
[EnemyManager] Enemigo activo en posición: {X:1125,809 Y:1125,809}
[EnemyManager] Enemigos activos: 1
[EnemyRenderer] Dibujando enemigo en posición: {X:1125,9756 Y:1125,9756}
[EnemyRenderer] Enemigos activos para dibujar: 1
[Camera] Posición: {X:821,99976 Y:901,99976}, Zoom: 1
[EnemyManager] Enemigo activo en posición: {X:1125,9756 Y:1125,9756}
[EnemyManager] Enemigos activos: 1
[EnemyRenderer] Dibujando enemigo en posición: {X:1126,1422 Y:1126,1422}
[EnemyRenderer] Enemigos activos para dibujar: 1
[Camera] Posición: {X:821,99976 Y:901,99976}, Zoom: 1
[EnemyManager] Enemigo activo en posición: {X:1126,1422 Y:1126,1422}
[EnemyManager] Enemigos activos: 1
[EnemyRenderer] Dibujando enemigo en posición: {X:1126,3088 Y:1126,3088}
[EnemyRenderer] Enemigos activos para dibujar: 1
[Camera] Posición: {X:821,99976 Y:901,99976}, Zoom: 1
[EnemyManager] Enemigo activo en posición: {X:1126,3088 Y:1126,3088}
[EnemyManager] Enemigos activos: 1
[EnemyRenderer] Dibujando enemigo en posición: {X:1126,4755 Y:1126,4755}
[EnemyRenderer] Enemigos activos para dibujar: 1
[Camera] Posición: {X:821,99976 Y:901,99976}, Zoom: 1
[EnemyManager] Enemigo activo en posición: {X:1126,4755 Y:1126,4755}
[EnemyManager] Enemigos activos: 1
[EnemyRenderer] Dibujando enemigo en posición: {X:1126,6421 Y:1126,6421}
[EnemyRenderer] Enemigos activos para dibujar: 1
[Camera] Posición: {X:821,99976 Y:901,99976}, Zoom: 1
[EnemyManager] Enemigo activo en posición: {X:1126,6421 Y:1126,6421}
[EnemyManager] Enemigos activos: 1
[EnemyRenderer] Dibujando enemigo en posición: {X:1126,8087 Y:1126,8087}
[EnemyRenderer] Enemigos activos para dibujar: 1
[Camera] Posición: {X:821,99976 Y:901,99976}, Zoom: 1
[EnemyManager] Enemigo activo en posición: {X:1126,8087 Y:1126,8087}
[EnemyManager] Enemigos activos: 1
[EnemyRenderer] Dibujando enemigo en posición: {X:1126,9753 Y:1126,9753}
[EnemyRenderer] Enemigos activos para dibujar: 1
[Camera] Posición: {X:821,99976 Y:901,99976}, Zoom: 1
[EnemyManager] Enemigo activo en posición: {X:1126,9753 Y:1126,9753}
[EnemyManager] Enemigos activos: 1
[EnemyRenderer] Dibujando enemigo en posición: {X:1127,142 Y:1127,142}
[EnemyRenderer] Enemigos activos para dibujar: 1
[Camera] Posición: {X:821,99976 Y:901,99976}, Zoom: 1
[EnemyManager] Enemigo activo en posición: {X:1127,142 Y:1127,142}
[EnemyManager] Enemigos activos: 1
[EnemyRenderer] Dibujando enemigo en posición: {X:1127,3086 Y:1127,3086}
[EnemyRenderer] Enemigos activos para dibujar: 1
[Camera] Posición: {X:821,99976 Y:901,99976}, Zoom: 1
[EnemyManager] Enemigo activo en posición: {X:1127,3086 Y:1127,3086}
[EnemyManager] Enemigos activos: 1
[EnemyRenderer] Dibujando enemigo en posición: {X:1127,4752 Y:1127,4752}
[EnemyRenderer] Enemigos activos para dibujar: 1
[Camera] Posición: {X:821,99976 Y:901,99976}, Zoom: 1
[EnemyManager] Enemigo activo en posición: {X:1127,4752 Y:1127,4752}
[EnemyManager] Enemigos activos: 1
[EnemyRenderer] Dibujando enemigo en posición: {X:1127,6418 Y:1127,6418}
[EnemyRenderer] Enemigos activos para dibujar: 1
[Camera] Posición: {X:821,99976 Y:901,99976}, Zoom: 1
[EnemyManager] Enemigo activo en posición: {X:1127,6418 Y:1127,6418}
[EnemyManager] Enemigos activos: 1
[EnemyRenderer] Dibujando enemigo en posición: {X:1127,8085 Y:1127,8085}
[EnemyRenderer] Enemigos activos para dibujar: 1
[Camera] Posición: {X:821,99976 Y:901,99976}, Zoom: 1
[EnemyManager] Enemigo activo en posición: {X:1127,8085 Y:1127,8085}
[EnemyManager] Enemigos activos: 1
[EnemyRenderer] Dibujando enemigo en posición: {X:1127,9751 Y:1127,9751}
[EnemyRenderer] Enemigos activos para dibujar: 1
[Camera] Posición: {X:821,99976 Y:901,99976}, Zoom: 1
[EnemyManager] Enemigo activo en posición: {X:1127,9751 Y:1127,9751}
[EnemyManager] Enemigos activos: 1
[EnemyRenderer] Dibujando enemigo en posición: {X:1128,1417 Y:1128,1417}
[EnemyRenderer] Enemigos activos para dibujar: 1
[Camera] Posición: {X:821,99976 Y:901,99976}, Zoom: 1
[EnemyManager] Enemigo activo en posición: {X:1128,1417 Y:1128,1417}
[EnemyManager] Enemigos activos: 1
[EnemyRenderer] Dibujando enemigo en posición: {X:1128,3083 Y:1128,3083}
[EnemyRenderer] Enemigos activos para dibujar: 1
[Camera] Posición: {X:821,99976 Y:901,99976}, Zoom: 1
[EnemyManager] Enemigo activo en posición: {X:1128,3083 Y:1128,3083}
[EnemyManager] Enemigos activos: 1
[EnemyRenderer] Dibujando enemigo en posición: {X:1128,475 Y:1128,475}
[EnemyRenderer] Enemigos activos para dibujar: 1
[Camera] Posición: {X:821,99976 Y:901,99976}, Zoom: 1
[EnemyManager] Enemigo activo en posición: {X:1128,475 Y:1128,475}
[EnemyManager] Enemigos activos: 1
[EnemyRenderer] Dibujando enemigo en posición: {X:1128,6416 Y:1128,6416}
[EnemyRenderer] Enemigos activos para dibujar: 1
[Camera] Posición: {X:821,99976 Y:901,99976}, Zoom: 1
[EnemyManager] Enemigo activo en posición: {X:1128,6416 Y:1128,6416}
[EnemyManager] Enemigos activos: 1
[EnemyRenderer] Dibujando enemigo en posición: {X:1128,8082 Y:1128,8082}
[EnemyRenderer] Enemigos activos para dibujar: 1
[Camera] Posición: {X:821,99976 Y:901,99976}, Zoom: 1
[EnemyManager] Enemigo activo en posición: {X:1128,8082 Y:1128,8082}
[EnemyManager] Enemigos activos: 1
[EnemyRenderer] Dibujando enemigo en posición: {X:1128,9749 Y:1128,9749}
[EnemyRenderer] Enemigos activos para dibujar: 1
[Camera] Posición: {X:821,99976 Y:901,99976}, Zoom: 1
[EnemyManager] Enemigo activo en posición: {X:1128,9749 Y:1128,9749}
[EnemyManager] Enemigos activos: 1
[EnemyRenderer] Dibujando enemigo en posición: {X:1129,1415 Y:1129,1415}
[EnemyRenderer] Enemigos activos para dibujar: 1
[Camera] Posición: {X:821,99976 Y:901,99976}, Zoom: 1
[EnemyManager] Enemigo activo en posición: {X:1129,1415 Y:1129,1415}
[EnemyManager] Enemigos activos: 1
[EnemyRenderer] Dibujando enemigo en posición: {X:1129,3081 Y:1129,3081}
[EnemyRenderer] Enemigos activos para dibujar: 1
[Camera] Posición: {X:821,99976 Y:901,99976}, Zoom: 1
[EnemyManager] Enemigo activo en posición: {X:1129,3081 Y:1129,3081}
[EnemyManager] Enemigos activos: 1
[EnemyRenderer] Dibujando enemigo en posición: {X:1129,4747 Y:1129,4747}
[EnemyRenderer] Enemigos activos para dibujar: 1
[Camera] Posición: {X:821,99976 Y:901,99976}, Zoom: 1
[EnemyManager] Enemigo activo en posición: {X:1129,4747 Y:1129,4747}
[EnemyManager] Enemigos activos: 1
[EnemyRenderer] Dibujando enemigo en posición: {X:1129,6414 Y:1129,6414}
[EnemyRenderer] Enemigos activos para dibujar: 1
[Camera] Posición: {X:821,99976 Y:901,99976}, Zoom: 1
[EnemyManager] Enemigo activo en posición: {X:1129,6414 Y:1129,6414}
[EnemyManager] Enemigos activos: 1
[EnemyRenderer] Dibujando enemigo en posición: {X:1129,808 Y:1129,808}
[EnemyRenderer] Enemigos activos para dibujar: 1
[Camera] Posición: {X:821,99976 Y:901,99976}, Zoom: 1
[EnemyManager] Enemigo activo en posición: {X:1129,808 Y:1129,808}
[EnemyManager] Enemigos activos: 1
[EnemyRenderer] Dibujando enemigo en posición: {X:1129,9746 Y:1129,9746}
[EnemyRenderer] Enemigos activos para dibujar: 1
[Camera] Posición: {X:821,99976 Y:901,99976}, Zoom: 1
[EnemyManager] Enemigo activo en posición: {X:1129,9746 Y:1129,9746}
[EnemyManager] Enemigos activos: 1
[EnemyRenderer] Dibujando enemigo en posición: {X:1130,1412 Y:1130,1412}
[EnemyRenderer] Enemigos activos para dibujar: 1
[Camera] Posición: {X:821,99976 Y:901,99976}, Zoom: 1
[EnemyManager] Enemigo activo en posición: {X:1130,1412 Y:1130,1412}
[EnemyManager] Enemigos activos: 1
[EnemyRenderer] Dibujando enemigo en posición: {X:1130,3079 Y:1130,3079}
[EnemyRenderer] Enemigos activos para dibujar: 1
[Camera] Posición: {X:821,99976 Y:901,99976}, Zoom: 1
[EnemyManager] Enemigo activo en posición: {X:1130,3079 Y:1130,3079}
[EnemyManager] Enemigos activos: 1
[EnemyRenderer] Dibujando enemigo en posición: {X:1130,4745 Y:1130,4745}
[EnemyRenderer] Enemigos activos para dibujar: 1
[Camera] Posición: {X:821,99976 Y:901,99976}, Zoom: 1
[EnemyManager] Enemigo activo en posición: {X:1130,4745 Y:1130,4745}
[EnemyManager] Enemigos activos: 1
[EnemyRenderer] Dibujando enemigo en posición: {X:1130,6411 Y:1130,6411}
[EnemyRenderer] Enemigos activos para dibujar: 1
[Camera] Posición: {X:821,99976 Y:901,99976}, Zoom: 1
[EnemyManager] Enemigo activo en posición: {X:1130,6411 Y:1130,6411}
[EnemyManager] Enemigos activos: 1
[EnemyRenderer] Dibujando enemigo en posición: {X:1130,8077 Y:1130,8077}
[EnemyRenderer] Enemigos activos para dibujar: 1
[Camera] Posición: {X:821,99976 Y:901,99976}, Zoom: 1
[EnemyManager] Enemigo activo en posición: {X:1130,8077 Y:1130,8077}
[EnemyManager] Enemigos activos: 1
[EnemyRenderer] Dibujando enemigo en posición: {X:1130,9744 Y:1130,9744}
[EnemyRenderer] Enemigos activos para dibujar: 1
[Camera] Posición: {X:821,99976 Y:901,99976}, Zoom: 1
[EnemyManager] Enemigo activo en posición: {X:1130,9744 Y:1130,9744}
[EnemyManager] Enemigos activos: 1
[EnemyRenderer] Dibujando enemigo en posición: {X:1131,141 Y:1131,141}
[EnemyRenderer] Enemigos activos para dibujar: 1
[Camera] Posición: {X:821,99976 Y:901,99976}, Zoom: 1
[EnemyManager] Enemigo activo en posición: {X:1131,141 Y:1131,141}
[EnemyManager] Enemigos activos: 1
[EnemyRenderer] Dibujando enemigo en posición: {X:1131,3076 Y:1131,3076}
[EnemyRenderer] Enemigos activos para dibujar: 1
[Camera] Posición: {X:821,99976 Y:901,99976}, Zoom: 1
[EnemyManager] Enemigo activo en posición: {X:1131,3076 Y:1131,3076}
[EnemyManager] Enemigos activos: 1
[EnemyRenderer] Dibujando enemigo en posición: {X:1131,4742 Y:1131,4742}
[EnemyRenderer] Enemigos activos para dibujar: 1
[Camera] Posición: {X:821,99976 Y:901,99976}, Zoom: 1
[EnemyManager] Enemigo activo en posición: {X:1131,4742 Y:1131,4742}
[EnemyManager] Enemigos activos: 1
[EnemyRenderer] Dibujando enemigo en posición: {X:1131,6409 Y:1131,6409}
[EnemyRenderer] Enemigos activos para dibujar: 1
[Camera] Posición: {X:821,99976 Y:901,99976}, Zoom: 1
[EnemyManager] Enemigo activo en posición: {X:1131,6409 Y:1131,6409}
[EnemyManager] Enemigos activos: 1
[EnemyRenderer] Dibujando enemigo en posición: {X:1131,8075 Y:1131,8075}
[EnemyRenderer] Enemigos activos para dibujar: 1
[Camera] Posición: {X:821,99976 Y:901,99976}, Zoom: 1
[EnemyManager] Enemigo activo en posición: {X:1131,8075 Y:1131,8075}
[EnemyManager] Enemigos activos: 1
[EnemyRenderer] Dibujando enemigo en posición: {X:1131,9741 Y:1131,9741}
[EnemyRenderer] Enemigos activos para dibujar: 1
[Camera] Posición: {X:821,99976 Y:901,99976}, Zoom: 1
[EnemyManager] Enemigo activo en posición: {X:1131,9741 Y:1131,9741}
[EnemyManager] Enemigos activos: 1
[EnemyRenderer] Dibujando enemigo en posición: {X:1132,1407 Y:1132,1407}
[EnemyRenderer] Enemigos activos para dibujar: 1
[Camera] Posición: {X:821,99976 Y:901,99976}, Zoom: 1
[EnemyManager] Enemigo activo en posición: {X:1132,1407 Y:1132,1407}
[EnemyManager] Enemigos activos: 1
[EnemyRenderer] Dibujando enemigo en posición: {X:1132,3074 Y:1132,3074}
[EnemyRenderer] Enemigos activos para dibujar: 1
[Camera] Posición: {X:821,99976 Y:901,99976}, Zoom: 1
[EnemyManager] Enemigo activo en posición: {X:1132,3074 Y:1132,3074}
[EnemyManager] Enemigos activos: 1
[EnemyRenderer] Dibujando enemigo en posición: {X:1132,474 Y:1132,474}
[EnemyRenderer] Enemigos activos para dibujar: 1
[Camera] Posición: {X:821,99976 Y:901,99976}, Zoom: 1
[EnemyManager] Enemigo activo en posición: {X:1132,474 Y:1132,474}
[EnemyManager] Enemigos activos: 1
[EnemyRenderer] Dibujando enemigo en posición: {X:1132,6406 Y:1132,6406}
[EnemyRenderer] Enemigos activos para dibujar: 1
[Camera] Posición: {X:821,99976 Y:901,99976}, Zoom: 1
[EnemyManager] Enemigo activo en posición: {X:1132,6406 Y:1132,6406}
[EnemyManager] Enemigos activos: 1
[EnemyRenderer] Dibujando enemigo en posición: {X:1132,8073 Y:1132,8073}
[EnemyRenderer] Enemigos activos para dibujar: 1
[Camera] Posición: {X:821,99976 Y:901,99976}, Zoom: 1
[EnemyManager] Enemigo activo en posición: {X:1132,8073 Y:1132,8073}
[EnemyManager] Enemigos activos: 1
[EnemyRenderer] Dibujando enemigo en posición: {X:1132,9739 Y:1132,9739}
[EnemyRenderer] Enemigos activos para dibujar: 1
[Camera] Posición: {X:821,99976 Y:901,99976}, Zoom: 1
[EnemyManager] Enemigo activo en posición: {X:1132,9739 Y:1132,9739}
[EnemyManager] Enemigos activos: 1
[EnemyRenderer] Dibujando enemigo en posición: {X:1133,1405 Y:1133,1405}
[EnemyRenderer] Enemigos activos para dibujar: 1
[Camera] Posición: {X:821,99976 Y:901,99976}, Zoom: 1
[EnemyManager] Enemigo activo en posición: {X:1133,1405 Y:1133,1405}
[EnemyManager] Enemigos activos: 1
[EnemyRenderer] Dibujando enemigo en posición: {X:1133,3071 Y:1133,3071}
[EnemyRenderer] Enemigos activos para dibujar: 1
[Camera] Posición: {X:821,99976 Y:901,99976}, Zoom: 1
[EnemyManager] Enemigo activo en posición: {X:1133,3071 Y:1133,3071}
[EnemyManager] Enemigos activos: 1
[EnemyRenderer] Dibujando enemigo en posición: {X:1133,4738 Y:1133,4738}
[EnemyRenderer] Enemigos activos para dibujar: 1
[Camera] Posición: {X:821,99976 Y:901,99976}, Zoom: 1
[EnemyManager] Enemigo activo en posición: {X:1133,4738 Y:1133,4738}
[EnemyManager] Enemigos activos: 1
[EnemyRenderer] Dibujando enemigo en posición: {X:1133,6404 Y:1133,6404}
[EnemyRenderer] Enemigos activos para dibujar: 1
[Camera] Posición: {X:821,99976 Y:901,99976}, Zoom: 1
[EnemyManager] Enemigo activo en posición: {X:1133,6404 Y:1133,6404}
[EnemyManager] Enemigos activos: 1
[EnemyRenderer] Dibujando enemigo en posición: {X:1133,807 Y:1133,807}
[EnemyRenderer] Enemigos activos para dibujar: 1
[Camera] Posición: {X:821,99976 Y:901,99976}, Zoom: 1
[EnemyManager] Enemigo activo en posición: {X:1133,807 Y:1133,807}
[EnemyManager] Enemigos activos: 1
[EnemyRenderer] Dibujando enemigo en posición: {X:1133,9736 Y:1133,9736}
[EnemyRenderer] Enemigos activos para dibujar: 1
[Camera] Posición: {X:821,99976 Y:901,99976}, Zoom: 1
[EnemyManager] Enemigo activo en posición: {X:1133,9736 Y:1133,9736}
[EnemyManager] Enemigos activos: 1
[EnemyRenderer] Dibujando enemigo en posición: {X:1134,1403 Y:1134,1403}
[EnemyRenderer] Enemigos activos para dibujar: 1
[Camera] Posición: {X:821,99976 Y:901,99976}, Zoom: 1
[EnemyManager] Enemigo activo en posición: {X:1134,1403 Y:1134,1403}
[EnemyManager] Enemigos activos: 1
[EnemyRenderer] Dibujando enemigo en posición: {X:1134,3069 Y:1134,3069}
[EnemyRenderer] Enemigos activos para dibujar: 1
[Camera] Posición: {X:821,99976 Y:901,99976}, Zoom: 1
[EnemyManager] Enemigo activo en posición: {X:1134,3069 Y:1134,3069}
[EnemyManager] Enemigos activos: 1
[EnemyRenderer] Dibujando enemigo en posición: {X:1134,4735 Y:1134,4735}
[EnemyRenderer] Enemigos activos para dibujar: 1
[Camera] Posición: {X:821,99976 Y:901,99976}, Zoom: 1
[EnemyManager] Enemigo activo en posición: {X:1134,4735 Y:1134,4735}
[EnemyManager] Enemigos activos: 1
[EnemyRenderer] Dibujando enemigo en posición: {X:1134,6401 Y:1134,6401}
[EnemyRenderer] Enemigos activos para dibujar: 1
[Camera] Posición: {X:821,99976 Y:901,99976}, Zoom: 1
[EnemyManager] Enemigo activo en posición: {X:1134,6401 Y:1134,6401}
[EnemyManager] Enemigos activos: 1
[EnemyRenderer] Dibujando enemigo en posición: {X:1134,8068 Y:1134,8068}
[EnemyRenderer] Enemigos activos para dibujar: 1
[Camera] Posición: {X:821,99976 Y:901,99976}, Zoom: 1
[EnemyManager] Enemigo activo en posición: {X:1134,8068 Y:1134,8068}
[EnemyManager] Enemigos activos: 1
[EnemyRenderer] Dibujando enemigo en posición: {X:1134,9734 Y:1134,9734}
[EnemyRenderer] Enemigos activos para dibujar: 1
[Camera] Posición: {X:821,99976 Y:901,99976}, Zoom: 1
[EnemyManager] Enemigo activo en posición: {X:1134,9734 Y:1134,9734}
[EnemyManager] Enemigos activos: 1
[EnemyRenderer] Dibujando enemigo en posición: {X:1135,14 Y:1135,14}
[EnemyRenderer] Enemigos activos para dibujar: 1
[Camera] Posición: {X:821,99976 Y:901,99976}, Zoom: 1
[EnemyManager] Enemigo activo en posición: {X:1135,14 Y:1135,14}
[EnemyManager] Enemigos activos: 1
[EnemyRenderer] Dibujando enemigo en posición: {X:1135,3066 Y:1135,3066}
[EnemyRenderer] Enemigos activos para dibujar: 1
[Camera] Posición: {X:821,99976 Y:901,99976}, Zoom: 1
[EnemyManager] Enemigo activo en posición: {X:1135,3066 Y:1135,3066}
[EnemyManager] Enemigos activos: 1
[EnemyRenderer] Dibujando enemigo en posición: {X:1135,4733 Y:1135,4733}
[EnemyRenderer] Enemigos activos para dibujar: 1
[Camera] Posición: {X:821,99976 Y:901,99976}, Zoom: 1
[EnemyManager] Enemigo activo en posición: {X:1135,4733 Y:1135,4733}
[EnemyManager] Enemigos activos: 1
[EnemyRenderer] Dibujando enemigo en posición: {X:1135,6399 Y:1135,6399}
[EnemyRenderer] Enemigos activos para dibujar: 1
[Camera] Posición: {X:821,99976 Y:901,99976}, Zoom: 1
[EnemyManager] Enemigo activo en posición: {X:1135,6399 Y:1135,6399}
[EnemyManager] Enemigos activos: 1
[EnemyRenderer] Dibujando enemigo en posición: {X:1135,8065 Y:1135,8065}
[EnemyRenderer] Enemigos activos para dibujar: 1
[Camera] Posición: {X:821,99976 Y:901,99976}, Zoom: 1
[EnemyManager] Enemigo activo en posición: {X:1135,8065 Y:1135,8065}
[EnemyManager] Enemigos activos: 1
[EnemyRenderer] Dibujando enemigo en posición: {X:1135,9731 Y:1135,9731}
[EnemyRenderer] Enemigos activos para dibujar: 1
[Camera] Posición: {X:821,99976 Y:901,99976}, Zoom: 1
[EnemyManager] Enemigo activo en posición: {X:1135,9731 Y:1135,9731}
[EnemyManager] Enemigos activos: 1
[EnemyRenderer] Dibujando enemigo en posición: {X:1136,1398 Y:1136,1398}
[EnemyRenderer] Enemigos activos para dibujar: 1
[Camera] Posición: {X:821,99976 Y:901,99976}, Zoom: 1
[EnemyManager] Enemigo activo en posición: {X:1136,1398 Y:1136,1398}
[EnemyManager] Enemigos activos: 1
[EnemyRenderer] Dibujando enemigo en posición: {X:1136,3064 Y:1136,3064}
[EnemyRenderer] Enemigos activos para dibujar: 1
[Camera] Posición: {X:821,99976 Y:901,99976}, Zoom: 1
[EnemyManager] Enemigo activo en posición: {X:1136,3064 Y:1136,3064}
[EnemyManager] Enemigos activos: 1
[EnemyRenderer] Dibujando enemigo en posición: {X:1136,473 Y:1136,473}
[EnemyRenderer] Enemigos activos para dibujar: 1
[Camera] Posición: {X:821,99976 Y:901,99976}, Zoom: 1
[EnemyManager] Enemigo activo en posición: {X:1136,473 Y:1136,473}
[EnemyManager] Enemigos activos: 1
[EnemyRenderer] Dibujando enemigo en posición: {X:1136,6396 Y:1136,6396}
[EnemyRenderer] Enemigos activos para dibujar: 1
[Camera] Posición: {X:821,99976 Y:901,99976}, Zoom: 1
[EnemyManager] Enemigo activo en posición: {X:1136,6396 Y:1136,6396}
[EnemyManager] Enemigos activos: 1
[EnemyRenderer] Dibujando enemigo en posición: {X:1136,8063 Y:1136,8063}
[EnemyRenderer] Enemigos activos para dibujar: 1
[Camera] Posición: {X:821,99976 Y:901,99976}, Zoom: 1
[EnemyManager] Enemigo activo en posición: {X:1136,8063 Y:1136,8063}
[EnemyManager] Enemigos activos: 1
[EnemyRenderer] Dibujando enemigo en posición: {X:1136,9729 Y:1136,9729}
[EnemyRenderer] Enemigos activos para dibujar: 1
[Camera] Posición: {X:821,99976 Y:901,99976}, Zoom: 1
[EnemyManager] Enemigo activo en posición: {X:1136,9729 Y:1136,9729}
[EnemyManager] Enemigos activos: 1
[EnemyRenderer] Dibujando enemigo en posición: {X:1137,1395 Y:1137,1395}
[EnemyRenderer] Enemigos activos para dibujar: 1
[Camera] Posición: {X:821,99976 Y:901,99976}, Zoom: 1
[EnemyManager] Enemigo activo en posición: {X:1137,1395 Y:1137,1395}
[EnemyManager] Enemigos activos: 1
[EnemyRenderer] Dibujando enemigo en posición: {X:1137,3062 Y:1137,3062}
[EnemyRenderer] Enemigos activos para dibujar: 1
[Camera] Posición: {X:821,99976 Y:901,99976}, Zoom: 1
[EnemyManager] Enemigo activo en posición: {X:1137,3062 Y:1137,3062}
[EnemyManager] Enemigos activos: 1
[EnemyRenderer] Dibujando enemigo en posición: {X:1137,4728 Y:1137,4728}
[EnemyRenderer] Enemigos activos para dibujar: 1
[Camera] Posición: {X:821,99976 Y:901,99976}, Zoom: 1
[EnemyManager] Enemigo activo en posición: {X:1137,4728 Y:1137,4728}
[EnemyManager] Enemigos activos: 1
[EnemyRenderer] Dibujando enemigo en posición: {X:1137,6394 Y:1137,6394}
[EnemyRenderer] Enemigos activos para dibujar: 1
[Camera] Posición: {X:821,99976 Y:901,99976}, Zoom: 1
[EnemyManager] Enemigo activo en posición: {X:1137,6394 Y:1137,6394}
[EnemyManager] Enemigos activos: 1
[EnemyRenderer] Dibujando enemigo en posición: {X:1137,806 Y:1137,806}
[EnemyRenderer] Enemigos activos para dibujar: 1
[Camera] Posición: {X:821,99976 Y:901,99976}, Zoom: 1
[EnemyManager] Enemigo activo en posición: {X:1137,806 Y:1137,806}
[EnemyManager] Enemigos activos: 1
[EnemyRenderer] Dibujando enemigo en posición: {X:1137,9727 Y:1137,9727}
[EnemyRenderer] Enemigos activos para dibujar: 1
[Camera] Posición: {X:821,99976 Y:901,99976}, Zoom: 1
[EnemyManager] Enemigo activo en posición: {X:1137,9727 Y:1137,9727}
[EnemyManager] Enemigos activos: 1
[EnemyRenderer] Dibujando enemigo en posición: {X:1138,1393 Y:1138,1393}
[EnemyRenderer] Enemigos activos para dibujar: 1
[Camera] Posición: {X:821,99976 Y:901,99976}, Zoom: 1
[EnemyManager] Enemigo activo en posición: {X:1138,1393 Y:1138,1393}
[EnemyManager] Enemigos activos: 1
[EnemyRenderer] Dibujando enemigo en posición: {X:1138,3059 Y:1138,3059}
[EnemyRenderer] Enemigos activos para dibujar: 1
[Camera] Posición: {X:821,99976 Y:901,99976}, Zoom: 1
[EnemyManager] Enemigo activo en posición: {X:1138,3059 Y:1138,3059}
[EnemyManager] Enemigos activos: 1
[EnemyRenderer] Dibujando enemigo en posición: {X:1138,4725 Y:1138,4725}
[EnemyRenderer] Enemigos activos para dibujar: 1
[Camera] Posición: {X:821,99976 Y:901,99976}, Zoom: 1
[EnemyManager] Enemigo activo en posición: {X:1138,4725 Y:1138,4725}
[EnemyManager] Enemigos activos: 1
[EnemyRenderer] Dibujando enemigo en posición: {X:1138,6392 Y:1138,6392}
[EnemyRenderer] Enemigos activos para dibujar: 1
[Camera] Posición: {X:821,99976 Y:901,99976}, Zoom: 1
[EnemyManager] Enemigo activo en posición: {X:1138,6392 Y:1138,6392}
[EnemyManager] Enemigos activos: 1
[EnemyRenderer] Dibujando enemigo en posición: {X:1138,8058 Y:1138,8058}
[EnemyRenderer] Enemigos activos para dibujar: 1
[Camera] Posición: {X:821,99976 Y:901,99976}, Zoom: 1
[EnemyManager] Enemigo activo en posición: {X:1138,8058 Y:1138,8058}
[EnemyManager] Enemigos activos: 1
[EnemyRenderer] Dibujando enemigo en posición: {X:1138,9724 Y:1138,9724}
[EnemyRenderer] Enemigos activos para dibujar: 1
[Camera] Posición: {X:821,99976 Y:901,99976}, Zoom: 1
[EnemyManager] Enemigo activo en posición: {X:1138,9724 Y:1138,9724}
[EnemyManager] Enemigos activos: 1
[EnemyRenderer] Dibujando enemigo en posición: {X:1139,139 Y:1139,139}
[EnemyRenderer] Enemigos activos para dibujar: 1
[Camera] Posición: {X:821,99976 Y:901,99976}, Zoom: 1
[EnemyManager] Enemigo activo en posición: {X:1139,139 Y:1139,139}
[EnemyManager] Enemigos activos: 1
[EnemyRenderer] Dibujando enemigo en posición: {X:1139,3057 Y:1139,3057}
[EnemyRenderer] Enemigos activos para dibujar: 1
[Camera] Posición: {X:821,99976 Y:901,99976}, Zoom: 1
[EnemyManager] Enemigo activo en posición: {X:1139,3057 Y:1139,3057}
[EnemyManager] Enemigos activos: 1
[EnemyRenderer] Dibujando enemigo en posición: {X:1139,4723 Y:1139,4723}
[EnemyRenderer] Enemigos activos para dibujar: 1
[Camera] Posición: {X:821,99976 Y:901,99976}, Zoom: 1
[EnemyManager] Enemigo activo en posición: {X:1139,4723 Y:1139,4723}
[EnemyManager] Enemigos activos: 1
[EnemyRenderer] Dibujando enemigo en posición: {X:1139,6389 Y:1139,6389}
[EnemyRenderer] Enemigos activos para dibujar: 1
[Camera] Posición: {X:821,99976 Y:901,99976}, Zoom: 1
[EnemyManager] Enemigo activo en posición: {X:1139,6389 Y:1139,6389}
[EnemyManager] Enemigos activos: 1
[EnemyRenderer] Dibujando enemigo en posición: {X:1139,8055 Y:1139,8055}
[EnemyRenderer] Enemigos activos para dibujar: 1
[Camera] Posición: {X:821,99976 Y:901,99976}, Zoom: 1
[EnemyManager] Enemigo activo en posición: {X:1139,8055 Y:1139,8055}
[EnemyManager] Enemigos activos: 1
[EnemyRenderer] Dibujando enemigo en posición: {X:1139,9722 Y:1139,9722}
[EnemyRenderer] Enemigos activos para dibujar: 1
[Camera] Posición: {X:821,99976 Y:901,99976}, Zoom: 1
[EnemyManager] Enemigo activo en posición: {X:1139,9722 Y:1139,9722}
[EnemyManager] Enemigos activos: 1
[EnemyRenderer] Dibujando enemigo en posición: {X:1140,1388 Y:1140,1388}
[EnemyRenderer] Enemigos activos para dibujar: 1
[Camera] Posición: {X:821,99976 Y:901,99976}, Zoom: 1
[EnemyManager] Enemigo activo en posición: {X:1140,1388 Y:1140,1388}
[EnemyManager] Enemigos activos: 1
[EnemyRenderer] Dibujando enemigo en posición: {X:1140,3054 Y:1140,3054}
[EnemyRenderer] Enemigos activos para dibujar: 1
[Camera] Posición: {X:821,99976 Y:901,99976}, Zoom: 1
[EnemyManager] Enemigo activo en posición: {X:1140,3054 Y:1140,3054}
[EnemyManager] Enemigos activos: 1
[EnemyRenderer] Dibujando enemigo en posición: {X:1140,472 Y:1140,472}
[EnemyRenderer] Enemigos activos para dibujar: 1
[Camera] Posición: {X:821,99976 Y:901,99976}, Zoom: 1
[EnemyManager] Enemigo activo en posición: {X:1140,472 Y:1140,472}
[EnemyManager] Enemigos activos: 1
[EnemyRenderer] Dibujando enemigo en posición: {X:1140,6387 Y:1140,6387}
[EnemyRenderer] Enemigos activos para dibujar: 1
[Camera] Posición: {X:821,99976 Y:901,99976}, Zoom: 1
[EnemyManager] Enemigo activo en posición: {X:1140,6387 Y:1140,6387}
[EnemyManager] Enemigos activos: 1
[EnemyRenderer] Dibujando enemigo en posición: {X:1140,8053 Y:1140,8053}
[EnemyRenderer] Enemigos activos para dibujar: 1
[Camera] Posición: {X:821,99976 Y:901,99976}, Zoom: 1
[EnemyManager] Enemigo activo en posición: {X:1140,8053 Y:1140,8053}
[EnemyManager] Enemigos activos: 1
[EnemyRenderer] Dibujando enemigo en posición: {X:1140,9719 Y:1140,9719}
[EnemyRenderer] Enemigos activos para dibujar: 1
[Camera] Posición: {X:821,99976 Y:901,99976}, Zoom: 1
[EnemyManager] Enemigo activo en posición: {X:1140,9719 Y:1140,9719}
[EnemyManager] Enemigos activos: 1
[EnemyRenderer] Dibujando enemigo en posición: {X:1141,1385 Y:1141,1385}
[EnemyRenderer] Enemigos activos para dibujar: 1
[Camera] Posición: {X:821,99976 Y:901,99976}, Zoom: 1
[EnemyManager] Enemigo activo en posición: {X:1141,1385 Y:1141,1385}
[EnemyManager] Enemigos activos: 1
[EnemyRenderer] Dibujando enemigo en posición: {X:1141,3052 Y:1141,3052}
[EnemyRenderer] Enemigos activos para dibujar: 1
[Camera] Posición: {X:821,99976 Y:901,99976}, Zoom: 1
[EnemyManager] Enemigo activo en posición: {X:1141,3052 Y:1141,3052}
[EnemyManager] Enemigos activos: 1
[EnemyRenderer] Dibujando enemigo en posición: {X:1141,4718 Y:1141,4718}
[EnemyRenderer] Enemigos activos para dibujar: 1
[Camera] Posición: {X:821,99976 Y:901,99976}, Zoom: 1
[EnemyManager] Enemigo activo en posición: {X:1141,4718 Y:1141,4718}
[EnemyManager] Enemigos activos: 1
[EnemyRenderer] Dibujando enemigo en posición: {X:1141,6384 Y:1141,6384}
[EnemyRenderer] Enemigos activos para dibujar: 1
[Camera] Posición: {X:821,99976 Y:901,99976}, Zoom: 1
[EnemyManager] Enemigo activo en posición: {X:1141,6384 Y:1141,6384}
[EnemyManager] Enemigos activos: 1
[EnemyRenderer] Dibujando enemigo en posición: {X:1141,805 Y:1141,805}
[EnemyRenderer] Enemigos activos para dibujar: 1
[Camera] Posición: {X:821,99976 Y:901,99976}, Zoom: 1
[EnemyManager] Enemigo activo en posición: {X:1141,805 Y:1141,805}
[EnemyManager] Enemigos activos: 1
[EnemyRenderer] Dibujando enemigo en posición: {X:1141,9717 Y:1141,9717}
[EnemyRenderer] Enemigos activos para dibujar: 1
[Camera] Posición: {X:821,99976 Y:901,99976}, Zoom: 1
[EnemyManager] Enemigo activo en posición: {X:1141,9717 Y:1141,9717}
[EnemyManager] Enemigos activos: 1
[EnemyRenderer] Dibujando enemigo en posición: {X:1142,1383 Y:1142,1383}
[EnemyRenderer] Enemigos activos para dibujar: 1
[Camera] Posición: {X:821,99976 Y:901,99976}, Zoom: 1
[EnemyManager] Enemigo activo en posición: {X:1142,1383 Y:1142,1383}
[EnemyManager] Enemigos activos: 1
[EnemyRenderer] Dibujando enemigo en posición: {X:1142,3049 Y:1142,3049}
[EnemyRenderer] Enemigos activos para dibujar: 1
[Camera] Posición: {X:821,99976 Y:901,99976}, Zoom: 1
[EnemyManager] Enemigo activo en posición: {X:1142,3049 Y:1142,3049}
[EnemyManager] Enemigos activos: 1
[EnemyRenderer] Dibujando enemigo en posición: {X:1142,4716 Y:1142,4716}
[EnemyRenderer] Enemigos activos para dibujar: 1
[Camera] Posición: {X:821,99976 Y:901,99976}, Zoom: 1
[EnemyManager] Enemigo activo en posición: {X:1142,4716 Y:1142,4716}
[EnemyManager] Enemigos activos: 1
[EnemyRenderer] Dibujando enemigo en posición: {X:1142,6382 Y:1142,6382}
[EnemyRenderer] Enemigos activos para dibujar: 1
[Camera] Posición: {X:821,99976 Y:901,99976}, Zoom: 1
[EnemyManager] Enemigo activo en posición: {X:1142,6382 Y:1142,6382}
[EnemyManager] Enemigos activos: 1
[EnemyRenderer] Dibujando enemigo en posición: {X:1142,8048 Y:1142,8048}
[EnemyRenderer] Enemigos activos para dibujar: 1
[Camera] Posición: {X:821,99976 Y:901,99976}, Zoom: 1
[EnemyManager] Enemigo activo en posición: {X:1142,8048 Y:1142,8048}
[EnemyManager] Enemigos activos: 1
[EnemyRenderer] Dibujando enemigo en posición: {X:1142,9714 Y:1142,9714}
[EnemyRenderer] Enemigos activos para dibujar: 1
[Camera] Posición: {X:821,99976 Y:901,99976}, Zoom: 1
[EnemyManager] Enemigo activo en posición: {X:1142,9714 Y:1142,9714}
[EnemyManager] Enemigos activos: 1
[EnemyRenderer] Dibujando enemigo en posición: {X:1143,1381 Y:1143,1381}
[EnemyRenderer] Enemigos activos para dibujar: 1
[Camera] Posición: {X:821,99976 Y:901,99976}, Zoom: 1
[EnemyManager] Enemigo activo en posición: {X:1143,1381 Y:1143,1381}
[EnemyManager] Enemigos activos: 1
[EnemyRenderer] Dibujando enemigo en posición: {X:1143,3047 Y:1143,3047}
[EnemyRenderer] Enemigos activos para dibujar: 1
[Camera] Posición: {X:821,99976 Y:901,99976}, Zoom: 1
[EnemyManager] Enemigo activo en posición: {X:1143,3047 Y:1143,3047}
[EnemyManager] Enemigos activos: 1
[EnemyRenderer] Dibujando enemigo en posición: {X:1143,4713 Y:1143,4713}
[EnemyRenderer] Enemigos activos para dibujar: 1
[Camera] Posición: {X:821,99976 Y:901,99976}, Zoom: 1
[EnemyManager] Enemigo activo en posición: {X:1143,4713 Y:1143,4713}
[EnemyManager] Enemigos activos: 1
[EnemyRenderer] Dibujando enemigo en posición: {X:1143,638 Y:1143,638}
[EnemyRenderer] Enemigos activos para dibujar: 1
[Camera] Posición: {X:821,99976 Y:901,99976}, Zoom: 1
[EnemyManager] Enemigo activo en posición: {X:1143,638 Y:1143,638}
[EnemyManager] Enemigos activos: 1
[EnemyRenderer] Dibujando enemigo en posición: {X:1143,8046 Y:1143,8046}
[EnemyRenderer] Enemigos activos para dibujar: 1
[Camera] Posición: {X:821,99976 Y:901,99976}, Zoom: 1
[EnemyManager] Enemigo activo en posición: {X:1143,8046 Y:1143,8046}
[EnemyManager] Enemigos activos: 1
[EnemyRenderer] Dibujando enemigo en posición: {X:1143,9712 Y:1143,9712}
[EnemyRenderer] Enemigos activos para dibujar: 1
[Camera] Posición: {X:821,99976 Y:901,99976}, Zoom: 1
[EnemyManager] Enemigo activo en posición: {X:1143,9712 Y:1143,9712}
[EnemyManager] Enemigos activos: 1
[EnemyRenderer] Dibujando enemigo en posición: {X:1144,1378 Y:1144,1378}
[EnemyRenderer] Enemigos activos para dibujar: 1
[Camera] Posición: {X:821,99976 Y:901,99976}, Zoom: 1
[EnemyManager] Enemigo activo en posición: {X:1144,1378 Y:1144,1378}
[EnemyManager] Enemigos activos: 1
[EnemyRenderer] Dibujando enemigo en posición: {X:1144,3044 Y:1144,3044}
[EnemyRenderer] Enemigos activos para dibujar: 1
[Camera] Posición: {X:821,99976 Y:901,99976}, Zoom: 1
[EnemyManager] Enemigo activo en posición: {X:1144,3044 Y:1144,3044}
[EnemyManager] Enemigos activos: 1
[EnemyRenderer] Dibujando enemigo en posición: {X:1144,4711 Y:1144,4711}
[EnemyRenderer] Enemigos activos para dibujar: 1
[Camera] Posición: {X:821,99976 Y:901,99976}, Zoom: 1
[EnemyManager] Enemigo activo en posición: {X:1144,4711 Y:1144,4711}
[EnemyManager] Enemigos activos: 1
[EnemyRenderer] Dibujando enemigo en posición: {X:1144,6377 Y:1144,6377}
[EnemyRenderer] Enemigos activos para dibujar: 1
[Camera] Posición: {X:821,99976 Y:901,99976}, Zoom: 1
[EnemyManager] Enemigo activo en posición: {X:1144,6377 Y:1144,6377}
[EnemyManager] Enemigos activos: 1
[EnemyRenderer] Dibujando enemigo en posición: {X:1144,8043 Y:1144,8043}
[EnemyRenderer] Enemigos activos para dibujar: 1
[Camera] Posición: {X:821,99976 Y:901,99976}, Zoom: 1
[EnemyManager] Enemigo activo en posición: {X:1144,8043 Y:1144,8043}
[EnemyManager] Enemigos activos: 1
[EnemyRenderer] Dibujando enemigo en posición: {X:1144,971 Y:1144,971}
[EnemyRenderer] Enemigos activos para dibujar: 1
[Camera] Posición: {X:821,99976 Y:901,99976}, Zoom: 1
[EnemyManager] Enemigo activo en posición: {X:1144,971 Y:1144,971}
[EnemyManager] Enemigos activos: 1
[EnemyRenderer] Dibujando enemigo en posición: {X:1145,1376 Y:1145,1376}
[EnemyRenderer] Enemigos activos para dibujar: 1
[Camera] Posición: {X:821,99976 Y:901,99976}, Zoom: 1
[EnemyManager] Enemigo activo en posición: {X:1145,1376 Y:1145,1376}
[EnemyManager] Enemigos activos: 1
[EnemyRenderer] Dibujando enemigo en posición: {X:1145,3042 Y:1145,3042}
[EnemyRenderer] Enemigos activos para dibujar: 1
[Camera] Posición: {X:821,99976 Y:901,99976}, Zoom: 1
[EnemyManager] Enemigo activo en posición: {X:1145,3042 Y:1145,3042}
[EnemyManager] Enemigos activos: 1
[EnemyRenderer] Dibujando enemigo en posición: {X:1145,4708 Y:1145,4708}
[EnemyRenderer] Enemigos activos para dibujar: 1
[Camera] Posición: {X:821,99976 Y:901,99976}, Zoom: 1
[EnemyManager] Enemigo activo en posición: {X:1145,4708 Y:1145,4708}
[EnemyManager] Enemigos activos: 1
[EnemyRenderer] Dibujando enemigo en posición: {X:1145,6375 Y:1145,6375}
[EnemyRenderer] Enemigos activos para dibujar: 1
[Camera] Posición: {X:821,99976 Y:901,99976}, Zoom: 1
[EnemyManager] Enemigo activo en posición: {X:1145,6375 Y:1145,6375}
[EnemyManager] Enemigos activos: 1
[EnemyRenderer] Dibujando enemigo en posición: {X:1145,8041 Y:1145,8041}
[EnemyRenderer] Enemigos activos para dibujar: 1
[Camera] Posición: {X:821,99976 Y:901,99976}, Zoom: 1
[EnemyManager] Enemigo activo en posición: {X:1145,8041 Y:1145,8041}
[EnemyManager] Enemigos activos: 1
[EnemyRenderer] Dibujando enemigo en posición: {X:1145,9707 Y:1145,9707}
[EnemyRenderer] Enemigos activos para dibujar: 1
[Camera] Posición: {X:821,99976 Y:901,99976}, Zoom: 1
[EnemyManager] Enemigo activo en posición: {X:1145,9707 Y:1145,9707}
[EnemyManager] Enemigos activos: 1
[EnemyRenderer] Dibujando enemigo en posición: {X:1146,1373 Y:1146,1373}
[EnemyRenderer] Enemigos activos para dibujar: 1
[Camera] Posición: {X:821,99976 Y:901,99976}, Zoom: 1
[EnemyManager] Enemigo activo en posición: {X:1146,1373 Y:1146,1373}
[EnemyManager] Enemigos activos: 1
[EnemyRenderer] Dibujando enemigo en posición: {X:1146,304 Y:1146,304}
[EnemyRenderer] Enemigos activos para dibujar: 1
[Camera] Posición: {X:821,99976 Y:901,99976}, Zoom: 1
[EnemyManager] Enemigo activo en posición: {X:1146,304 Y:1146,304}
[EnemyManager] Enemigos activos: 1
[EnemyRenderer] Dibujando enemigo en posición: {X:1146,4706 Y:1146,4706}
[EnemyRenderer] Enemigos activos para dibujar: 1
[Camera] Posición: {X:821,99976 Y:901,99976}, Zoom: 1
[EnemyManager] Enemigo activo en posición: {X:1146,4706 Y:1146,4706}
[EnemyManager] Enemigos activos: 1
[EnemyRenderer] Dibujando enemigo en posición: {X:1146,6372 Y:1146,6372}
[EnemyRenderer] Enemigos activos para dibujar: 1
[Camera] Posición: {X:821,99976 Y:901,99976}, Zoom: 1
[EnemyManager] Enemigo activo en posición: {X:1146,6372 Y:1146,6372}
[EnemyManager] Enemigos activos: 1
[EnemyRenderer] Dibujando enemigo en posición: {X:1146,8038 Y:1146,8038}
[EnemyRenderer] Enemigos activos para dibujar: 1
[Camera] Posición: {X:821,99976 Y:901,99976}, Zoom: 1
[EnemyManager] Enemigo activo en posición: {X:1146,8038 Y:1146,8038}
[EnemyManager] Enemigos activos: 1
[EnemyRenderer] Dibujando enemigo en posición: {X:1146,9705 Y:1146,9705}
[EnemyRenderer] Enemigos activos para dibujar: 1
[Camera] Posición: {X:821,99976 Y:901,99976}, Zoom: 1
[EnemyManager] Enemigo activo en posición: {X:1146,9705 Y:1146,9705}
[EnemyManager] Enemigos activos: 1
[EnemyRenderer] Dibujando enemigo en posición: {X:1147,1371 Y:1147,1371}
[EnemyRenderer] Enemigos activos para dibujar: 1
[Camera] Posición: {X:821,99976 Y:901,99976}, Zoom: 1
[EnemyManager] Enemigo activo en posición: {X:1147,1371 Y:1147,1371}
[EnemyManager] Enemigos activos: 1
[EnemyRenderer] Dibujando enemigo en posición: {X:1147,3037 Y:1147,3037}
[EnemyRenderer] Enemigos activos para dibujar: 1
[Camera] Posición: {X:821,99976 Y:901,99976}, Zoom: 1
[EnemyManager] Enemigo activo en posición: {X:1147,3037 Y:1147,3037}
[EnemyManager] Enemigos activos: 1
[EnemyRenderer] Dibujando enemigo en posición: {X:1147,4703 Y:1147,4703}
[EnemyRenderer] Enemigos activos para dibujar: 1
[Camera] Posición: {X:821,99976 Y:901,99976}, Zoom: 1
[EnemyManager] Enemigo activo en posición: {X:1147,4703 Y:1147,4703}
[EnemyManager] Enemigos activos: 1
[EnemyRenderer] Dibujando enemigo en posición: {X:1147,637 Y:1147,637}
[EnemyRenderer] Enemigos activos para dibujar: 1
[Camera] Posición: {X:821,99976 Y:901,99976}, Zoom: 1
[EnemyManager] Enemigo activo en posición: {X:1147,637 Y:1147,637}
[EnemyManager] Enemigos activos: 1
[EnemyRenderer] Dibujando enemigo en posición: {X:1147,8036 Y:1147,8036}
[EnemyRenderer] Enemigos activos para dibujar: 1
[Camera] Posición: {X:821,99976 Y:901,99976}, Zoom: 1
[EnemyManager] Enemigo activo en posición: {X:1147,8036 Y:1147,8036}
[EnemyManager] Enemigos activos: 1
[EnemyRenderer] Dibujando enemigo en posición: {X:1147,9702 Y:1147,9702}
[EnemyRenderer] Enemigos activos para dibujar: 1
[Camera] Posición: {X:821,99976 Y:901,99976}, Zoom: 1
[EnemyManager] Enemigo activo en posición: {X:1147,9702 Y:1147,9702}
[EnemyManager] Enemigos activos: 1
[EnemyRenderer] Dibujando enemigo en posición: {X:1148,1368 Y:1148,1368}
[EnemyRenderer] Enemigos activos para dibujar: 1
[Camera] Posición: {X:821,99976 Y:901,99976}, Zoom: 1
[EnemyManager] Enemigo activo en posición: {X:1148,1368 Y:1148,1368}
[EnemyManager] Enemigos activos: 1
[EnemyRenderer] Dibujando enemigo en posición: {X:1148,3035 Y:1148,3035}
[EnemyRenderer] Enemigos activos para dibujar: 1
[Camera] Posición: {X:821,99976 Y:901,99976}, Zoom: 1
[EnemyManager] Enemigo activo en posición: {X:1148,3035 Y:1148,3035}
[EnemyManager] Enemigos activos: 1
[EnemyRenderer] Dibujando enemigo en posición: {X:1148,4701 Y:1148,4701}
[EnemyRenderer] Enemigos activos para dibujar: 1
[Camera] Posición: {X:821,99976 Y:901,99976}, Zoom: 1
[EnemyManager] Enemigo activo en posición: {X:1148,4701 Y:1148,4701}
[EnemyManager] Enemigos activos: 1
[EnemyRenderer] Dibujando enemigo en posición: {X:1148,6367 Y:1148,6367}
[EnemyRenderer] Enemigos activos para dibujar: 1
[Camera] Posición: {X:821,99976 Y:901,99976}, Zoom: 1
[EnemyManager] Enemigo activo en posición: {X:1148,6367 Y:1148,6367}
[EnemyManager] Enemigos activos: 1
[EnemyRenderer] Dibujando enemigo en posición: {X:1148,8033 Y:1148,8033}
[EnemyRenderer] Enemigos activos para dibujar: 1
[Camera] Posición: {X:821,99976 Y:901,99976}, Zoom: 1
[EnemyManager] Enemigo activo en posición: {X:1148,8033 Y:1148,8033}
[EnemyManager] Enemigos activos: 1
[EnemyRenderer] Dibujando enemigo en posición: {X:1148,97 Y:1148,97}
[EnemyRenderer] Enemigos activos para dibujar: 1
[Camera] Posición: {X:821,99976 Y:901,99976}, Zoom: 1
[EnemyManager] Enemigo activo en posición: {X:1148,97 Y:1148,97}
[EnemyManager] Enemigos activos: 1
[EnemyRenderer] Dibujando enemigo en posición: {X:1149,1366 Y:1149,1366}
[EnemyRenderer] Enemigos activos para dibujar: 1
[Camera] Posición: {X:821,99976 Y:901,99976}, Zoom: 1
[EnemyManager] Enemigo activo en posición: {X:1149,1366 Y:1149,1366}
[EnemyManager] Enemigos activos: 1
[EnemyRenderer] Dibujando enemigo en posición: {X:1149,3032 Y:1149,3032}
[EnemyRenderer] Enemigos activos para dibujar: 1
[Camera] Posición: {X:821,99976 Y:901,99976}, Zoom: 1
[EnemyManager] Enemigo activo en posición: {X:1149,3032 Y:1149,3032}
[EnemyManager] Enemigos activos: 1
[EnemyRenderer] Dibujando enemigo en posición: {X:1149,4698 Y:1149,4698}
[EnemyRenderer] Enemigos activos para dibujar: 1
[Camera] Posición: {X:821,99976 Y:901,99976}, Zoom: 1
[EnemyManager] Enemigo activo en posición: {X:1149,4698 Y:1149,4698}
[EnemyManager] Enemigos activos: 1
[EnemyRenderer] Dibujando enemigo en posición: {X:1149,6365 Y:1149,6365}
[EnemyRenderer] Enemigos activos para dibujar: 1
[Camera] Posición: {X:821,99976 Y:901,99976}, Zoom: 1
[EnemyManager] Enemigo activo en posición: {X:1149,6365 Y:1149,6365}
[EnemyManager] Enemigos activos: 1
[EnemyRenderer] Dibujando enemigo en posición: {X:1149,8031 Y:1149,8031}
[EnemyRenderer] Enemigos activos para dibujar: 1
[Camera] Posición: {X:821,99976 Y:901,99976}, Zoom: 1
[EnemyManager] Enemigo activo en posición: {X:1149,8031 Y:1149,8031}
[EnemyManager] Enemigos activos: 1
[EnemyRenderer] Dibujando enemigo en posición: {X:1149,9697 Y:1149,9697}
[EnemyRenderer] Enemigos activos para dibujar: 1
[Camera] Posición: {X:821,99976 Y:901,99976}, Zoom: 1
[EnemyManager] Enemigo activo en posición: {X:1149,9697 Y:1149,9697}
[EnemyManager] Enemigos activos: 1
[EnemyRenderer] Dibujando enemigo en posición: {X:1150,1364 Y:1150,1364}
[EnemyRenderer] Enemigos activos para dibujar: 1
[Camera] Posición: {X:821,99976 Y:901,99976}, Zoom: 1
[EnemyManager] Enemigo activo en posición: {X:1150,1364 Y:1150,1364}
[EnemyManager] Enemigos activos: 1
[EnemyRenderer] Dibujando enemigo en posición: {X:1150,303 Y:1150,303}
[EnemyRenderer] Enemigos activos para dibujar: 1
[Camera] Posición: {X:821,99976 Y:901,99976}, Zoom: 1
[EnemyManager] Enemigo activo en posición: {X:1150,303 Y:1150,303}
[EnemyManager] Enemigos activos: 1
[EnemyRenderer] Dibujando enemigo en posición: {X:1150,4696 Y:1150,4696}
[EnemyRenderer] Enemigos activos para dibujar: 1
[Camera] Posición: {X:821,99976 Y:901,99976}, Zoom: 1
[EnemyManager] Enemigo activo en posición: {X:1150,4696 Y:1150,4696}
[EnemyManager] Enemigos activos: 1
[EnemyRenderer] Dibujando enemigo en posición: {X:1150,6362 Y:1150,6362}
[EnemyRenderer] Enemigos activos para dibujar: 1
[Camera] Posición: {X:821,99976 Y:901,99976}, Zoom: 1
[EnemyManager] Enemigo activo en posición: {X:1150,6362 Y:1150,6362}
[EnemyManager] Enemigos activos: 1
[EnemyRenderer] Dibujando enemigo en posición: {X:1150,8029 Y:1150,8029}
[EnemyRenderer] Enemigos activos para dibujar: 1
[Camera] Posición: {X:821,99976 Y:901,99976}, Zoom: 1
[EnemyManager] Enemigo activo en posición: {X:1150,8029 Y:1150,8029}
[EnemyManager] Enemigos activos: 1
[EnemyRenderer] Dibujando enemigo en posición: {X:1150,9695 Y:1150,9695}
[EnemyRenderer] Enemigos activos para dibujar: 1
[Camera] Posición: {X:821,99976 Y:901,99976}, Zoom: 1
[EnemyManager] Enemigo activo en posición: {X:1150,9695 Y:1150,9695}
[EnemyManager] Enemigos activos: 1
[EnemyRenderer] Dibujando enemigo en posición: {X:1151,1361 Y:1151,1361}
[EnemyRenderer] Enemigos activos para dibujar: 1
[Camera] Posición: {X:821,99976 Y:901,99976}, Zoom: 1
[EnemyManager] Enemigo activo en posición: {X:1151,1361 Y:1151,1361}
[EnemyManager] Enemigos activos: 1
[EnemyRenderer] Dibujando enemigo en posición: {X:1151,3027 Y:1151,3027}
[EnemyRenderer] Enemigos activos para dibujar: 1
[Camera] Posición: {X:821,99976 Y:901,99976}, Zoom: 1
[EnemyManager] Enemigo activo en posición: {X:1151,3027 Y:1151,3027}
[EnemyManager] Enemigos activos: 1
[EnemyRenderer] Dibujando enemigo en posición: {X:1151,4694 Y:1151,4694}
[EnemyRenderer] Enemigos activos para dibujar: 1
[Camera] Posición: {X:821,99976 Y:901,99976}, Zoom: 1
[EnemyManager] Enemigo activo en posición: {X:1151,4694 Y:1151,4694}
[EnemyManager] Enemigos activos: 1
[EnemyRenderer] Dibujando enemigo en posición: {X:1151,636 Y:1151,636}
[EnemyRenderer] Enemigos activos para dibujar: 1
[Camera] Posición: {X:821,99976 Y:901,99976}, Zoom: 1
[EnemyManager] Enemigo activo en posición: {X:1151,636 Y:1151,636}
[EnemyManager] Enemigos activos: 1
[EnemyRenderer] Dibujando enemigo en posición: {X:1151,8026 Y:1151,8026}
[EnemyRenderer] Enemigos activos para dibujar: 1
[Camera] Posición: {X:821,99976 Y:901,99976}, Zoom: 1
[EnemyManager] Enemigo activo en posición: {X:1151,8026 Y:1151,8026}
[EnemyManager] Enemigos activos: 1
[EnemyRenderer] Dibujando enemigo en posición: {X:1151,9692 Y:1151,9692}
[EnemyRenderer] Enemigos activos para dibujar: 1
[Camera] Posición: {X:821,99976 Y:901,99976}, Zoom: 1
[EnemyManager] Enemigo activo en posición: {X:1151,9692 Y:1151,9692}
[EnemyManager] Enemigos activos: 1
[EnemyRenderer] Dibujando enemigo en posición: {X:1152,1359 Y:1152,1359}
[EnemyRenderer] Enemigos activos para dibujar: 1
[Camera] Posición: {X:821,99976 Y:901,99976}, Zoom: 1
[EnemyManager] Enemigo activo en posición: {X:1152,1359 Y:1152,1359}
[EnemyManager] Enemigos activos: 1
[EnemyRenderer] Dibujando enemigo en posición: {X:1152,3025 Y:1152,3025}
[EnemyRenderer] Enemigos activos para dibujar: 1
[Camera] Posición: {X:821,99976 Y:901,99976}, Zoom: 1
[EnemyManager] Enemigo activo en posición: {X:1152,3025 Y:1152,3025}
[EnemyManager] Enemigos activos: 1
[EnemyRenderer] Dibujando enemigo en posición: {X:1152,4691 Y:1152,4691}
[EnemyRenderer] Enemigos activos para dibujar: 1
[Camera] Posición: {X:821,99976 Y:901,99976}, Zoom: 1
[EnemyManager] Enemigo activo en posición: {X:1152,4691 Y:1152,4691}
[EnemyManager] Enemigos activos: 1
[EnemyRenderer] Dibujando enemigo en posición: {X:1152,6357 Y:1152,6357}
[EnemyRenderer] Enemigos activos para dibujar: 1
[Camera] Posición: {X:821,99976 Y:901,99976}, Zoom: 1
[EnemyManager] Enemigo activo en posición: {X:1152,6357 Y:1152,6357}
[EnemyManager] Enemigos activos: 1
[EnemyRenderer] Dibujando enemigo en posición: {X:1152,8024 Y:1152,8024}
[EnemyRenderer] Enemigos activos para dibujar: 1
[Camera] Posición: {X:821,99976 Y:901,99976}, Zoom: 1
[EnemyManager] Enemigo activo en posición: {X:1152,8024 Y:1152,8024}
[EnemyManager] Enemigos activos: 1
[EnemyRenderer] Dibujando enemigo en posición: {X:1152,969 Y:1152,969}
[EnemyRenderer] Enemigos activos para dibujar: 1
[Camera] Posición: {X:821,99976 Y:901,99976}, Zoom: 1
[EnemyManager] Enemigo activo en posición: {X:1152,969 Y:1152,969}
[EnemyManager] Enemigos activos: 1
[EnemyRenderer] Dibujando enemigo en posición: {X:1153,1356 Y:1153,1356}
[EnemyRenderer] Enemigos activos para dibujar: 1
[Camera] Posición: {X:821,99976 Y:901,99976}, Zoom: 1
[EnemyManager] Enemigo activo en posición: {X:1153,1356 Y:1153,1356}
[EnemyManager] Enemigos activos: 1
[EnemyRenderer] Dibujando enemigo en posición: {X:1153,3022 Y:1153,3022}
[EnemyRenderer] Enemigos activos para dibujar: 1
[Camera] Posición: {X:821,99976 Y:901,99976}, Zoom: 1
[EnemyManager] Enemigo activo en posición: {X:1153,3022 Y:1153,3022}
[EnemyManager] Enemigos activos: 1
[EnemyRenderer] Dibujando enemigo en posición: {X:1153,4689 Y:1153,4689}
[EnemyRenderer] Enemigos activos para dibujar: 1
[Camera] Posición: {X:821,99976 Y:901,99976}, Zoom: 1
[EnemyManager] Enemigo activo en posición: {X:1153,4689 Y:1153,4689}
[EnemyManager] Enemigos activos: 1
[EnemyRenderer] Dibujando enemigo en posición: {X:1153,6355 Y:1153,6355}
[EnemyRenderer] Enemigos activos para dibujar: 1
[Camera] Posición: {X:821,99976 Y:901,99976}, Zoom: 1
[EnemyManager] Enemigo activo en posición: {X:1153,6355 Y:1153,6355}
[EnemyManager] Enemigos activos: 1
[EnemyRenderer] Dibujando enemigo en posición: {X:1153,8021 Y:1153,8021}
[EnemyRenderer] Enemigos activos para dibujar: 1
[Camera] Posición: {X:821,99976 Y:901,99976}, Zoom: 1
[EnemyManager] Enemigo activo en posición: {X:1153,8021 Y:1153,8021}
[EnemyManager] Enemigos activos: 1
[EnemyRenderer] Dibujando enemigo en posición: {X:1153,9688 Y:1153,9688}
[EnemyRenderer] Enemigos activos para dibujar: 1
[Camera] Posición: {X:821,99976 Y:901,99976}, Zoom: 1
[EnemyManager] Enemigo activo en posición: {X:1153,9688 Y:1153,9688}
[EnemyManager] Enemigos activos: 1
[EnemyRenderer] Dibujando enemigo en posición: {X:1154,1354 Y:1154,1354}
[EnemyRenderer] Enemigos activos para dibujar: 1
[Camera] Posición: {X:821,99976 Y:901,99976}, Zoom: 1
[EnemyManager] Enemigo activo en posición: {X:1154,1354 Y:1154,1354}
[EnemyManager] Enemigos activos: 1
[EnemyRenderer] Dibujando enemigo en posición: {X:1154,302 Y:1154,302}
[EnemyRenderer] Enemigos activos para dibujar: 1
[Camera] Posición: {X:821,99976 Y:901,99976}, Zoom: 1
[EnemyManager] Enemigo activo en posición: {X:1154,302 Y:1154,302}
[EnemyManager] Enemigos activos: 1
[EnemyRenderer] Dibujando enemigo en posición: {X:1154,4686 Y:1154,4686}
[EnemyRenderer] Enemigos activos para dibujar: 1
[Camera] Posición: {X:821,99976 Y:901,99976}, Zoom: 1
[EnemyManager] Enemigo activo en posición: {X:1154,4686 Y:1154,4686}
[EnemyManager] Enemigos activos: 1
[EnemyRenderer] Dibujando enemigo en posición: {X:1154,6353 Y:1154,6353}
[EnemyRenderer] Enemigos activos para dibujar: 1
[Camera] Posición: {X:821,99976 Y:901,99976}, Zoom: 1
[EnemyManager] Enemigo activo en posición: {X:1154,6353 Y:1154,6353}
[EnemyManager] Enemigos activos: 1
[EnemyRenderer] Dibujando enemigo en posición: {X:1154,8019 Y:1154,8019}
[EnemyRenderer] Enemigos activos para dibujar: 1
[Camera] Posición: {X:821,99976 Y:901,99976}, Zoom: 1
[EnemyManager] Enemigo activo en posición: {X:1154,8019 Y:1154,8019}
[EnemyManager] Enemigos activos: 1
[EnemyRenderer] Dibujando enemigo en posición: {X:1154,9685 Y:1154,9685}
[EnemyRenderer] Enemigos activos para dibujar: 1
[Camera] Posición: {X:821,99976 Y:901,99976}, Zoom: 1
[EnemyManager] Enemigo activo en posición: {X:1154,9685 Y:1154,9685}
[EnemyManager] Enemigos activos: 1
[EnemyRenderer] Dibujando enemigo en posición: {X:1155,1351 Y:1155,1351}
[EnemyRenderer] Enemigos activos para dibujar: 1
[Camera] Posición: {X:821,99976 Y:901,99976}, Zoom: 1
[EnemyManager] Enemigo activo en posición: {X:1155,1351 Y:1155,1351}
[EnemyManager] Enemigos activos: 1
[EnemyRenderer] Dibujando enemigo en posición: {X:1155,3018 Y:1155,3018}
[EnemyRenderer] Enemigos activos para dibujar: 1
[Camera] Posición: {X:821,99976 Y:901,99976}, Zoom: 1
[EnemyManager] Enemigo activo en posición: {X:1155,3018 Y:1155,3018}
[EnemyManager] Enemigos activos: 1
[EnemyRenderer] Dibujando enemigo en posición: {X:1155,4684 Y:1155,4684}
[EnemyRenderer] Enemigos activos para dibujar: 1
[Camera] Posición: {X:821,99976 Y:901,99976}, Zoom: 1
[EnemyManager] Enemigo activo en posición: {X:1155,4684 Y:1155,4684}
[EnemyManager] Enemigos activos: 1
[EnemyRenderer] Dibujando enemigo en posición: {X:1155,635 Y:1155,635}
[EnemyRenderer] Enemigos activos para dibujar: 1
[Camera] Posición: {X:821,99976 Y:901,99976}, Zoom: 1
[EnemyManager] Enemigo activo en posición: {X:1155,635 Y:1155,635}
[EnemyManager] Enemigos activos: 1
[EnemyRenderer] Dibujando enemigo en posición: {X:1155,8016 Y:1155,8016}
[EnemyRenderer] Enemigos activos para dibujar: 1
[Camera] Posición: {X:821,99976 Y:901,99976}, Zoom: 1
[EnemyManager] Enemigo activo en posición: {X:1155,8016 Y:1155,8016}
[EnemyManager] Enemigos activos: 1
[EnemyRenderer] Dibujando enemigo en posición: {X:1155,9683 Y:1155,9683}
[EnemyRenderer] Enemigos activos para dibujar: 1
[Camera] Posición: {X:821,99976 Y:901,99976}, Zoom: 1
[EnemyManager] Enemigo activo en posición: {X:1155,9683 Y:1155,9683}
[EnemyManager] Enemigos activos: 1
[EnemyRenderer] Dibujando enemigo en posición: {X:1156,1349 Y:1156,1349}
[EnemyRenderer] Enemigos activos para dibujar: 1
[Camera] Posición: {X:821,99976 Y:901,99976}, Zoom: 1
[EnemyManager] Enemigo activo en posición: {X:1156,1349 Y:1156,1349}
[EnemyManager] Enemigos activos: 1
[EnemyRenderer] Dibujando enemigo en posición: {X:1156,3015 Y:1156,3015}
[EnemyRenderer] Enemigos activos para dibujar: 1
[Camera] Posición: {X:821,99976 Y:901,99976}, Zoom: 1
[EnemyManager] Enemigo activo en posición: {X:1156,3015 Y:1156,3015}
[EnemyManager] Enemigos activos: 1
[EnemyRenderer] Dibujando enemigo en posición: {X:1156,4681 Y:1156,4681}
[EnemyRenderer] Enemigos activos para dibujar: 1
[Camera] Posición: {X:821,99976 Y:901,99976}, Zoom: 1
[EnemyManager] Enemigo activo en posición: {X:1156,4681 Y:1156,4681}
[EnemyManager] Enemigos activos: 1
[EnemyRenderer] Dibujando enemigo en posición: {X:1156,6348 Y:1156,6348}
[EnemyRenderer] Enemigos activos para dibujar: 1
[Camera] Posición: {X:821,99976 Y:901,99976}, Zoom: 1
[EnemyManager] Enemigo activo en posición: {X:1156,6348 Y:1156,6348}
[EnemyManager] Enemigos activos: 1
[EnemyRenderer] Dibujando enemigo en posición: {X:1156,8014 Y:1156,8014}
[EnemyRenderer] Enemigos activos para dibujar: 1
[Camera] Posición: {X:821,99976 Y:901,99976}, Zoom: 1
[EnemyManager] Enemigo activo en posición: {X:1156,8014 Y:1156,8014}
[EnemyManager] Enemigos activos: 1
[EnemyRenderer] Dibujando enemigo en posición: {X:1156,968 Y:1156,968}
[EnemyRenderer] Enemigos activos para dibujar: 1
[Camera] Posición: {X:821,99976 Y:901,99976}, Zoom: 1
[EnemyManager] Enemigo activo en posición: {X:1156,968 Y:1156,968}
[EnemyManager] Enemigos activos: 1
[EnemyRenderer] Dibujando enemigo en posición: {X:1157,1346 Y:1157,1346}
[EnemyRenderer] Enemigos activos para dibujar: 1
[Camera] Posición: {X:821,99976 Y:901,99976}, Zoom: 1
[EnemyManager] Enemigo activo en posición: {X:1157,1346 Y:1157,1346}
[EnemyManager] Enemigos activos: 1
[EnemyRenderer] Dibujando enemigo en posición: {X:1157,3013 Y:1157,3013}
[EnemyRenderer] Enemigos activos para dibujar: 1
[Camera] Posición: {X:821,99976 Y:901,99976}, Zoom: 1
[EnemyManager] Enemigo activo en posición: {X:1157,3013 Y:1157,3013}
[EnemyManager] Enemigos activos: 1
[EnemyRenderer] Dibujando enemigo en posición: {X:1157,4679 Y:1157,4679}
[EnemyRenderer] Enemigos activos para dibujar: 1
[Camera] Posición: {X:821,99976 Y:901,99976}, Zoom: 1
[EnemyManager] Enemigo activo en posición: {X:1157,4679 Y:1157,4679}
[EnemyManager] Enemigos activos: 1
[EnemyRenderer] Dibujando enemigo en posición: {X:1157,6345 Y:1157,6345}
[EnemyRenderer] Enemigos activos para dibujar: 1
[Camera] Posición: {X:821,99976 Y:901,99976}, Zoom: 1
[EnemyManager] Enemigo activo en posición: {X:1157,6345 Y:1157,6345}
[EnemyManager] Enemigos activos: 1
[EnemyRenderer] Dibujando enemigo en posición: {X:1157,8011 Y:1157,8011}
[EnemyRenderer] Enemigos activos para dibujar: 1
[Camera] Posición: {X:821,99976 Y:901,99976}, Zoom: 1
[EnemyManager] Enemigo activo en posición: {X:1157,8011 Y:1157,8011}
[EnemyManager] Enemigos activos: 1
[EnemyRenderer] Dibujando enemigo en posición: {X:1157,9678 Y:1157,9678}
[EnemyRenderer] Enemigos activos para dibujar: 1
[Camera] Posición: {X:821,99976 Y:901,99976}, Zoom: 1
[EnemyManager] Enemigo activo en posición: {X:1157,9678 Y:1157,9678}
[EnemyManager] Enemigos activos: 1
[EnemyRenderer] Dibujando enemigo en posición: {X:1158,1344 Y:1158,1344}
[EnemyRenderer] Enemigos activos para dibujar: 1
[Camera] Posición: {X:821,99976 Y:901,99976}, Zoom: 1
[EnemyManager] Enemigo activo en posición: {X:1158,1344 Y:1158,1344}
[EnemyManager] Enemigos activos: 1
[EnemyRenderer] Dibujando enemigo en posición: {X:1158,301 Y:1158,301}
[EnemyRenderer] Enemigos activos para dibujar: 1
[Camera] Posición: {X:821,99976 Y:901,99976}, Zoom: 1
[EnemyManager] Enemigo activo en posición: {X:1158,301 Y:1158,301}
[EnemyManager] Enemigos activos: 1
[EnemyRenderer] Dibujando enemigo en posición: {X:1158,4677 Y:1158,4677}
[EnemyRenderer] Enemigos activos para dibujar: 1
[Camera] Posición: {X:821,99976 Y:901,99976}, Zoom: 1
[EnemyManager] Enemigo activo en posición: {X:1158,4677 Y:1158,4677}
[EnemyManager] Enemigos activos: 1
[EnemyRenderer] Dibujando enemigo en posición: {X:1158,6343 Y:1158,6343}
[EnemyRenderer] Enemigos activos para dibujar: 1
[Camera] Posición: {X:821,99976 Y:901,99976}, Zoom: 1
[EnemyManager] Enemigo activo en posición: {X:1158,6343 Y:1158,6343}
[EnemyManager] Enemigos activos: 1
[EnemyRenderer] Dibujando enemigo en posición: {X:1158,8009 Y:1158,8009}
[EnemyRenderer] Enemigos activos para dibujar: 1
[Camera] Posición: {X:821,99976 Y:901,99976}, Zoom: 1
[EnemyManager] Enemigo activo en posición: {X:1158,8009 Y:1158,8009}
[EnemyManager] Enemigos activos: 1
[EnemyRenderer] Dibujando enemigo en posición: {X:1158,9675 Y:1158,9675}
[EnemyRenderer] Enemigos activos para dibujar: 1
[Camera] Posición: {X:821,99976 Y:901,99976}, Zoom: 1
[EnemyManager] Enemigo activo en posición: {X:1158,9675 Y:1158,9675}
[EnemyManager] Enemigos activos: 1
[EnemyRenderer] Dibujando enemigo en posición: {X:1159,1342 Y:1159,1342}
[EnemyRenderer] Enemigos activos para dibujar: 1
[Camera] Posición: {X:821,99976 Y:901,99976}, Zoom: 1
[EnemyManager] Enemigo activo en posición: {X:1159,1342 Y:1159,1342}
[EnemyManager] Enemigos activos: 1
[EnemyRenderer] Dibujando enemigo en posición: {X:1159,3008 Y:1159,3008}
[EnemyRenderer] Enemigos activos para dibujar: 1
[Camera] Posición: {X:821,99976 Y:901,99976}, Zoom: 1
[EnemyManager] Enemigo activo en posición: {X:1159,3008 Y:1159,3008}
[EnemyManager] Enemigos activos: 1
[EnemyRenderer] Dibujando enemigo en posición: {X:1159,4674 Y:1159,4674}
[EnemyRenderer] Enemigos activos para dibujar: 1
[Camera] Posición: {X:821,99976 Y:901,99976}, Zoom: 1
[EnemyManager] Enemigo activo en posición: {X:1159,4674 Y:1159,4674}
[EnemyManager] Enemigos activos: 1
[EnemyRenderer] Dibujando enemigo en posición: {X:1159,634 Y:1159,634}
[EnemyRenderer] Enemigos activos para dibujar: 1
[Camera] Posición: {X:821,99976 Y:901,99976}, Zoom: 1
[EnemyManager] Enemigo activo en posición: {X:1159,634 Y:1159,634}
[EnemyManager] Enemigos activos: 1
[EnemyRenderer] Dibujando enemigo en posición: {X:1159,8007 Y:1159,8007}
[EnemyRenderer] Enemigos activos para dibujar: 1
[Camera] Posición: {X:821,99976 Y:901,99976}, Zoom: 1
[EnemyManager] Enemigo activo en posición: {X:1159,8007 Y:1159,8007}
[EnemyManager] Enemigos activos: 1
[EnemyRenderer] Dibujando enemigo en posición: {X:1159,9673 Y:1159,9673}
[EnemyRenderer] Enemigos activos para dibujar: 1
[Camera] Posición: {X:821,99976 Y:901,99976}, Zoom: 1
[EnemyManager] Enemigo activo en posición: {X:1159,9673 Y:1159,9673}
[EnemyManager] Enemigos activos: 1
[EnemyRenderer] Dibujando enemigo en posición: {X:1160,1339 Y:1160,1339}
[EnemyRenderer] Enemigos activos para dibujar: 1
[Camera] Posición: {X:821,99976 Y:901,99976}, Zoom: 1
[EnemyManager] Enemigo activo en posición: {X:1160,1339 Y:1160,1339}
[EnemyManager] Enemigos activos: 1
[EnemyRenderer] Dibujando enemigo en posición: {X:1160,3005 Y:1160,3005}
[EnemyRenderer] Enemigos activos para dibujar: 1
[Camera] Posición: {X:821,99976 Y:901,99976}, Zoom: 1
[EnemyManager] Enemigo activo en posición: {X:1160,3005 Y:1160,3005}
[EnemyManager] Enemigos activos: 1
[EnemyRenderer] Dibujando enemigo en posición: {X:1160,4672 Y:1160,4672}
[EnemyRenderer] Enemigos activos para dibujar: 1
[Camera] Posición: {X:821,99976 Y:901,99976}, Zoom: 1
[EnemyManager] Enemigo activo en posición: {X:1160,4672 Y:1160,4672}
[EnemyManager] Enemigos activos: 1
[EnemyRenderer] Dibujando enemigo en posición: {X:1160,6338 Y:1160,6338}
[EnemyRenderer] Enemigos activos para dibujar: 1
[Camera] Posición: {X:821,99976 Y:901,99976}, Zoom: 1
[EnemyManager] Enemigo activo en posición: {X:1160,6338 Y:1160,6338}
[EnemyManager] Enemigos activos: 1
[EnemyRenderer] Dibujando enemigo en posición: {X:1160,8004 Y:1160,8004}
[EnemyRenderer] Enemigos activos para dibujar: 1
[Camera] Posición: {X:821,99976 Y:901,99976}, Zoom: 1
[EnemyManager] Enemigo activo en posición: {X:1160,8004 Y:1160,8004}
[EnemyManager] Enemigos activos: 1
[EnemyRenderer] Dibujando enemigo en posición: {X:1160,967 Y:1160,967}
[EnemyRenderer] Enemigos activos para dibujar: 1
[Camera] Posición: {X:821,99976 Y:901,99976}, Zoom: 1
[EnemyManager] Enemigo activo en posición: {X:1160,967 Y:1160,967}
[EnemyManager] Enemigos activos: 1
[EnemyRenderer] Dibujando enemigo en posición: {X:1161,1337 Y:1161,1337}
[EnemyRenderer] Enemigos activos para dibujar: 1
[Camera] Posición: {X:821,99976 Y:901,99976}, Zoom: 1
[EnemyManager] Enemigo activo en posición: {X:1161,1337 Y:1161,1337}
[EnemyManager] Enemigos activos: 1
[EnemyRenderer] Dibujando enemigo en posición: {X:1161,3003 Y:1161,3003}
[EnemyRenderer] Enemigos activos para dibujar: 1
[Camera] Posición: {X:821,99976 Y:901,99976}, Zoom: 1
[EnemyManager] Enemigo activo en posición: {X:1161,3003 Y:1161,3003}
[EnemyManager] Enemigos activos: 1
[EnemyRenderer] Dibujando enemigo en posición: {X:1161,4669 Y:1161,4669}
[EnemyRenderer] Enemigos activos para dibujar: 1
[Camera] Posición: {X:821,99976 Y:901,99976}, Zoom: 1
[EnemyManager] Enemigo activo en posición: {X:1161,4669 Y:1161,4669}
[EnemyManager] Enemigos activos: 1
[EnemyRenderer] Dibujando enemigo en posición: {X:1161,6335 Y:1161,6335}
[EnemyRenderer] Enemigos activos para dibujar: 1
[Camera] Posición: {X:821,99976 Y:901,99976}, Zoom: 1
[EnemyManager] Enemigo activo en posición: {X:1161,6335 Y:1161,6335}
[EnemyManager] Enemigos activos: 1
[EnemyRenderer] Dibujando enemigo en posición: {X:1161,8002 Y:1161,8002}
[EnemyRenderer] Enemigos activos para dibujar: 1
[Camera] Posición: {X:821,99976 Y:901,99976}, Zoom: 1
[EnemyManager] Enemigo activo en posición: {X:1161,8002 Y:1161,8002}
[EnemyManager] Enemigos activos: 1
[EnemyRenderer] Dibujando enemigo en posición: {X:1161,9668 Y:1161,9668}
[EnemyRenderer] Enemigos activos para dibujar: 1
[Camera] Posición: {X:821,99976 Y:901,99976}, Zoom: 1
[EnemyManager] Enemigo activo en posición: {X:1161,9668 Y:1161,9668}
[EnemyManager] Enemigos activos: 1
[EnemyRenderer] Dibujando enemigo en posición: {X:1162,1334 Y:1162,1334}
[EnemyRenderer] Enemigos activos para dibujar: 1
[Camera] Posición: {X:821,99976 Y:901,99976}, Zoom: 1
[EnemyManager] Enemigo activo en posición: {X:1162,1334 Y:1162,1334}
[EnemyManager] Enemigos activos: 1
[EnemyRenderer] Dibujando enemigo en posición: {X:1162,3 Y:1162,3}
[EnemyRenderer] Enemigos activos para dibujar: 1
[Camera] Posición: {X:821,99976 Y:901,99976}, Zoom: 1
[EnemyManager] Enemigo activo en posición: {X:1162,3 Y:1162,3}
[EnemyManager] Enemigos activos: 1
[EnemyRenderer] Dibujando enemigo en posición: {X:1162,4667 Y:1162,4667}
[EnemyRenderer] Enemigos activos para dibujar: 1
[Camera] Posición: {X:821,99976 Y:901,99976}, Zoom: 1
[EnemyManager] Enemigo activo en posición: {X:1162,4667 Y:1162,4667}
[EnemyManager] Enemigos activos: 1
[EnemyRenderer] Dibujando enemigo en posición: {X:1162,6333 Y:1162,6333}
[EnemyRenderer] Enemigos activos para dibujar: 1
[Camera] Posición: {X:821,99976 Y:901,99976}, Zoom: 1
[EnemyManager] Enemigo activo en posición: {X:1162,6333 Y:1162,6333}
[EnemyManager] Enemigos activos: 1
[EnemyRenderer] Dibujando enemigo en posición: {X:1162,7999 Y:1162,7999}
[EnemyRenderer] Enemigos activos para dibujar: 1
[Camera] Posición: {X:821,99976 Y:901,99976}, Zoom: 1
[EnemyManager] Enemigo activo en posición: {X:1162,7999 Y:1162,7999}
[EnemyManager] Enemigos activos: 1
[EnemyRenderer] Dibujando enemigo en posición: {X:1162,9666 Y:1162,9666}
[EnemyRenderer] Enemigos activos para dibujar: 1
[Camera] Posición: {X:821,99976 Y:901,99976}, Zoom: 1
[EnemyManager] Enemigo activo en posición: {X:1162,9666 Y:1162,9666}
[EnemyManager] Enemigos activos: 1
[EnemyRenderer] Dibujando enemigo en posición: {X:1163,1332 Y:1163,1332}
[EnemyRenderer] Enemigos activos para dibujar: 1
[Camera] Posición: {X:821,99976 Y:901,99976}, Zoom: 1
[EnemyManager] Enemigo activo en posición: {X:1163,1332 Y:1163,1332}
[EnemyManager] Enemigos activos: 1
[EnemyRenderer] Dibujando enemigo en posición: {X:1163,2998 Y:1163,2998}
[EnemyRenderer] Enemigos activos para dibujar: 1
[Camera] Posición: {X:821,99976 Y:901,99976}, Zoom: 1
[EnemyManager] Enemigo activo en posición: {X:1163,2998 Y:1163,2998}
[EnemyManager] Enemigos activos: 1
[EnemyRenderer] Dibujando enemigo en posición: {X:1163,4664 Y:1163,4664}
[EnemyRenderer] Enemigos activos para dibujar: 1
[Camera] Posición: {X:821,99976 Y:901,99976}, Zoom: 1
[EnemyManager] Enemigo activo en posición: {X:1163,4664 Y:1163,4664}
[EnemyManager] Enemigos activos: 1
[EnemyRenderer] Dibujando enemigo en posición: {X:1163,633 Y:1163,633}
[EnemyRenderer] Enemigos activos para dibujar: 1
[Camera] Posición: {X:821,99976 Y:901,99976}, Zoom: 1
[EnemyManager] Enemigo activo en posición: {X:1163,633 Y:1163,633}
[EnemyManager] Enemigos activos: 1
[EnemyRenderer] Dibujando enemigo en posición: {X:1163,7997 Y:1163,7997}
[EnemyRenderer] Enemigos activos para dibujar: 1
[Camera] Posición: {X:821,99976 Y:901,99976}, Zoom: 1
[EnemyManager] Enemigo activo en posición: {X:1163,7997 Y:1163,7997}
[EnemyManager] Enemigos activos: 1
[EnemyRenderer] Dibujando enemigo en posición: {X:1163,9663 Y:1163,9663}
[EnemyRenderer] Enemigos activos para dibujar: 1
[Camera] Posición: {X:821,99976 Y:901,99976}, Zoom: 1
[EnemyManager] Enemigo activo en posición: {X:1163,9663 Y:1163,9663}
[EnemyManager] Enemigos activos: 1
[EnemyRenderer] Dibujando enemigo en posición: {X:1164,1329 Y:1164,1329}
[EnemyRenderer] Enemigos activos para dibujar: 1
[Camera] Posición: {X:821,99976 Y:901,99976}, Zoom: 1
[EnemyManager] Enemigo activo en posición: {X:1164,1329 Y:1164,1329}
[EnemyManager] Enemigos activos: 1
[EnemyRenderer] Dibujando enemigo en posición: {X:1164,2996 Y:1164,2996}
[EnemyRenderer] Enemigos activos para dibujar: 1
[Camera] Posición: {X:821,99976 Y:901,99976}, Zoom: 1
[EnemyManager] Enemigo activo en posición: {X:1164,2996 Y:1164,2996}
[EnemyManager] Enemigos activos: 1
[EnemyRenderer] Dibujando enemigo en posición: {X:1164,4662 Y:1164,4662}
[EnemyRenderer] Enemigos activos para dibujar: 1
[Camera] Posición: {X:821,99976 Y:901,99976}, Zoom: 1
[EnemyManager] Enemigo activo en posición: {X:1164,4662 Y:1164,4662}
[EnemyManager] Enemigos activos: 1
[EnemyRenderer] Dibujando enemigo en posición: {X:1164,6328 Y:1164,6328}
[EnemyRenderer] Enemigos activos para dibujar: 1
[Camera] Posición: {X:821,99976 Y:901,99976}, Zoom: 1
[EnemyManager] Enemigo activo en posición: {X:1164,6328 Y:1164,6328}
[EnemyManager] Enemigos activos: 1
[EnemyRenderer] Dibujando enemigo en posición: {X:1164,7994 Y:1164,7994}
[EnemyRenderer] Enemigos activos para dibujar: 1
[Camera] Posición: {X:821,99976 Y:901,99976}, Zoom: 1
[EnemyManager] Enemigo activo en posición: {X:1164,7994 Y:1164,7994}
[EnemyManager] Enemigos activos: 1
[EnemyRenderer] Dibujando enemigo en posición: {X:1164,9661 Y:1164,9661}
[EnemyRenderer] Enemigos activos para dibujar: 1
[Camera] Posición: {X:821,99976 Y:901,99976}, Zoom: 1
[EnemyManager] Enemigo activo en posición: {X:1164,9661 Y:1164,9661}
[EnemyManager] Enemigos activos: 1
[EnemyRenderer] Dibujando enemigo en posición: {X:1165,1327 Y:1165,1327}
[EnemyRenderer] Enemigos activos para dibujar: 1
[Camera] Posición: {X:821,99976 Y:901,99976}, Zoom: 1
[EnemyManager] Enemigo activo en posición: {X:1165,1327 Y:1165,1327}
[EnemyManager] Enemigos activos: 1
[EnemyRenderer] Dibujando enemigo en posición: {X:1165,2993 Y:1165,2993}
[EnemyRenderer] Enemigos activos para dibujar: 1
[Camera] Posición: {X:821,99976 Y:901,99976}, Zoom: 1
[EnemyManager] Enemigo activo en posición: {X:1165,2993 Y:1165,2993}
[EnemyManager] Enemigos activos: 1
[EnemyRenderer] Dibujando enemigo en posición: {X:1165,466 Y:1165,466}
[EnemyRenderer] Enemigos activos para dibujar: 1
[Camera] Posición: {X:821,99976 Y:901,99976}, Zoom: 1
[EnemyManager] Enemigo activo en posición: {X:1165,466 Y:1165,466}
[EnemyManager] Enemigos activos: 1
[EnemyRenderer] Dibujando enemigo en posición: {X:1165,6326 Y:1165,6326}
[EnemyRenderer] Enemigos activos para dibujar: 1
[Camera] Posición: {X:821,99976 Y:901,99976}, Zoom: 1
[EnemyManager] Enemigo activo en posición: {X:1165,6326 Y:1165,6326}
[EnemyManager] Enemigos activos: 1
[EnemyRenderer] Dibujando enemigo en posición: {X:1165,7992 Y:1165,7992}
[EnemyRenderer] Enemigos activos para dibujar: 1
[Camera] Posición: {X:821,99976 Y:901,99976}, Zoom: 1
[EnemyManager] Enemigo activo en posición: {X:1165,7992 Y:1165,7992}
[EnemyManager] Enemigos activos: 1
[EnemyRenderer] Dibujando enemigo en posición: {X:1165,9658 Y:1165,9658}
[EnemyRenderer] Enemigos activos para dibujar: 1
[Camera] Posición: {X:821,99976 Y:901,99976}, Zoom: 1
[EnemyManager] Enemigo activo en posición: {X:1165,9658 Y:1165,9658}
[EnemyManager] Enemigos activos: 1
[EnemyRenderer] Dibujando enemigo en posición: {X:1166,1324 Y:1166,1324}
[EnemyRenderer] Enemigos activos para dibujar: 1
[Camera] Posición: {X:821,99976 Y:901,99976}, Zoom: 1
[EnemyManager] Enemigo activo en posición: {X:1166,1324 Y:1166,1324}
[EnemyManager] Enemigos activos: 1
[EnemyRenderer] Dibujando enemigo en posición: {X:1166,2991 Y:1166,2991}
[EnemyRenderer] Enemigos activos para dibujar: 1
[Camera] Posición: {X:821,99976 Y:901,99976}, Zoom: 1
[EnemyManager] Enemigo activo en posición: {X:1166,2991 Y:1166,2991}
[EnemyManager] Enemigos activos: 1
[EnemyRenderer] Dibujando enemigo en posición: {X:1166,4657 Y:1166,4657}
[EnemyRenderer] Enemigos activos para dibujar: 1
[Camera] Posición: {X:821,99976 Y:901,99976}, Zoom: 1
[EnemyManager] Enemigo activo en posición: {X:1166,4657 Y:1166,4657}
[EnemyManager] Enemigos activos: 1
[EnemyRenderer] Dibujando enemigo en posición: {X:1166,6323 Y:1166,6323}
[EnemyRenderer] Enemigos activos para dibujar: 1
[Camera] Posición: {X:821,99976 Y:901,99976}, Zoom: 1
[EnemyManager] Enemigo activo en posición: {X:1166,6323 Y:1166,6323}
[EnemyManager] Enemigos activos: 1
[EnemyRenderer] Dibujando enemigo en posición: {X:1166,799 Y:1166,799}
[EnemyRenderer] Enemigos activos para dibujar: 1
[Camera] Posición: {X:821,99976 Y:901,99976}, Zoom: 1
[EnemyManager] Enemigo activo en posición: {X:1166,799 Y:1166,799}
[EnemyManager] Enemigos activos: 1
[EnemyRenderer] Dibujando enemigo en posición: {X:1166,9656 Y:1166,9656}
[EnemyRenderer] Enemigos activos para dibujar: 1
[Camera] Posición: {X:821,99976 Y:901,99976}, Zoom: 1
[EnemyManager] Enemigo activo en posición: {X:1166,9656 Y:1166,9656}
[EnemyManager] Enemigos activos: 1
[EnemyRenderer] Dibujando enemigo en posición: {X:1167,1322 Y:1167,1322}
[EnemyRenderer] Enemigos activos para dibujar: 1
[Camera] Posición: {X:821,99976 Y:901,99976}, Zoom: 1
[EnemyManager] Enemigo activo en posición: {X:1167,1322 Y:1167,1322}
[EnemyManager] Enemigos activos: 1
[EnemyRenderer] Dibujando enemigo en posición: {X:1167,2988 Y:1167,2988}
[EnemyRenderer] Enemigos activos para dibujar: 1
[Camera] Posición: {X:821,99976 Y:901,99976}, Zoom: 1
[EnemyManager] Enemigo activo en posición: {X:1167,2988 Y:1167,2988}
[EnemyManager] Enemigos activos: 1
[EnemyRenderer] Dibujando enemigo en posición: {X:1167,4655 Y:1167,4655}
[EnemyRenderer] Enemigos activos para dibujar: 1
[Camera] Posición: {X:821,99976 Y:901,99976}, Zoom: 1
[EnemyManager] Enemigo activo en posición: {X:1167,4655 Y:1167,4655}
[EnemyManager] Enemigos activos: 1
[EnemyRenderer] Dibujando enemigo en posición: {X:1167,6321 Y:1167,6321}
[EnemyRenderer] Enemigos activos para dibujar: 1
[Camera] Posición: {X:821,99976 Y:901,99976}, Zoom: 1
[EnemyManager] Enemigo activo en posición: {X:1167,6321 Y:1167,6321}
[EnemyManager] Enemigos activos: 1
[EnemyRenderer] Dibujando enemigo en posición: {X:1167,7987 Y:1167,7987}
[EnemyRenderer] Enemigos activos para dibujar: 1
[Camera] Posición: {X:821,99976 Y:901,99976}, Zoom: 1
[EnemyManager] Enemigo activo en posición: {X:1167,7987 Y:1167,7987}
[EnemyManager] Enemigos activos: 1
[EnemyRenderer] Dibujando enemigo en posición: {X:1167,9653 Y:1167,9653}
[EnemyRenderer] Enemigos activos para dibujar: 1
[Camera] Posición: {X:821,99976 Y:901,99976}, Zoom: 1
[EnemyManager] Enemigo activo en posición: {X:1167,9653 Y:1167,9653}
[EnemyManager] Enemigos activos: 1
[EnemyRenderer] Dibujando enemigo en posición: {X:1168,132 Y:1168,132}
[EnemyRenderer] Enemigos activos para dibujar: 1
[Camera] Posición: {X:821,99976 Y:901,99976}, Zoom: 1
[EnemyManager] Enemigo activo en posición: {X:1168,132 Y:1168,132}
[EnemyManager] Enemigos activos: 1
[EnemyRenderer] Dibujando enemigo en posición: {X:1168,2986 Y:1168,2986}
[EnemyRenderer] Enemigos activos para dibujar: 1
[Camera] Posición: {X:821,99976 Y:901,99976}, Zoom: 1
[EnemyManager] Enemigo activo en posición: {X:1168,2986 Y:1168,2986}
[EnemyManager] Enemigos activos: 1
[EnemyRenderer] Dibujando enemigo en posición: {X:1168,4652 Y:1168,4652}
[EnemyRenderer] Enemigos activos para dibujar: 1
[Camera] Posición: {X:821,99976 Y:901,99976}, Zoom: 1
[EnemyManager] Enemigo activo en posición: {X:1168,4652 Y:1168,4652}
[EnemyManager] Enemigos activos: 1
[EnemyRenderer] Dibujando enemigo en posición: {X:1168,6318 Y:1168,6318}
[EnemyRenderer] Enemigos activos para dibujar: 1
[Camera] Posición: {X:821,99976 Y:901,99976}, Zoom: 1
[EnemyManager] Enemigo activo en posición: {X:1168,6318 Y:1168,6318}
[EnemyManager] Enemigos activos: 1
[EnemyRenderer] Dibujando enemigo en posición: {X:1168,7985 Y:1168,7985}
[EnemyRenderer] Enemigos activos para dibujar: 1
[Camera] Posición: {X:821,99976 Y:901,99976}, Zoom: 1
[EnemyManager] Enemigo activo en posición: {X:1168,7985 Y:1168,7985}
[EnemyManager] Enemigos activos: 1
[EnemyRenderer] Dibujando enemigo en posición: {X:1168,9651 Y:1168,9651}
[EnemyRenderer] Enemigos activos para dibujar: 1
[Camera] Posición: {X:821,99976 Y:901,99976}, Zoom: 1
[EnemyManager] Enemigo activo en posición: {X:1168,9651 Y:1168,9651}
[EnemyManager] Enemigos activos: 1
[EnemyRenderer] Dibujando enemigo en posición: {X:1169,1317 Y:1169,1317}
[EnemyRenderer] Enemigos activos para dibujar: 1
[Camera] Posición: {X:821,99976 Y:901,99976}, Zoom: 1
[EnemyManager] Enemigo activo en posición: {X:1169,1317 Y:1169,1317}
[EnemyManager] Enemigos activos: 1
[EnemyRenderer] Dibujando enemigo en posición: {X:1169,2983 Y:1169,2983}
[EnemyRenderer] Enemigos activos para dibujar: 1
[Camera] Posición: {X:821,99976 Y:901,99976}, Zoom: 1
[EnemyManager] Enemigo activo en posición: {X:1169,2983 Y:1169,2983}
[EnemyManager] Enemigos activos: 1
[EnemyRenderer] Dibujando enemigo en posición: {X:1169,465 Y:1169,465}
[EnemyRenderer] Enemigos activos para dibujar: 1
[Camera] Posición: {X:821,99976 Y:901,99976}, Zoom: 1
[EnemyManager] Enemigo activo en posición: {X:1169,465 Y:1169,465}
[EnemyManager] Enemigos activos: 1
[EnemyRenderer] Dibujando enemigo en posición: {X:1169,6316 Y:1169,6316}
[EnemyRenderer] Enemigos activos para dibujar: 1
[Camera] Posición: {X:821,99976 Y:901,99976}, Zoom: 1
[EnemyManager] Enemigo activo en posición: {X:1169,6316 Y:1169,6316}
[EnemyManager] Enemigos activos: 1
[EnemyRenderer] Dibujando enemigo en posición: {X:1169,7982 Y:1169,7982}
[EnemyRenderer] Enemigos activos para dibujar: 1
[Camera] Posición: {X:821,99976 Y:901,99976}, Zoom: 1
[EnemyManager] Enemigo activo en posición: {X:1169,7982 Y:1169,7982}
[EnemyManager] Enemigos activos: 1
[EnemyRenderer] Dibujando enemigo en posición: {X:1169,9648 Y:1169,9648}
[EnemyRenderer] Enemigos activos para dibujar: 1
[Camera] Posición: {X:821,99976 Y:901,99976}, Zoom: 1
[EnemyManager] Enemigo activo en posición: {X:1169,9648 Y:1169,9648}
[EnemyManager] Enemigos activos: 1
[EnemyRenderer] Dibujando enemigo en posición: {X:1170,1315 Y:1170,1315}
[EnemyRenderer] Enemigos activos para dibujar: 1
[Camera] Posición: {X:821,99976 Y:901,99976}, Zoom: 1
[EnemyManager] Enemigo activo en posición: {X:1170,1315 Y:1170,1315}
[EnemyManager] Enemigos activos: 1
[EnemyRenderer] Dibujando enemigo en posición: {X:1170,2981 Y:1170,2981}
[EnemyRenderer] Enemigos activos para dibujar: 1
[Camera] Posición: {X:821,99976 Y:901,99976}, Zoom: 1
[EnemyManager] Enemigo activo en posición: {X:1170,2981 Y:1170,2981}
[EnemyManager] Enemigos activos: 1
[EnemyRenderer] Dibujando enemigo en posición: {X:1170,4647 Y:1170,4647}
[EnemyRenderer] Enemigos activos para dibujar: 1
[Camera] Posición: {X:821,99976 Y:901,99976}, Zoom: 1
[EnemyManager] Enemigo activo en posición: {X:1170,4647 Y:1170,4647}
[EnemyManager] Enemigos activos: 1
[EnemyRenderer] Dibujando enemigo en posición: {X:1170,6313 Y:1170,6313}
[EnemyRenderer] Enemigos activos para dibujar: 1
[Camera] Posición: {X:821,99976 Y:901,99976}, Zoom: 1
[EnemyManager] Enemigo activo en posición: {X:1170,6313 Y:1170,6313}
[EnemyManager] Enemigos activos: 1
[EnemyRenderer] Dibujando enemigo en posición: {X:1170,798 Y:1170,798}
[EnemyRenderer] Enemigos activos para dibujar: 1
[Camera] Posición: {X:821,99976 Y:901,99976}, Zoom: 1
[EnemyManager] Enemigo activo en posición: {X:1170,798 Y:1170,798}
[EnemyManager] Enemigos activos: 1
[EnemyRenderer] Dibujando enemigo en posición: {X:1170,9646 Y:1170,9646}
[EnemyRenderer] Enemigos activos para dibujar: 1
[Camera] Posición: {X:821,99976 Y:901,99976}, Zoom: 1
[EnemyManager] Enemigo activo en posición: {X:1170,9646 Y:1170,9646}
[EnemyManager] Enemigos activos: 1
[EnemyRenderer] Dibujando enemigo en posición: {X:1171,1312 Y:1171,1312}
[EnemyRenderer] Enemigos activos para dibujar: 1
[Camera] Posición: {X:821,99976 Y:901,99976}, Zoom: 1
[EnemyManager] Enemigo activo en posición: {X:1171,1312 Y:1171,1312}
[EnemyManager] Enemigos activos: 1
[EnemyRenderer] Dibujando enemigo en posición: {X:1171,2979 Y:1171,2979}
[EnemyRenderer] Enemigos activos para dibujar: 1
[Camera] Posición: {X:821,99976 Y:901,99976}, Zoom: 1
[EnemyManager] Enemigo activo en posición: {X:1171,2979 Y:1171,2979}
[EnemyManager] Enemigos activos: 1
[EnemyRenderer] Dibujando enemigo en posición: {X:1171,4645 Y:1171,4645}
[EnemyRenderer] Enemigos activos para dibujar: 1
[Camera] Posición: {X:821,99976 Y:901,99976}, Zoom: 1
[EnemyManager] Enemigo activo en posición: {X:1171,4645 Y:1171,4645}
[EnemyManager] Enemigos activos: 1
[EnemyRenderer] Dibujando enemigo en posición: {X:1171,6311 Y:1171,6311}
[EnemyRenderer] Enemigos activos para dibujar: 1
[Camera] Posición: {X:821,99976 Y:901,99976}, Zoom: 1
[EnemyManager] Enemigo activo en posición: {X:1171,6311 Y:1171,6311}
[EnemyManager] Enemigos activos: 1
[EnemyRenderer] Dibujando enemigo en posición: {X:1171,7977 Y:1171,7977}
[EnemyRenderer] Enemigos activos para dibujar: 1
[Camera] Posición: {X:821,99976 Y:901,99976}, Zoom: 1
[EnemyManager] Enemigo activo en posición: {X:1171,7977 Y:1171,7977}
[EnemyManager] Enemigos activos: 1
[EnemyRenderer] Dibujando enemigo en posición: {X:1171,9644 Y:1171,9644}
[EnemyRenderer] Enemigos activos para dibujar: 1
[Camera] Posición: {X:821,99976 Y:901,99976}, Zoom: 1
[EnemyManager] Enemigo activo en posición: {X:1171,9644 Y:1171,9644}
[EnemyManager] Enemigos activos: 1
[EnemyRenderer] Dibujando enemigo en posición: {X:1172,131 Y:1172,131}
[EnemyRenderer] Enemigos activos para dibujar: 1
[Camera] Posición: {X:821,99976 Y:901,99976}, Zoom: 1
[EnemyManager] Enemigo activo en posición: {X:1172,131 Y:1172,131}
[EnemyManager] Enemigos activos: 1
[EnemyRenderer] Dibujando enemigo en posición: {X:1172,2976 Y:1172,2976}
[EnemyRenderer] Enemigos activos para dibujar: 1
[Camera] Posición: {X:821,99976 Y:901,99976}, Zoom: 1
[EnemyManager] Enemigo activo en posición: {X:1172,2976 Y:1172,2976}
[EnemyManager] Enemigos activos: 1
[EnemyRenderer] Dibujando enemigo en posición: {X:1172,4642 Y:1172,4642}
[EnemyRenderer] Enemigos activos para dibujar: 1
[Camera] Posición: {X:821,99976 Y:901,99976}, Zoom: 1
[EnemyManager] Enemigo activo en posición: {X:1172,4642 Y:1172,4642}
[EnemyManager] Enemigos activos: 1
[EnemyRenderer] Dibujando enemigo en posición: {X:1172,6309 Y:1172,6309}
[EnemyRenderer] Enemigos activos para dibujar: 1
[Camera] Posición: {X:821,99976 Y:901,99976}, Zoom: 1
[EnemyManager] Enemigo activo en posición: {X:1172,6309 Y:1172,6309}
[EnemyManager] Enemigos activos: 1
[EnemyRenderer] Dibujando enemigo en posición: {X:1172,7975 Y:1172,7975}
[EnemyRenderer] Enemigos activos para dibujar: 1
[Camera] Posición: {X:821,99976 Y:901,99976}, Zoom: 1
[EnemyManager] Enemigo activo en posición: {X:1172,7975 Y:1172,7975}
[EnemyManager] Enemigos activos: 1
[EnemyRenderer] Dibujando enemigo en posición: {X:1172,9641 Y:1172,9641}
[EnemyRenderer] Enemigos activos para dibujar: 1
[Camera] Posición: {X:821,99976 Y:901,99976}, Zoom: 1
[EnemyManager] Enemigo activo en posición: {X:1172,9641 Y:1172,9641}
[EnemyManager] Enemigos activos: 1
[EnemyRenderer] Dibujando enemigo en posición: {X:1173,1307 Y:1173,1307}
[EnemyRenderer] Enemigos activos para dibujar: 1
[Camera] Posición: {X:821,99976 Y:901,99976}, Zoom: 1
[EnemyManager] Enemigo activo en posición: {X:1173,1307 Y:1173,1307}
[EnemyManager] Enemigos activos: 1
[EnemyRenderer] Dibujando enemigo en posición: {X:1173,2974 Y:1173,2974}
[EnemyRenderer] Enemigos activos para dibujar: 1
[Camera] Posición: {X:821,99976 Y:901,99976}, Zoom: 1
[EnemyManager] Enemigo activo en posición: {X:1173,2974 Y:1173,2974}
[EnemyManager] Enemigos activos: 1
[EnemyRenderer] Dibujando enemigo en posición: {X:1173,464 Y:1173,464}
[EnemyRenderer] Enemigos activos para dibujar: 1
[Camera] Posición: {X:821,99976 Y:901,99976}, Zoom: 1
[EnemyManager] Enemigo activo en posición: {X:1173,464 Y:1173,464}
[EnemyManager] Enemigos activos: 1
[EnemyRenderer] Dibujando enemigo en posición: {X:1173,6306 Y:1173,6306}
[EnemyRenderer] Enemigos activos para dibujar: 1
[Camera] Posición: {X:821,99976 Y:901,99976}, Zoom: 1
[EnemyManager] Enemigo activo en posición: {X:1173,6306 Y:1173,6306}
[EnemyManager] Enemigos activos: 1
[EnemyRenderer] Dibujando enemigo en posición: {X:1173,7972 Y:1173,7972}
[EnemyRenderer] Enemigos activos para dibujar: 1
[Camera] Posición: {X:821,99976 Y:901,99976}, Zoom: 1
[EnemyManager] Enemigo activo en posición: {X:1173,7972 Y:1173,7972}
[EnemyManager] Enemigos activos: 1
[EnemyRenderer] Dibujando enemigo en posición: {X:1173,9639 Y:1173,9639}
[EnemyRenderer] Enemigos activos para dibujar: 1
[Camera] Posición: {X:821,99976 Y:901,99976}, Zoom: 1
[EnemyManager] Enemigo activo en posición: {X:1173,9639 Y:1173,9639}
[EnemyManager] Enemigos activos: 1
[EnemyRenderer] Dibujando enemigo en posición: {X:1174,1305 Y:1174,1305}
[EnemyRenderer] Enemigos activos para dibujar: 1
[Camera] Posición: {X:821,99976 Y:901,99976}, Zoom: 1
[EnemyManager] Enemigo activo en posición: {X:1174,1305 Y:1174,1305}
[EnemyManager] Enemigos activos: 1
[EnemyRenderer] Dibujando enemigo en posición: {X:1174,2971 Y:1174,2971}
[EnemyRenderer] Enemigos activos para dibujar: 1
[Camera] Posición: {X:821,99976 Y:901,99976}, Zoom: 1
[EnemyManager] Enemigo activo en posición: {X:1174,2971 Y:1174,2971}
[EnemyManager] Enemigos activos: 1
[EnemyRenderer] Dibujando enemigo en posición: {X:1174,4637 Y:1174,4637}
[EnemyRenderer] Enemigos activos para dibujar: 1
[Camera] Posición: {X:821,99976 Y:901,99976}, Zoom: 1
[EnemyManager] Enemigo activo en posición: {X:1174,4637 Y:1174,4637}
[EnemyManager] Enemigos activos: 1
[EnemyRenderer] Dibujando enemigo en posición: {X:1174,6304 Y:1174,6304}
[EnemyRenderer] Enemigos activos para dibujar: 1
[Camera] Posición: {X:821,99976 Y:901,99976}, Zoom: 1
[EnemyManager] Enemigo activo en posición: {X:1174,6304 Y:1174,6304}
[EnemyManager] Enemigos activos: 1
[EnemyRenderer] Dibujando enemigo en posición: {X:1174,797 Y:1174,797}
[EnemyRenderer] Enemigos activos para dibujar: 1
[Camera] Posición: {X:821,99976 Y:901,99976}, Zoom: 1
[EnemyManager] Enemigo activo en posición: {X:1174,797 Y:1174,797}
[EnemyManager] Enemigos activos: 1
[EnemyRenderer] Dibujando enemigo en posición: {X:1174,9636 Y:1174,9636}
[EnemyRenderer] Enemigos activos para dibujar: 1
[Camera] Posición: {X:821,99976 Y:901,99976}, Zoom: 1
[EnemyManager] Enemigo activo en posición: {X:1174,9636 Y:1174,9636}
[EnemyManager] Enemigos activos: 1
[EnemyRenderer] Dibujando enemigo en posición: {X:1175,1302 Y:1175,1302}
[EnemyRenderer] Enemigos activos para dibujar: 1
[Camera] Posición: {X:821,99976 Y:901,99976}, Zoom: 1
[EnemyManager] Enemigo activo en posición: {X:1175,1302 Y:1175,1302}
[EnemyManager] Enemigos activos: 1
[EnemyRenderer] Dibujando enemigo en posición: {X:1175,2969 Y:1175,2969}
[EnemyRenderer] Enemigos activos para dibujar: 1
[Camera] Posición: {X:821,99976 Y:901,99976}, Zoom: 1
[EnemyManager] Enemigo activo en posición: {X:1175,2969 Y:1175,2969}
[EnemyManager] Enemigos activos: 1
[EnemyRenderer] Dibujando enemigo en posición: {X:1175,4635 Y:1175,4635}
[EnemyRenderer] Enemigos activos para dibujar: 1
[Camera] Posición: {X:821,99976 Y:901,99976}, Zoom: 1
[EnemyManager] Enemigo activo en posición: {X:1175,4635 Y:1175,4635}
[EnemyManager] Enemigos activos: 1
[EnemyRenderer] Dibujando enemigo en posición: {X:1175,6301 Y:1175,6301}
[EnemyRenderer] Enemigos activos para dibujar: 1
[Camera] Posición: {X:821,99976 Y:901,99976}, Zoom: 1
[EnemyManager] Enemigo activo en posición: {X:1175,6301 Y:1175,6301}
[EnemyManager] Enemigos activos: 1
[EnemyRenderer] Dibujando enemigo en posición: {X:1175,7968 Y:1175,7968}
[EnemyRenderer] Enemigos activos para dibujar: 1
[Camera] Posición: {X:821,99976 Y:901,99976}, Zoom: 1
[EnemyManager] Enemigo activo en posición: {X:1175,7968 Y:1175,7968}
[EnemyManager] Enemigos activos: 1
[EnemyRenderer] Dibujando enemigo en posición: {X:1175,9634 Y:1175,9634}
[EnemyRenderer] Enemigos activos para dibujar: 1
[Camera] Posición: {X:821,99976 Y:901,99976}, Zoom: 1
[EnemyManager] Enemigo activo en posición: {X:1175,9634 Y:1175,9634}
[EnemyManager] Enemigos activos: 1
[EnemyRenderer] Dibujando enemigo en posición: {X:1176,13 Y:1176,13}
[EnemyRenderer] Enemigos activos para dibujar: 1
[Camera] Posición: {X:821,99976 Y:901,99976}, Zoom: 1
[EnemyManager] Enemigo activo en posición: {X:1176,13 Y:1176,13}
[EnemyManager] Enemigos activos: 1
[EnemyRenderer] Dibujando enemigo en posición: {X:1176,2966 Y:1176,2966}
[EnemyRenderer] Enemigos activos para dibujar: 1
[Camera] Posición: {X:821,99976 Y:901,99976}, Zoom: 1
[EnemyManager] Enemigo activo en posición: {X:1176,2966 Y:1176,2966}
[EnemyManager] Enemigos activos: 1
[EnemyRenderer] Dibujando enemigo en posición: {X:1176,4633 Y:1176,4633}
[EnemyRenderer] Enemigos activos para dibujar: 1
[Camera] Posición: {X:821,99976 Y:901,99976}, Zoom: 1
[EnemyManager] Enemigo activo en posición: {X:1176,4633 Y:1176,4633}
[EnemyManager] Enemigos activos: 1
[EnemyRenderer] Dibujando enemigo en posición: {X:1176,6299 Y:1176,6299}
[EnemyRenderer] Enemigos activos para dibujar: 1
[Camera] Posición: {X:821,99976 Y:901,99976}, Zoom: 1
[EnemyManager] Enemigo activo en posición: {X:1176,6299 Y:1176,6299}
[EnemyManager] Enemigos activos: 1
[EnemyRenderer] Dibujando enemigo en posición: {X:1176,7965 Y:1176,7965}
[EnemyRenderer] Enemigos activos para dibujar: 1
[Camera] Posición: {X:821,99976 Y:901,99976}, Zoom: 1
[EnemyManager] Enemigo activo en posición: {X:1176,7965 Y:1176,7965}
[EnemyManager] Enemigos activos: 1
[EnemyRenderer] Dibujando enemigo en posición: {X:1176,9631 Y:1176,9631}
[EnemyRenderer] Enemigos activos para dibujar: 1
[Camera] Posición: {X:821,99976 Y:901,99976}, Zoom: 1
[EnemyManager] Enemigo activo en posición: {X:1176,9631 Y:1176,9631}
[EnemyManager] Enemigos activos: 1
[EnemyRenderer] Dibujando enemigo en posición: {X:1177,1298 Y:1177,1298}
[EnemyRenderer] Enemigos activos para dibujar: 1
[Camera] Posición: {X:821,99976 Y:901,99976}, Zoom: 1
[EnemyManager] Enemigo activo en posición: {X:1177,1298 Y:1177,1298}
[EnemyManager] Enemigos activos: 1
[EnemyRenderer] Dibujando enemigo en posición: {X:1177,2964 Y:1177,2964}
[EnemyRenderer] Enemigos activos para dibujar: 1
[Camera] Posición: {X:821,99976 Y:901,99976}, Zoom: 1
[EnemyManager] Enemigo activo en posición: {X:1177,2964 Y:1177,2964}
[EnemyManager] Enemigos activos: 1
[EnemyRenderer] Dibujando enemigo en posición: {X:1177,463 Y:1177,463}
[EnemyRenderer] Enemigos activos para dibujar: 1
[Camera] Posición: {X:821,99976 Y:901,99976}, Zoom: 1
[EnemyManager] Enemigo activo en posición: {X:1177,463 Y:1177,463}
[EnemyManager] Enemigos activos: 1
[EnemyRenderer] Dibujando enemigo en posición: {X:1177,6296 Y:1177,6296}
[EnemyRenderer] Enemigos activos para dibujar: 1
[Camera] Posición: {X:821,99976 Y:901,99976}, Zoom: 1
[EnemyManager] Enemigo activo en posición: {X:1177,6296 Y:1177,6296}
[EnemyManager] Enemigos activos: 1
[EnemyRenderer] Dibujando enemigo en posición: {X:1177,7963 Y:1177,7963}
[EnemyRenderer] Enemigos activos para dibujar: 1
[Camera] Posición: {X:821,99976 Y:901,99976}, Zoom: 1
[EnemyManager] Enemigo activo en posición: {X:1177,7963 Y:1177,7963}
[EnemyManager] Enemigos activos: 1
[EnemyRenderer] Dibujando enemigo en posición: {X:1177,9629 Y:1177,9629}
[EnemyRenderer] Enemigos activos para dibujar: 1
[Camera] Posición: {X:821,99976 Y:901,99976}, Zoom: 1
[EnemyManager] Enemigo activo en posición: {X:1177,9629 Y:1177,9629}
[EnemyManager] Enemigos activos: 1
[EnemyRenderer] Dibujando enemigo en posición: {X:1178,1295 Y:1178,1295}
[EnemyRenderer] Enemigos activos para dibujar: 1
[Camera] Posición: {X:821,99976 Y:901,99976}, Zoom: 1
[EnemyManager] Enemigo activo en posición: {X:1178,1295 Y:1178,1295}
[EnemyManager] Enemigos activos: 1
[EnemyRenderer] Dibujando enemigo en posición: {X:1178,2961 Y:1178,2961}
[EnemyRenderer] Enemigos activos para dibujar: 1
[Camera] Posición: {X:821,99976 Y:901,99976}, Zoom: 1
[EnemyManager] Enemigo activo en posición: {X:1178,2961 Y:1178,2961}
[EnemyManager] Enemigos activos: 1
[EnemyRenderer] Dibujando enemigo en posición: {X:1178,4628 Y:1178,4628}
[EnemyRenderer] Enemigos activos para dibujar: 1
[Camera] Posición: {X:821,99976 Y:901,99976}, Zoom: 1
[EnemyManager] Enemigo activo en posición: {X:1178,4628 Y:1178,4628}
[EnemyManager] Enemigos activos: 1
[EnemyRenderer] Dibujando enemigo en posición: {X:1178,6294 Y:1178,6294}
[EnemyRenderer] Enemigos activos para dibujar: 1
[Camera] Posición: {X:821,99976 Y:901,99976}, Zoom: 1
[EnemyManager] Enemigo activo en posición: {X:1178,6294 Y:1178,6294}
[EnemyManager] Enemigos activos: 1
[EnemyRenderer] Dibujando enemigo en posición: {X:1178,796 Y:1178,796}
[EnemyRenderer] Enemigos activos para dibujar: 1
[Camera] Posición: {X:821,99976 Y:901,99976}, Zoom: 1
[EnemyManager] Enemigo activo en posición: {X:1178,796 Y:1178,796}
[EnemyManager] Enemigos activos: 1
[EnemyRenderer] Dibujando enemigo en posición: {X:1178,9626 Y:1178,9626}
[EnemyRenderer] Enemigos activos para dibujar: 1
[Camera] Posición: {X:821,99976 Y:901,99976}, Zoom: 1
[EnemyManager] Enemigo activo en posición: {X:1178,9626 Y:1178,9626}
[EnemyManager] Enemigos activos: 1
[EnemyRenderer] Dibujando enemigo en posición: {X:1179,1293 Y:1179,1293}
[EnemyRenderer] Enemigos activos para dibujar: 1
[Camera] Posición: {X:821,99976 Y:901,99976}, Zoom: 1
[EnemyManager] Enemigo activo en posición: {X:1179,1293 Y:1179,1293}
[EnemyManager] Enemigos activos: 1
[EnemyRenderer] Dibujando enemigo en posición: {X:1179,2959 Y:1179,2959}
[EnemyRenderer] Enemigos activos para dibujar: 1
[Camera] Posición: {X:821,99976 Y:901,99976}, Zoom: 1
[EnemyManager] Enemigo activo en posición: {X:1179,2959 Y:1179,2959}
[EnemyManager] Enemigos activos: 1
[EnemyRenderer] Dibujando enemigo en posición: {X:1179,4625 Y:1179,4625}
[EnemyRenderer] Enemigos activos para dibujar: 1
[Camera] Posición: {X:821,99976 Y:901,99976}, Zoom: 1
[EnemyManager] Enemigo activo en posición: {X:1179,4625 Y:1179,4625}
[EnemyManager] Enemigos activos: 1
[EnemyRenderer] Dibujando enemigo en posición: {X:1179,6292 Y:1179,6292}
[EnemyRenderer] Enemigos activos para dibujar: 1
[Camera] Posición: {X:821,99976 Y:901,99976}, Zoom: 1
[EnemyManager] Enemigo activo en posición: {X:1179,6292 Y:1179,6292}
[EnemyManager] Enemigos activos: 1
[EnemyRenderer] Dibujando enemigo en posición: {X:1179,7958 Y:1179,7958}
[EnemyRenderer] Enemigos activos para dibujar: 1
[Camera] Posición: {X:821,99976 Y:901,99976}, Zoom: 1
[EnemyManager] Enemigo activo en posición: {X:1179,7958 Y:1179,7958}
[EnemyManager] Enemigos activos: 1
[EnemyRenderer] Dibujando enemigo en posición: {X:1179,9624 Y:1179,9624}
[EnemyRenderer] Enemigos activos para dibujar: 1
[Camera] Posición: {X:821,99976 Y:901,99976}, Zoom: 1
[EnemyManager] Enemigo activo en posición: {X:1179,9624 Y:1179,9624}
[EnemyManager] Enemigos activos: 1
[EnemyRenderer] Dibujando enemigo en posición: {X:1180,129 Y:1180,129}
[EnemyRenderer] Enemigos activos para dibujar: 1
[Camera] Posición: {X:821,99976 Y:901,99976}, Zoom: 1
[EnemyManager] Enemigo activo en posición: {X:1180,129 Y:1180,129}
[EnemyManager] Enemigos activos: 1
[EnemyRenderer] Dibujando enemigo en posición: {X:1180,2957 Y:1180,2957}
[EnemyRenderer] Enemigos activos para dibujar: 1
[Camera] Posición: {X:821,99976 Y:901,99976}, Zoom: 1
[EnemyManager] Enemigo activo en posición: {X:1180,2957 Y:1180,2957}
[EnemyManager] Enemigos activos: 1
[EnemyRenderer] Dibujando enemigo en posición: {X:1180,4623 Y:1180,4623}
[EnemyRenderer] Enemigos activos para dibujar: 1
[Camera] Posición: {X:821,99976 Y:901,99976}, Zoom: 1
[EnemyManager] Enemigo activo en posición: {X:1180,4623 Y:1180,4623}
[EnemyManager] Enemigos activos: 1
[EnemyRenderer] Dibujando enemigo en posición: {X:1180,6289 Y:1180,6289}
[EnemyRenderer] Enemigos activos para dibujar: 1
[Camera] Posición: {X:821,99976 Y:901,99976}, Zoom: 1
[EnemyManager] Enemigo activo en posición: {X:1180,6289 Y:1180,6289}
[EnemyManager] Enemigos activos: 1
[EnemyRenderer] Dibujando enemigo en posición: {X:1180,7955 Y:1180,7955}
[EnemyRenderer] Enemigos activos para dibujar: 1
[Camera] Posición: {X:821,99976 Y:901,99976}, Zoom: 1
[EnemyManager] Enemigo activo en posición: {X:1180,7955 Y:1180,7955}
[EnemyManager] Enemigos activos: 1
[EnemyRenderer] Dibujando enemigo en posición: {X:1180,9622 Y:1180,9622}
[EnemyRenderer] Enemigos activos para dibujar: 1
[Camera] Posición: {X:821,99976 Y:901,99976}, Zoom: 1
[EnemyManager] Enemigo activo en posición: {X:1180,9622 Y:1180,9622}
[EnemyManager] Enemigos activos: 1
[EnemyRenderer] Dibujando enemigo en posición: {X:1181,1288 Y:1181,1288}
[EnemyRenderer] Enemigos activos para dibujar: 1
[Camera] Posición: {X:821,99976 Y:901,99976}, Zoom: 1
[EnemyManager] Enemigo activo en posición: {X:1181,1288 Y:1181,1288}
[EnemyManager] Enemigos activos: 1
[EnemyRenderer] Dibujando enemigo en posición: {X:1181,2954 Y:1181,2954}
[EnemyRenderer] Enemigos activos para dibujar: 1
[Camera] Posición: {X:821,99976 Y:901,99976}, Zoom: 1
[EnemyManager] Enemigo activo en posición: {X:1181,2954 Y:1181,2954}
[EnemyManager] Enemigos activos: 1
[EnemyRenderer] Dibujando enemigo en posición: {X:1181,462 Y:1181,462}
[EnemyRenderer] Enemigos activos para dibujar: 1
[Camera] Posición: {X:821,99976 Y:901,99976}, Zoom: 1
[EnemyManager] Enemigo activo en posición: {X:1181,462 Y:1181,462}
[EnemyManager] Enemigos activos: 1
[EnemyRenderer] Dibujando enemigo en posición: {X:1181,6287 Y:1181,6287}
[EnemyRenderer] Enemigos activos para dibujar: 1
[Camera] Posición: {X:821,99976 Y:901,99976}, Zoom: 1
[EnemyManager] Enemigo activo en posición: {X:1181,6287 Y:1181,6287}
[EnemyManager] Enemigos activos: 1
[EnemyRenderer] Dibujando enemigo en posición: {X:1181,7953 Y:1181,7953}
[EnemyRenderer] Enemigos activos para dibujar: 1
[Camera] Posición: {X:821,99976 Y:901,99976}, Zoom: 1
[EnemyManager] Enemigo activo en posición: {X:1181,7953 Y:1181,7953}
[EnemyManager] Enemigos activos: 1
[EnemyRenderer] Dibujando enemigo en posición: {X:1181,9619 Y:1181,9619}
[EnemyRenderer] Enemigos activos para dibujar: 1
[Camera] Posición: {X:821,99976 Y:901,99976}, Zoom: 1
[EnemyManager] Enemigo activo en posición: {X:1181,9619 Y:1181,9619}
[EnemyManager] Enemigos activos: 1
[EnemyRenderer] Dibujando enemigo en posición: {X:1182,1285 Y:1182,1285}
[EnemyRenderer] Enemigos activos para dibujar: 1
[Camera] Posición: {X:821,99976 Y:901,99976}, Zoom: 1
[EnemyManager] Enemigo activo en posición: {X:1182,1285 Y:1182,1285}
[EnemyManager] Enemigos activos: 1
[EnemyRenderer] Dibujando enemigo en posición: {X:1182,2952 Y:1182,2952}
[EnemyRenderer] Enemigos activos para dibujar: 1
[Camera] Posición: {X:821,99976 Y:901,99976}, Zoom: 1
[EnemyManager] Enemigo activo en posición: {X:1182,2952 Y:1182,2952}
[EnemyManager] Enemigos activos: 1
[EnemyRenderer] Dibujando enemigo en posición: {X:1182,4618 Y:1182,4618}
[EnemyRenderer] Enemigos activos para dibujar: 1
[Camera] Posición: {X:821,99976 Y:901,99976}, Zoom: 1
[EnemyManager] Enemigo activo en posición: {X:1182,4618 Y:1182,4618}
[EnemyManager] Enemigos activos: 1
[EnemyRenderer] Dibujando enemigo en posición: {X:1182,6284 Y:1182,6284}
[EnemyRenderer] Enemigos activos para dibujar: 1
[Camera] Posición: {X:821,99976 Y:901,99976}, Zoom: 1
[EnemyManager] Enemigo activo en posición: {X:1182,6284 Y:1182,6284}
[EnemyManager] Enemigos activos: 1
[EnemyRenderer] Dibujando enemigo en posición: {X:1182,795 Y:1182,795}
[EnemyRenderer] Enemigos activos para dibujar: 1
[Camera] Posición: {X:821,99976 Y:901,99976}, Zoom: 1
[EnemyManager] Enemigo activo en posición: {X:1182,795 Y:1182,795}
[EnemyManager] Enemigos activos: 1
[EnemyRenderer] Dibujando enemigo en posición: {X:1182,9617 Y:1182,9617}
[EnemyRenderer] Enemigos activos para dibujar: 1
[Camera] Posición: {X:821,99976 Y:901,99976}, Zoom: 1
[EnemyManager] Enemigo activo en posición: {X:1182,9617 Y:1182,9617}
[EnemyManager] Enemigos activos: 1
[EnemyRenderer] Dibujando enemigo en posición: {X:1183,1283 Y:1183,1283}
[EnemyRenderer] Enemigos activos para dibujar: 1
[Camera] Posición: {X:821,99976 Y:901,99976}, Zoom: 1
[EnemyManager] Enemigo activo en posición: {X:1183,1283 Y:1183,1283}
[EnemyManager] Enemigos activos: 1
[EnemyRenderer] Dibujando enemigo en posición: {X:1183,2949 Y:1183,2949}
[EnemyRenderer] Enemigos activos para dibujar: 1
[Camera] Posición: {X:821,99976 Y:901,99976}, Zoom: 1
[EnemyManager] Enemigo activo en posición: {X:1183,2949 Y:1183,2949}
[EnemyManager] Enemigos activos: 1
[EnemyRenderer] Dibujando enemigo en posición: {X:1183,4615 Y:1183,4615}
[EnemyRenderer] Enemigos activos para dibujar: 1
[Camera] Posición: {X:821,99976 Y:901,99976}, Zoom: 1
[EnemyManager] Enemigo activo en posición: {X:1183,4615 Y:1183,4615}
[EnemyManager] Enemigos activos: 1
[EnemyRenderer] Dibujando enemigo en posición: {X:1183,6282 Y:1183,6282}
[EnemyRenderer] Enemigos activos para dibujar: 1
[Camera] Posición: {X:821,99976 Y:901,99976}, Zoom: 1
[EnemyManager] Enemigo activo en posición: {X:1183,6282 Y:1183,6282}
[EnemyManager] Enemigos activos: 1
[EnemyRenderer] Dibujando enemigo en posición: {X:1183,7948 Y:1183,7948}
[EnemyRenderer] Enemigos activos para dibujar: 1
[Camera] Posición: {X:821,99976 Y:901,99976}, Zoom: 1
[EnemyManager] Enemigo activo en posición: {X:1183,7948 Y:1183,7948}
[EnemyManager] Enemigos activos: 1
[EnemyRenderer] Dibujando enemigo en posición: {X:1183,9614 Y:1183,9614}
[EnemyRenderer] Enemigos activos para dibujar: 1
[Camera] Posición: {X:821,99976 Y:901,99976}, Zoom: 1
[EnemyManager] Enemigo activo en posición: {X:1183,9614 Y:1183,9614}
[EnemyManager] Enemigos activos: 1
[EnemyRenderer] Dibujando enemigo en posición: {X:1184,128 Y:1184,128}
[EnemyRenderer] Enemigos activos para dibujar: 1
[Camera] Posición: {X:821,99976 Y:901,99976}, Zoom: 1
[EnemyManager] Enemigo activo en posición: {X:1184,128 Y:1184,128}
[EnemyManager] Enemigos activos: 1
[EnemyRenderer] Dibujando enemigo en posición: {X:1184,2947 Y:1184,2947}
[EnemyRenderer] Enemigos activos para dibujar: 1
[Camera] Posición: {X:821,99976 Y:901,99976}, Zoom: 1
[EnemyManager] Enemigo activo en posición: {X:1184,2947 Y:1184,2947}
[EnemyManager] Enemigos activos: 1
[EnemyRenderer] Dibujando enemigo en posición: {X:1184,4613 Y:1184,4613}
[EnemyRenderer] Enemigos activos para dibujar: 1
[Camera] Posición: {X:821,99976 Y:901,99976}, Zoom: 1
[EnemyManager] Enemigo activo en posición: {X:1184,4613 Y:1184,4613}
[EnemyManager] Enemigos activos: 1
[EnemyRenderer] Dibujando enemigo en posición: {X:1184,6279 Y:1184,6279}
[EnemyRenderer] Enemigos activos para dibujar: 1
[Camera] Posición: {X:821,99976 Y:901,99976}, Zoom: 1
[EnemyManager] Enemigo activo en posición: {X:1184,6279 Y:1184,6279}
[EnemyManager] Enemigos activos: 1
[EnemyRenderer] Dibujando enemigo en posición: {X:1184,7946 Y:1184,7946}
[EnemyRenderer] Enemigos activos para dibujar: 1
[Camera] Posición: {X:821,99976 Y:901,99976}, Zoom: 1
[EnemyManager] Enemigo activo en posición: {X:1184,7946 Y:1184,7946}
[EnemyManager] Enemigos activos: 1
[EnemyRenderer] Dibujando enemigo en posición: {X:1184,9612 Y:1184,9612}
[EnemyRenderer] Enemigos activos para dibujar: 1
[Camera] Posición: {X:821,99976 Y:901,99976}, Zoom: 1
[EnemyManager] Enemigo activo en posición: {X:1184,9612 Y:1184,9612}
[EnemyManager] Enemigos activos: 1
[EnemyRenderer] Dibujando enemigo en posición: {X:1185,1278 Y:1185,1278}
[EnemyRenderer] Enemigos activos para dibujar: 1
[Camera] Posición: {X:821,99976 Y:901,99976}, Zoom: 1
[EnemyManager] Enemigo activo en posición: {X:1185,1278 Y:1185,1278}
[EnemyManager] Enemigos activos: 1
[EnemyRenderer] Dibujando enemigo en posición: {X:1185,2944 Y:1185,2944}
[EnemyRenderer] Enemigos activos para dibujar: 1
[Camera] Posición: {X:821,99976 Y:901,99976}, Zoom: 1
[EnemyManager] Enemigo activo en posición: {X:1185,2944 Y:1185,2944}
[EnemyManager] Enemigos activos: 1
[EnemyRenderer] Dibujando enemigo en posición: {X:1185,461 Y:1185,461}
[EnemyRenderer] Enemigos activos para dibujar: 1
[Camera] Posición: {X:821,99976 Y:901,99976}, Zoom: 1
[EnemyManager] Enemigo activo en posición: {X:1185,461 Y:1185,461}
[EnemyManager] Enemigos activos: 1
[EnemyRenderer] Dibujando enemigo en posición: {X:1185,6277 Y:1185,6277}
[EnemyRenderer] Enemigos activos para dibujar: 1
[Camera] Posición: {X:821,99976 Y:901,99976}, Zoom: 1
[EnemyManager] Enemigo activo en posición: {X:1185,6277 Y:1185,6277}
[EnemyManager] Enemigos activos: 1
[EnemyRenderer] Dibujando enemigo en posición: {X:1185,7943 Y:1185,7943}
[EnemyRenderer] Enemigos activos para dibujar: 1
[Camera] Posición: {X:821,99976 Y:901,99976}, Zoom: 1
[EnemyManager] Enemigo activo en posición: {X:1185,7943 Y:1185,7943}
[EnemyManager] Enemigos activos: 1
[EnemyRenderer] Dibujando enemigo en posición: {X:1185,9609 Y:1185,9609}
[EnemyRenderer] Enemigos activos para dibujar: 1
[Camera] Posición: {X:821,99976 Y:901,99976}, Zoom: 1
[EnemyManager] Enemigo activo en posición: {X:1185,9609 Y:1185,9609}
[EnemyManager] Enemigos activos: 1
[EnemyRenderer] Dibujando enemigo en posición: {X:1186,1276 Y:1186,1276}
[EnemyRenderer] Enemigos activos para dibujar: 1
[Camera] Posición: {X:821,99976 Y:901,99976}, Zoom: 1
[EnemyManager] Enemigo activo en posición: {X:1186,1276 Y:1186,1276}
[EnemyManager] Enemigos activos: 1
[EnemyRenderer] Dibujando enemigo en posición: {X:1186,2942 Y:1186,2942}
[EnemyRenderer] Enemigos activos para dibujar: 1
[Camera] Posición: {X:821,99976 Y:901,99976}, Zoom: 1
[EnemyManager] Enemigo activo en posición: {X:1186,2942 Y:1186,2942}
[EnemyManager] Enemigos activos: 1
[EnemyRenderer] Dibujando enemigo en posición: {X:1186,4608 Y:1186,4608}
[EnemyRenderer] Enemigos activos para dibujar: 1
[Camera] Posición: {X:821,99976 Y:901,99976}, Zoom: 1
[EnemyManager] Enemigo activo en posición: {X:1186,4608 Y:1186,4608}
[EnemyManager] Enemigos activos: 1
[EnemyRenderer] Dibujando enemigo en posición: {X:1186,6274 Y:1186,6274}
[EnemyRenderer] Enemigos activos para dibujar: 1
[Camera] Posición: {X:821,99976 Y:901,99976}, Zoom: 1
[EnemyManager] Enemigo activo en posición: {X:1186,6274 Y:1186,6274}
[EnemyManager] Enemigos activos: 1
[EnemyRenderer] Dibujando enemigo en posición: {X:1186,7941 Y:1186,7941}
[EnemyRenderer] Enemigos activos para dibujar: 1
[Camera] Posición: {X:821,99976 Y:901,99976}, Zoom: 1
[EnemyManager] Enemigo activo en posición: {X:1186,7941 Y:1186,7941}
[EnemyManager] Enemigos activos: 1
[EnemyRenderer] Dibujando enemigo en posición: {X:1186,9607 Y:1186,9607}
[EnemyRenderer] Enemigos activos para dibujar: 1
[Camera] Posición: {X:821,99976 Y:901,99976}, Zoom: 1
[EnemyManager] Enemigo activo en posición: {X:1186,9607 Y:1186,9607}
[EnemyManager] Enemigos activos: 1
[EnemyRenderer] Dibujando enemigo en posición: {X:1187,1273 Y:1187,1273}
[EnemyRenderer] Enemigos activos para dibujar: 1
[Camera] Posición: {X:821,99976 Y:901,99976}, Zoom: 1
[EnemyManager] Enemigo activo en posición: {X:1187,1273 Y:1187,1273}
[EnemyManager] Enemigos activos: 1
[EnemyRenderer] Dibujando enemigo en posición: {X:1187,294 Y:1187,294}
[EnemyRenderer] Enemigos activos para dibujar: 1
[Camera] Posición: {X:821,99976 Y:901,99976}, Zoom: 1
[EnemyManager] Enemigo activo en posición: {X:1187,294 Y:1187,294}
[EnemyManager] Enemigos activos: 1
[EnemyRenderer] Dibujando enemigo en posición: {X:1187,4606 Y:1187,4606}
[EnemyRenderer] Enemigos activos para dibujar: 1
[Camera] Posición: {X:821,99976 Y:901,99976}, Zoom: 1
[EnemyManager] Enemigo activo en posición: {X:1187,4606 Y:1187,4606}
[EnemyManager] Enemigos activos: 1
[EnemyRenderer] Dibujando enemigo en posición: {X:1187,6272 Y:1187,6272}
[EnemyRenderer] Enemigos activos para dibujar: 1
[Camera] Posición: {X:821,99976 Y:901,99976}, Zoom: 1
[EnemyManager] Enemigo activo en posición: {X:1187,6272 Y:1187,6272}
[EnemyManager] Enemigos activos: 1
[EnemyRenderer] Dibujando enemigo en posición: {X:1187,7938 Y:1187,7938}
[EnemyRenderer] Enemigos activos para dibujar: 1
[Camera] Posición: {X:821,99976 Y:901,99976}, Zoom: 1
[EnemyManager] Enemigo activo en posición: {X:1187,7938 Y:1187,7938}
[EnemyManager] Enemigos activos: 1
[EnemyRenderer] Dibujando enemigo en posición: {X:1187,9604 Y:1187,9604}
[EnemyRenderer] Enemigos activos para dibujar: 1
[Camera] Posición: {X:821,99976 Y:901,99976}, Zoom: 1
[EnemyManager] Enemigo activo en posición: {X:1187,9604 Y:1187,9604}
[EnemyManager] Enemigos activos: 1
[EnemyRenderer] Dibujando enemigo en posición: {X:1188,1271 Y:1188,1271}
[EnemyRenderer] Enemigos activos para dibujar: 1
[Camera] Posición: {X:821,99976 Y:901,99976}, Zoom: 1
[EnemyManager] Enemigo activo en posición: {X:1188,1271 Y:1188,1271}
[EnemyManager] Enemigos activos: 1
[EnemyRenderer] Dibujando enemigo en posición: {X:1188,2937 Y:1188,2937}
[EnemyRenderer] Enemigos activos para dibujar: 1
[Camera] Posición: {X:821,99976 Y:901,99976}, Zoom: 1
[EnemyManager] Enemigo activo en posición: {X:1188,2937 Y:1188,2937}
[EnemyManager] Enemigos activos: 1
[EnemyRenderer] Dibujando enemigo en posición: {X:1188,4603 Y:1188,4603}
[EnemyRenderer] Enemigos activos para dibujar: 1
[Camera] Posición: {X:821,99976 Y:901,99976}, Zoom: 1
[EnemyManager] Enemigo activo en posición: {X:1188,4603 Y:1188,4603}
[EnemyManager] Enemigos activos: 1
[EnemyRenderer] Dibujando enemigo en posición: {X:1188,627 Y:1188,627}
[EnemyRenderer] Enemigos activos para dibujar: 1
[Camera] Posición: {X:821,99976 Y:901,99976}, Zoom: 1
[EnemyManager] Enemigo activo en posición: {X:1188,627 Y:1188,627}
[EnemyManager] Enemigos activos: 1
[EnemyRenderer] Dibujando enemigo en posición: {X:1188,7936 Y:1188,7936}
[EnemyRenderer] Enemigos activos para dibujar: 1
[Camera] Posición: {X:821,99976 Y:901,99976}, Zoom: 1
[EnemyManager] Enemigo activo en posición: {X:1188,7936 Y:1188,7936}
[EnemyManager] Enemigos activos: 1
[EnemyRenderer] Dibujando enemigo en posición: {X:1188,9602 Y:1188,9602}
[EnemyRenderer] Enemigos activos para dibujar: 1
[Camera] Posición: {X:821,99976 Y:901,99976}, Zoom: 1
[EnemyManager] Enemigo activo en posición: {X:1188,9602 Y:1188,9602}
[EnemyManager] Enemigos activos: 1
[EnemyRenderer] Dibujando enemigo en posición: {X:1189,1268 Y:1189,1268}
[EnemyRenderer] Enemigos activos para dibujar: 1
[Camera] Posición: {X:821,99976 Y:901,99976}, Zoom: 1
[EnemyManager] Enemigo activo en posición: {X:1189,1268 Y:1189,1268}
[EnemyManager] Enemigos activos: 1
[EnemyRenderer] Dibujando enemigo en posición: {X:1189,2935 Y:1189,2935}
[EnemyRenderer] Enemigos activos para dibujar: 1
[Camera] Posición: {X:821,99976 Y:901,99976}, Zoom: 1
[EnemyManager] Enemigo activo en posición: {X:1189,2935 Y:1189,2935}
[EnemyManager] Enemigos activos: 1
[EnemyRenderer] Dibujando enemigo en posición: {X:1189,4601 Y:1189,4601}
[EnemyRenderer] Enemigos activos para dibujar: 1
[Camera] Posición: {X:821,99976 Y:901,99976}, Zoom: 1
[EnemyManager] Enemigo activo en posición: {X:1189,4601 Y:1189,4601}
[EnemyManager] Enemigos activos: 1
[EnemyRenderer] Dibujando enemigo en posición: {X:1189,6267 Y:1189,6267}
[EnemyRenderer] Enemigos activos para dibujar: 1
[Camera] Posición: {X:821,99976 Y:901,99976}, Zoom: 1
[EnemyManager] Enemigo activo en posición: {X:1189,6267 Y:1189,6267}
[EnemyManager] Enemigos activos: 1
[EnemyRenderer] Dibujando enemigo en posición: {X:1189,7933 Y:1189,7933}
[EnemyRenderer] Enemigos activos para dibujar: 1
[Camera] Posición: {X:821,99976 Y:901,99976}, Zoom: 1
[EnemyManager] Enemigo activo en posición: {X:1189,7933 Y:1189,7933}
[EnemyManager] Enemigos activos: 1
[EnemyRenderer] Dibujando enemigo en posición: {X:1189,96 Y:1189,96}
[EnemyRenderer] Enemigos activos para dibujar: 1
[Camera] Posición: {X:821,99976 Y:901,99976}, Zoom: 1
[EnemyManager] Enemigo activo en posición: {X:1189,96 Y:1189,96}
[EnemyManager] Enemigos activos: 1
[EnemyRenderer] Dibujando enemigo en posición: {X:1190,1266 Y:1190,1266}
[EnemyRenderer] Enemigos activos para dibujar: 1
[Camera] Posición: {X:821,99976 Y:901,99976}, Zoom: 1
[EnemyManager] Enemigo activo en posición: {X:1190,1266 Y:1190,1266}
[EnemyManager] Enemigos activos: 1
[EnemyRenderer] Dibujando enemigo en posición: {X:1190,2932 Y:1190,2932}
[EnemyRenderer] Enemigos activos para dibujar: 1
[Camera] Posición: {X:821,99976 Y:901,99976}, Zoom: 1
[EnemyManager] Enemigo activo en posición: {X:1190,2932 Y:1190,2932}
[EnemyManager] Enemigos activos: 1
[EnemyRenderer] Dibujando enemigo en posición: {X:1190,4598 Y:1190,4598}
[EnemyRenderer] Enemigos activos para dibujar: 1
[Camera] Posición: {X:821,99976 Y:901,99976}, Zoom: 1
[EnemyManager] Enemigo activo en posición: {X:1190,4598 Y:1190,4598}
[EnemyManager] Enemigos activos: 1
[EnemyRenderer] Dibujando enemigo en posición: {X:1190,6265 Y:1190,6265}
[EnemyRenderer] Enemigos activos para dibujar: 1
[Camera] Posición: {X:821,99976 Y:901,99976}, Zoom: 1
[EnemyManager] Enemigo activo en posición: {X:1190,6265 Y:1190,6265}
[EnemyManager] Enemigos activos: 1
[EnemyRenderer] Dibujando enemigo en posición: {X:1190,7931 Y:1190,7931}
[EnemyRenderer] Enemigos activos para dibujar: 1
[Camera] Posición: {X:821,99976 Y:901,99976}, Zoom: 1
[EnemyManager] Enemigo activo en posición: {X:1190,7931 Y:1190,7931}
[EnemyManager] Enemigos activos: 1
[EnemyRenderer] Dibujando enemigo en posición: {X:1190,9597 Y:1190,9597}
[EnemyRenderer] Enemigos activos para dibujar: 1
[Camera] Posición: {X:821,99976 Y:901,99976}, Zoom: 1
[EnemyManager] Enemigo activo en posición: {X:1190,9597 Y:1190,9597}
[EnemyManager] Enemigos activos: 1
[EnemyRenderer] Dibujando enemigo en posición: {X:1191,1263 Y:1191,1263}
[EnemyRenderer] Enemigos activos para dibujar: 1
[Camera] Posición: {X:821,99976 Y:901,99976}, Zoom: 1
[EnemyManager] Enemigo activo en posición: {X:1191,1263 Y:1191,1263}
[EnemyManager] Enemigos activos: 1
[EnemyRenderer] Dibujando enemigo en posición: {X:1191,293 Y:1191,293}
[EnemyRenderer] Enemigos activos para dibujar: 1
[Camera] Posición: {X:821,99976 Y:901,99976}, Zoom: 1
[EnemyManager] Enemigo activo en posición: {X:1191,293 Y:1191,293}
[EnemyManager] Enemigos activos: 1
[EnemyRenderer] Dibujando enemigo en posición: {X:1191,4596 Y:1191,4596}
[EnemyRenderer] Enemigos activos para dibujar: 1
[Camera] Posición: {X:821,99976 Y:901,99976}, Zoom: 1
[EnemyManager] Enemigo activo en posición: {X:1191,4596 Y:1191,4596}
[EnemyManager] Enemigos activos: 1
[EnemyRenderer] Dibujando enemigo en posición: {X:1191,6262 Y:1191,6262}
[EnemyRenderer] Enemigos activos para dibujar: 1
[Camera] Posición: {X:821,99976 Y:901,99976}, Zoom: 1
[EnemyManager] Enemigo activo en posición: {X:1191,6262 Y:1191,6262}
[EnemyManager] Enemigos activos: 1
[EnemyRenderer] Dibujando enemigo en posición: {X:1191,7928 Y:1191,7928}
[EnemyRenderer] Enemigos activos para dibujar: 1
[Camera] Posición: {X:821,99976 Y:901,99976}, Zoom: 1
[EnemyManager] Enemigo activo en posición: {X:1191,7928 Y:1191,7928}
[EnemyManager] Enemigos activos: 1
[EnemyRenderer] Dibujando enemigo en posición: {X:1191,9595 Y:1191,9595}
[EnemyRenderer] Enemigos activos para dibujar: 1
[Camera] Posición: {X:821,99976 Y:901,99976}, Zoom: 1
[EnemyManager] Enemigo activo en posición: {X:1191,9595 Y:1191,9595}
[EnemyManager] Enemigos activos: 1
[EnemyRenderer] Dibujando enemigo en posición: {X:1192,1261 Y:1192,1261}
[EnemyRenderer] Enemigos activos para dibujar: 1
[Camera] Posición: {X:821,99976 Y:901,99976}, Zoom: 1
[EnemyManager] Enemigo activo en posición: {X:1192,1261 Y:1192,1261}
[EnemyManager] Enemigos activos: 1
[EnemyRenderer] Dibujando enemigo en posición: {X:1192,2927 Y:1192,2927}
[EnemyRenderer] Enemigos activos para dibujar: 1
[Camera] Posición: {X:821,99976 Y:901,99976}, Zoom: 1
[EnemyManager] Enemigo activo en posición: {X:1192,2927 Y:1192,2927}
[EnemyManager] Enemigos activos: 1
[EnemyRenderer] Dibujando enemigo en posición: {X:1192,4594 Y:1192,4594}
[EnemyRenderer] Enemigos activos para dibujar: 1
[Camera] Posición: {X:821,99976 Y:901,99976}, Zoom: 1
[EnemyManager] Enemigo activo en posición: {X:1192,4594 Y:1192,4594}
[EnemyManager] Enemigos activos: 1
[EnemyRenderer] Dibujando enemigo en posición: {X:1192,626 Y:1192,626}
[EnemyRenderer] Enemigos activos para dibujar: 1
[Camera] Posición: {X:821,99976 Y:901,99976}, Zoom: 1
[EnemyManager] Enemigo activo en posición: {X:1192,626 Y:1192,626}
[EnemyManager] Enemigos activos: 1
[EnemyRenderer] Dibujando enemigo en posición: {X:1192,7926 Y:1192,7926}
[EnemyRenderer] Enemigos activos para dibujar: 1
[Camera] Posición: {X:821,99976 Y:901,99976}, Zoom: 1
[EnemyManager] Enemigo activo en posición: {X:1192,7926 Y:1192,7926}
[EnemyManager] Enemigos activos: 1
[EnemyRenderer] Dibujando enemigo en posición: {X:1192,9592 Y:1192,9592}
[EnemyRenderer] Enemigos activos para dibujar: 1
[Camera] Posición: {X:821,99976 Y:901,99976}, Zoom: 1
[EnemyManager] Enemigo activo en posición: {X:1192,9592 Y:1192,9592}
[EnemyManager] Enemigos activos: 1
[EnemyRenderer] Dibujando enemigo en posición: {X:1193,1259 Y:1193,1259}
[EnemyRenderer] Enemigos activos para dibujar: 1
[Camera] Posición: {X:821,99976 Y:901,99976}, Zoom: 1
[EnemyManager] Enemigo activo en posición: {X:1193,1259 Y:1193,1259}
[EnemyManager] Enemigos activos: 1
[EnemyRenderer] Dibujando enemigo en posición: {X:1193,2925 Y:1193,2925}
[EnemyRenderer] Enemigos activos para dibujar: 1
[Camera] Posición: {X:821,99976 Y:901,99976}, Zoom: 1
[EnemyManager] Enemigo activo en posición: {X:1193,2925 Y:1193,2925}
[EnemyManager] Enemigos activos: 1
[EnemyRenderer] Dibujando enemigo en posición: {X:1193,4591 Y:1193,4591}
[EnemyRenderer] Enemigos activos para dibujar: 1
[Camera] Posición: {X:821,99976 Y:901,99976}, Zoom: 1
[EnemyManager] Enemigo activo en posición: {X:1193,4591 Y:1193,4591}
[EnemyManager] Enemigos activos: 1
[EnemyRenderer] Dibujando enemigo en posición: {X:1193,6257 Y:1193,6257}
[EnemyRenderer] Enemigos activos para dibujar: 1
[Camera] Posición: {X:821,99976 Y:901,99976}, Zoom: 1
[EnemyManager] Enemigo activo en posición: {X:1193,6257 Y:1193,6257}
[EnemyManager] Enemigos activos: 1
[EnemyRenderer] Dibujando enemigo en posición: {X:1193,7924 Y:1193,7924}
[EnemyRenderer] Enemigos activos para dibujar: 1
[Camera] Posición: {X:821,99976 Y:901,99976}, Zoom: 1
[EnemyManager] Enemigo activo en posición: {X:1193,7924 Y:1193,7924}
[EnemyManager] Enemigos activos: 1
[EnemyRenderer] Dibujando enemigo en posición: {X:1193,959 Y:1193,959}
[EnemyRenderer] Enemigos activos para dibujar: 1
[Camera] Posición: {X:821,99976 Y:901,99976}, Zoom: 1
[EnemyManager] Enemigo activo en posición: {X:1193,959 Y:1193,959}
[EnemyManager] Enemigos activos: 1
[EnemyRenderer] Dibujando enemigo en posición: {X:1194,1256 Y:1194,1256}
[EnemyRenderer] Enemigos activos para dibujar: 1
[Camera] Posición: {X:821,99976 Y:901,99976}, Zoom: 1
[EnemyManager] Enemigo activo en posición: {X:1194,1256 Y:1194,1256}
[EnemyManager] Enemigos activos: 1
[EnemyRenderer] Dibujando enemigo en posición: {X:1194,2922 Y:1194,2922}
[EnemyRenderer] Enemigos activos para dibujar: 1
[Camera] Posición: {X:821,99976 Y:901,99976}, Zoom: 1
[EnemyManager] Enemigo activo en posición: {X:1194,2922 Y:1194,2922}
[EnemyManager] Enemigos activos: 1
[EnemyRenderer] Dibujando enemigo en posición: {X:1194,4589 Y:1194,4589}
[EnemyRenderer] Enemigos activos para dibujar: 1
[Camera] Posición: {X:821,99976 Y:901,99976}, Zoom: 1
[EnemyManager] Enemigo activo en posición: {X:1194,4589 Y:1194,4589}
[EnemyManager] Enemigos activos: 1
[EnemyRenderer] Dibujando enemigo en posición: {X:1194,6255 Y:1194,6255}
[EnemyRenderer] Enemigos activos para dibujar: 1
[Camera] Posición: {X:821,99976 Y:901,99976}, Zoom: 1
[EnemyManager] Enemigo activo en posición: {X:1194,6255 Y:1194,6255}
[EnemyManager] Enemigos activos: 1
[EnemyRenderer] Dibujando enemigo en posición: {X:1194,7921 Y:1194,7921}
[EnemyRenderer] Enemigos activos para dibujar: 1
[Camera] Posición: {X:821,99976 Y:901,99976}, Zoom: 1
[EnemyManager] Enemigo activo en posición: {X:1194,7921 Y:1194,7921}
[EnemyManager] Enemigos activos: 1
[EnemyRenderer] Dibujando enemigo en posición: {X:1194,9587 Y:1194,9587}
[EnemyRenderer] Enemigos activos para dibujar: 1
[Camera] Posición: {X:821,99976 Y:901,99976}, Zoom: 1
[EnemyManager] Enemigo activo en posición: {X:1194,9587 Y:1194,9587}
[EnemyManager] Enemigos activos: 1
[EnemyRenderer] Dibujando enemigo en posición: {X:1195,1254 Y:1195,1254}
[EnemyRenderer] Enemigos activos para dibujar: 1
[Camera] Posición: {X:821,99976 Y:901,99976}, Zoom: 1
[EnemyManager] Enemigo activo en posición: {X:1195,1254 Y:1195,1254}
[EnemyManager] Enemigos activos: 1
[EnemyRenderer] Dibujando enemigo en posición: {X:1195,292 Y:1195,292}
[EnemyRenderer] Enemigos activos para dibujar: 1
[Camera] Posición: {X:821,99976 Y:901,99976}, Zoom: 1
[EnemyManager] Enemigo activo en posición: {X:1195,292 Y:1195,292}
[EnemyManager] Enemigos activos: 1
[EnemyRenderer] Dibujando enemigo en posición: {X:1195,4586 Y:1195,4586}
[EnemyRenderer] Enemigos activos para dibujar: 1
[Camera] Posición: {X:821,99976 Y:901,99976}, Zoom: 1
[EnemyManager] Enemigo activo en posición: {X:1195,4586 Y:1195,4586}
[EnemyManager] Enemigos activos: 1
[EnemyRenderer] Dibujando enemigo en posición: {X:1195,6252 Y:1195,6252}
[EnemyRenderer] Enemigos activos para dibujar: 1
[Camera] Posición: {X:821,99976 Y:901,99976}, Zoom: 1
[EnemyManager] Enemigo activo en posición: {X:1195,6252 Y:1195,6252}
[EnemyManager] Enemigos activos: 1
[EnemyRenderer] Dibujando enemigo en posición: {X:1195,7919 Y:1195,7919}
[EnemyRenderer] Enemigos activos para dibujar: 1
[Camera] Posición: {X:821,99976 Y:901,99976}, Zoom: 1
[EnemyManager] Enemigo activo en posición: {X:1195,7919 Y:1195,7919}
[EnemyManager] Enemigos activos: 1
[EnemyRenderer] Dibujando enemigo en posición: {X:1195,9585 Y:1195,9585}
[EnemyRenderer] Enemigos activos para dibujar: 1
[Camera] Posición: {X:821,99976 Y:901,99976}, Zoom: 1
[EnemyManager] Enemigo activo en posición: {X:1195,9585 Y:1195,9585}
[EnemyManager] Enemigos activos: 1
[EnemyRenderer] Dibujando enemigo en posición: {X:1196,1251 Y:1196,1251}
[EnemyRenderer] Enemigos activos para dibujar: 1
[Camera] Posición: {X:821,99976 Y:901,99976}, Zoom: 1
[EnemyManager] Enemigo activo en posición: {X:1196,1251 Y:1196,1251}
[EnemyManager] Enemigos activos: 1
[EnemyRenderer] Dibujando enemigo en posición: {X:1196,2917 Y:1196,2917}
[EnemyRenderer] Enemigos activos para dibujar: 1
[Camera] Posición: {X:821,99976 Y:901,99976}, Zoom: 1
[EnemyManager] Enemigo activo en posición: {X:1196,2917 Y:1196,2917}
[EnemyManager] Enemigos activos: 1
[EnemyRenderer] Dibujando enemigo en posición: {X:1196,4584 Y:1196,4584}
[EnemyRenderer] Enemigos activos para dibujar: 1
[Camera] Posición: {X:821,99976 Y:901,99976}, Zoom: 1
[EnemyManager] Enemigo activo en posición: {X:1196,4584 Y:1196,4584}
[EnemyManager] Enemigos activos: 1
[EnemyRenderer] Dibujando enemigo en posición: {X:1196,625 Y:1196,625}
[EnemyRenderer] Enemigos activos para dibujar: 1
[Camera] Posición: {X:821,99976 Y:901,99976}, Zoom: 1
[EnemyManager] Enemigo activo en posición: {X:1196,625 Y:1196,625}
[EnemyManager] Enemigos activos: 1
[EnemyRenderer] Dibujando enemigo en posición: {X:1196,7916 Y:1196,7916}
[EnemyRenderer] Enemigos activos para dibujar: 1
[Camera] Posición: {X:821,99976 Y:901,99976}, Zoom: 1
[EnemyManager] Enemigo activo en posición: {X:1196,7916 Y:1196,7916}
[EnemyManager] Enemigos activos: 1
[EnemyRenderer] Dibujando enemigo en posición: {X:1196,9583 Y:1196,9583}
[EnemyRenderer] Enemigos activos para dibujar: 1
[Camera] Posición: {X:821,99976 Y:901,99976}, Zoom: 1
[EnemyManager] Enemigo activo en posición: {X:1196,9583 Y:1196,9583}
[EnemyManager] Enemigos activos: 1
[EnemyRenderer] Dibujando enemigo en posición: {X:1197,1249 Y:1197,1249}
[EnemyRenderer] Enemigos activos para dibujar: 1
[Camera] Posición: {X:821,99976 Y:901,99976}, Zoom: 1
[EnemyManager] Enemigo activo en posición: {X:1197,1249 Y:1197,1249}
[EnemyManager] Enemigos activos: 1
[EnemyRenderer] Dibujando enemigo en posición: {X:1197,2915 Y:1197,2915}
[EnemyRenderer] Enemigos activos para dibujar: 1
[Camera] Posición: {X:821,99976 Y:901,99976}, Zoom: 1
[EnemyManager] Enemigo activo en posición: {X:1197,2915 Y:1197,2915}
[EnemyManager] Enemigos activos: 1
[EnemyRenderer] Dibujando enemigo en posición: {X:1197,4581 Y:1197,4581}
[EnemyRenderer] Enemigos activos para dibujar: 1
[Camera] Posición: {X:821,99976 Y:901,99976}, Zoom: 1
[EnemyManager] Enemigo activo en posición: {X:1197,4581 Y:1197,4581}
[EnemyManager] Enemigos activos: 1
[EnemyRenderer] Dibujando enemigo en posición: {X:1197,6248 Y:1197,6248}
[EnemyRenderer] Enemigos activos para dibujar: 1
[Camera] Posición: {X:821,99976 Y:901,99976}, Zoom: 1
[EnemyManager] Enemigo activo en posición: {X:1197,6248 Y:1197,6248}
[EnemyManager] Enemigos activos: 1
[EnemyRenderer] Dibujando enemigo en posición: {X:1197,7914 Y:1197,7914}
[EnemyRenderer] Enemigos activos para dibujar: 1
[Camera] Posición: {X:821,99976 Y:901,99976}, Zoom: 1
[EnemyManager] Enemigo activo en posición: {X:1197,7914 Y:1197,7914}
[EnemyManager] Enemigos activos: 1
[EnemyRenderer] Dibujando enemigo en posición: {X:1197,958 Y:1197,958}
[EnemyRenderer] Enemigos activos para dibujar: 1
[Camera] Posición: {X:821,99976 Y:901,99976}, Zoom: 1
[EnemyManager] Enemigo activo en posición: {X:1197,958 Y:1197,958}
[EnemyManager] Enemigos activos: 1
[EnemyRenderer] Dibujando enemigo en posición: {X:1198,1246 Y:1198,1246}
[EnemyRenderer] Enemigos activos para dibujar: 1
[Camera] Posición: {X:821,99976 Y:901,99976}, Zoom: 1
[EnemyManager] Enemigo activo en posición: {X:1198,1246 Y:1198,1246}
[EnemyManager] Enemigos activos: 1
[EnemyRenderer] Dibujando enemigo en posición: {X:1198,2913 Y:1198,2913}
[EnemyRenderer] Enemigos activos para dibujar: 1
[Camera] Posición: {X:821,99976 Y:901,99976}, Zoom: 1
[EnemyManager] Enemigo activo en posición: {X:1198,2913 Y:1198,2913}
[EnemyManager] Enemigos activos: 1
[EnemyRenderer] Dibujando enemigo en posición: {X:1198,4579 Y:1198,4579}
[EnemyRenderer] Enemigos activos para dibujar: 1
[Camera] Posición: {X:821,99976 Y:901,99976}, Zoom: 1
[EnemyManager] Enemigo activo en posición: {X:1198,4579 Y:1198,4579}
[EnemyManager] Enemigos activos: 1
[EnemyRenderer] Dibujando enemigo en posición: {X:1198,6245 Y:1198,6245}
[EnemyRenderer] Enemigos activos para dibujar: 1
[Camera] Posición: {X:821,99976 Y:901,99976}, Zoom: 1
[EnemyManager] Enemigo activo en posición: {X:1198,6245 Y:1198,6245}
[EnemyManager] Enemigos activos: 1
[EnemyRenderer] Dibujando enemigo en posición: {X:1198,7911 Y:1198,7911}
[EnemyRenderer] Enemigos activos para dibujar: 1
[Camera] Posición: {X:821,99976 Y:901,99976}, Zoom: 1
[EnemyManager] Enemigo activo en posición: {X:1198,7911 Y:1198,7911}
[EnemyManager] Enemigos activos: 1
[EnemyRenderer] Dibujando enemigo en posición: {X:1198,9578 Y:1198,9578}
[EnemyRenderer] Enemigos activos para dibujar: 1
[Camera] Posición: {X:821,99976 Y:901,99976}, Zoom: 1
[EnemyManager] Enemigo activo en posición: {X:1198,9578 Y:1198,9578}
[EnemyManager] Enemigos activos: 1
[EnemyRenderer] Dibujando enemigo en posición: {X:1199,1244 Y:1199,1244}
[EnemyRenderer] Enemigos activos para dibujar: 1
[Camera] Posición: {X:821,99976 Y:901,99976}, Zoom: 1
[EnemyManager] Enemigo activo en posición: {X:1199,1244 Y:1199,1244}
[EnemyManager] Enemigos activos: 1
[EnemyRenderer] Dibujando enemigo en posición: {X:1199,291 Y:1199,291}
[EnemyRenderer] Enemigos activos para dibujar: 1
[Camera] Posición: {X:821,99976 Y:901,99976}, Zoom: 1
[EnemyManager] Enemigo activo en posición: {X:1199,291 Y:1199,291}
[EnemyManager] Enemigos activos: 1
[EnemyRenderer] Dibujando enemigo en posición: {X:1199,4576 Y:1199,4576}
[EnemyRenderer] Enemigos activos para dibujar: 1
[Camera] Posición: {X:821,99976 Y:901,99976}, Zoom: 1
[EnemyManager] Enemigo activo en posición: {X:1199,4576 Y:1199,4576}
[EnemyManager] Enemigos activos: 1
[EnemyRenderer] Dibujando enemigo en posición: {X:1199,6243 Y:1199,6243}
[EnemyRenderer] Enemigos activos para dibujar: 1
[Camera] Posición: {X:821,99976 Y:901,99976}, Zoom: 1
[EnemyManager] Enemigo activo en posición: {X:1199,6243 Y:1199,6243}
[EnemyManager] Enemigos activos: 1
[EnemyRenderer] Dibujando enemigo en posición: {X:1199,7909 Y:1199,7909}
[EnemyRenderer] Enemigos activos para dibujar: 1
[Camera] Posición: {X:821,99976 Y:901,99976}, Zoom: 1
[EnemyManager] Enemigo activo en posición: {X:1199,7909 Y:1199,7909}
[EnemyManager] Enemigos activos: 1
[EnemyRenderer] Dibujando enemigo en posición: {X:1199,9575 Y:1199,9575}
[EnemyRenderer] Enemigos activos para dibujar: 1
[Camera] Posición: {X:821,99976 Y:901,99976}, Zoom: 1
[EnemyManager] Enemigo activo en posición: {X:1199,9575 Y:1199,9575}
[EnemyManager] Enemigos activos: 1
[EnemyRenderer] Dibujando enemigo en posición: {X:1200,1241 Y:1200,1241}
[EnemyRenderer] Enemigos activos para dibujar: 1
[Camera] Posición: {X:821,99976 Y:901,99976}, Zoom: 1
[EnemyManager] Enemigo activo en posición: {X:1200,1241 Y:1200,1241}
[EnemyManager] Enemigos activos: 1
[EnemyRenderer] Dibujando enemigo en posición: {X:1200,2908 Y:1200,2908}
[EnemyRenderer] Enemigos activos para dibujar: 1
[Camera] Posición: {X:821,99976 Y:901,99976}, Zoom: 1
[EnemyManager] Enemigo activo en posición: {X:1200,2908 Y:1200,2908}
[EnemyManager] Enemigos activos: 1
[EnemyRenderer] Dibujando enemigo en posición: {X:1200,4574 Y:1200,4574}
[EnemyRenderer] Enemigos activos para dibujar: 1
[Camera] Posición: {X:821,99976 Y:901,99976}, Zoom: 1
[EnemyManager] Enemigo activo en posición: {X:1200,4574 Y:1200,4574}
[EnemyManager] Enemigos activos: 1
[EnemyRenderer] Dibujando enemigo en posición: {X:1200,624 Y:1200,624}
[EnemyRenderer] Enemigos activos para dibujar: 1
[Camera] Posición: {X:821,99976 Y:901,99976}, Zoom: 1
[EnemyManager] Enemigo activo en posición: {X:1200,624 Y:1200,624}
[EnemyManager] Enemigos activos: 1
[EnemyRenderer] Dibujando enemigo en posición: {X:1200,7906 Y:1200,7906}
[EnemyRenderer] Enemigos activos para dibujar: 1
[Camera] Posición: {X:821,99976 Y:901,99976}, Zoom: 1
[EnemyManager] Enemigo activo en posición: {X:1200,7906 Y:1200,7906}
[EnemyManager] Enemigos activos: 1
[EnemyRenderer] Dibujando enemigo en posición: {X:1200,9573 Y:1200,9573}
[EnemyRenderer] Enemigos activos para dibujar: 1
[Camera] Posición: {X:821,99976 Y:901,99976}, Zoom: 1
[EnemyManager] Enemigo activo en posición: {X:1200,9573 Y:1200,9573}
[EnemyManager] Enemigos activos: 1
[EnemyRenderer] Dibujando enemigo en posición: {X:1201,1239 Y:1201,1239}
[EnemyRenderer] Enemigos activos para dibujar: 1
[Camera] Posición: {X:821,99976 Y:901,99976}, Zoom: 1
[EnemyManager] Enemigo activo en posición: {X:1201,1239 Y:1201,1239}
[EnemyManager] Enemigos activos: 1
[EnemyRenderer] Dibujando enemigo en posición: {X:1201,2905 Y:1201,2905}
[EnemyRenderer] Enemigos activos para dibujar: 1
[Camera] Posición: {X:821,99976 Y:901,99976}, Zoom: 1
[EnemyManager] Enemigo activo en posición: {X:1201,2905 Y:1201,2905}
[EnemyManager] Enemigos activos: 1
[EnemyRenderer] Dibujando enemigo en posición: {X:1201,4572 Y:1201,4572}
[EnemyRenderer] Enemigos activos para dibujar: 1
[Camera] Posición: {X:821,99976 Y:901,99976}, Zoom: 1
[EnemyManager] Enemigo activo en posición: {X:1201,4572 Y:1201,4572}
[EnemyManager] Enemigos activos: 1
[EnemyRenderer] Dibujando enemigo en posición: {X:1201,6238 Y:1201,6238}
[EnemyRenderer] Enemigos activos para dibujar: 1
[Camera] Posición: {X:821,99976 Y:901,99976}, Zoom: 1
[EnemyManager] Enemigo activo en posición: {X:1201,6238 Y:1201,6238}
[EnemyManager] Enemigos activos: 1
[EnemyRenderer] Dibujando enemigo en posición: {X:1201,7904 Y:1201,7904}
[EnemyRenderer] Enemigos activos para dibujar: 1
[Camera] Posición: {X:821,99976 Y:901,99976}, Zoom: 1
[EnemyManager] Enemigo activo en posición: {X:1201,7904 Y:1201,7904}
[EnemyManager] Enemigos activos: 1
[EnemyRenderer] Dibujando enemigo en posición: {X:1201,957 Y:1201,957}
[EnemyRenderer] Enemigos activos para dibujar: 1
[Camera] Posición: {X:821,99976 Y:901,99976}, Zoom: 1
[EnemyManager] Enemigo activo en posición: {X:1201,957 Y:1201,957}
[EnemyManager] Enemigos activos: 1
[EnemyRenderer] Dibujando enemigo en posición: {X:1202,1237 Y:1202,1237}
[EnemyRenderer] Enemigos activos para dibujar: 1
[Camera] Posición: {X:821,99976 Y:901,99976}, Zoom: 1
[EnemyManager] Enemigo activo en posición: {X:1202,1237 Y:1202,1237}
[EnemyManager] Enemigos activos: 1
[EnemyRenderer] Dibujando enemigo en posición: {X:1202,2903 Y:1202,2903}
[EnemyRenderer] Enemigos activos para dibujar: 1
[Camera] Posición: {X:821,99976 Y:901,99976}, Zoom: 1
[EnemyManager] Enemigo activo en posición: {X:1202,2903 Y:1202,2903}
[EnemyManager] Enemigos activos: 1
[EnemyRenderer] Dibujando enemigo en posición: {X:1202,4569 Y:1202,4569}
[EnemyRenderer] Enemigos activos para dibujar: 1
[Camera] Posición: {X:821,99976 Y:901,99976}, Zoom: 1
[EnemyManager] Enemigo activo en posición: {X:1202,4569 Y:1202,4569}
[EnemyManager] Enemigos activos: 1
[EnemyRenderer] Dibujando enemigo en posición: {X:1202,6235 Y:1202,6235}
[EnemyRenderer] Enemigos activos para dibujar: 1
[Camera] Posición: {X:821,99976 Y:901,99976}, Zoom: 1
[EnemyManager] Enemigo activo en posición: {X:1202,6235 Y:1202,6235}
[EnemyManager] Enemigos activos: 1
[EnemyRenderer] Dibujando enemigo en posición: {X:1202,7902 Y:1202,7902}
[EnemyRenderer] Enemigos activos para dibujar: 1
[Camera] Posición: {X:821,99976 Y:901,99976}, Zoom: 1
[EnemyManager] Enemigo activo en posición: {X:1202,7902 Y:1202,7902}
[EnemyManager] Enemigos activos: 1
[EnemyRenderer] Dibujando enemigo en posición: {X:1202,9568 Y:1202,9568}
[EnemyRenderer] Enemigos activos para dibujar: 1
[Camera] Posición: {X:821,99976 Y:901,99976}, Zoom: 1
[EnemyManager] Enemigo activo en posición: {X:1202,9568 Y:1202,9568}
[EnemyManager] Enemigos activos: 1
[EnemyRenderer] Dibujando enemigo en posición: {X:1203,1234 Y:1203,1234}
[EnemyRenderer] Enemigos activos para dibujar: 1
[Camera] Posición: {X:821,99976 Y:901,99976}, Zoom: 1
[EnemyManager] Enemigo activo en posición: {X:1203,1234 Y:1203,1234}
[EnemyManager] Enemigos activos: 1
[EnemyRenderer] Dibujando enemigo en posición: {X:1203,29 Y:1203,29}
[EnemyRenderer] Enemigos activos para dibujar: 1
[Camera] Posición: {X:821,99976 Y:901,99976}, Zoom: 1
[EnemyManager] Enemigo activo en posición: {X:1203,29 Y:1203,29}
[EnemyManager] Enemigos activos: 1
[EnemyRenderer] Dibujando enemigo en posición: {X:1203,4567 Y:1203,4567}
[EnemyRenderer] Enemigos activos para dibujar: 1
[Camera] Posición: {X:821,99976 Y:901,99976}, Zoom: 1
[EnemyManager] Enemigo activo en posición: {X:1203,4567 Y:1203,4567}
[EnemyManager] Enemigos activos: 1
[EnemyRenderer] Dibujando enemigo en posición: {X:1203,6233 Y:1203,6233}
[EnemyRenderer] Enemigos activos para dibujar: 1
[Camera] Posición: {X:821,99976 Y:901,99976}, Zoom: 1
[EnemyManager] Enemigo activo en posición: {X:1203,6233 Y:1203,6233}
[EnemyManager] Enemigos activos: 1
[EnemyRenderer] Dibujando enemigo en posición: {X:1203,7899 Y:1203,7899}
[EnemyRenderer] Enemigos activos para dibujar: 1
[Camera] Posición: {X:821,99976 Y:901,99976}, Zoom: 1
[EnemyManager] Enemigo activo en posición: {X:1203,7899 Y:1203,7899}
[EnemyManager] Enemigos activos: 1
[EnemyRenderer] Dibujando enemigo en posición: {X:1203,9565 Y:1203,9565}
[EnemyRenderer] Enemigos activos para dibujar: 1
[Camera] Posición: {X:821,99976 Y:901,99976}, Zoom: 1
[EnemyManager] Enemigo activo en posición: {X:1203,9565 Y:1203,9565}
[EnemyManager] Enemigos activos: 1
[EnemyRenderer] Dibujando enemigo en posición: {X:1204,1232 Y:1204,1232}
[EnemyRenderer] Enemigos activos para dibujar: 1
[Camera] Posición: {X:821,99976 Y:901,99976}, Zoom: 1
[EnemyManager] Enemigo activo en posición: {X:1204,1232 Y:1204,1232}
[EnemyManager] Enemigos activos: 1
[EnemyRenderer] Dibujando enemigo en posición: {X:1204,2898 Y:1204,2898}
[EnemyRenderer] Enemigos activos para dibujar: 1
[Camera] Posición: {X:821,99976 Y:901,99976}, Zoom: 1
[EnemyManager] Enemigo activo en posición: {X:1204,2898 Y:1204,2898}
[EnemyManager] Enemigos activos: 1
[EnemyRenderer] Dibujando enemigo en posición: {X:1204,4564 Y:1204,4564}
[EnemyRenderer] Enemigos activos para dibujar: 1
[Camera] Posición: {X:821,99976 Y:901,99976}, Zoom: 1
[EnemyManager] Enemigo activo en posición: {X:1204,4564 Y:1204,4564}
[EnemyManager] Enemigos activos: 1
[EnemyRenderer] Dibujando enemigo en posición: {X:1204,623 Y:1204,623}
[EnemyRenderer] Enemigos activos para dibujar: 1
[Camera] Posición: {X:821,99976 Y:901,99976}, Zoom: 1
[EnemyManager] Enemigo activo en posición: {X:1204,623 Y:1204,623}
[EnemyManager] Enemigos activos: 1
[EnemyRenderer] Dibujando enemigo en posición: {X:1204,7897 Y:1204,7897}
[EnemyRenderer] Enemigos activos para dibujar: 1
[Camera] Posición: {X:821,99976 Y:901,99976}, Zoom: 1
[EnemyManager] Enemigo activo en posición: {X:1204,7897 Y:1204,7897}
[EnemyManager] Enemigos activos: 1
[EnemyRenderer] Dibujando enemigo en posición: {X:1204,9563 Y:1204,9563}
[EnemyRenderer] Enemigos activos para dibujar: 1
[Camera] Posición: {X:821,99976 Y:901,99976}, Zoom: 1
[EnemyManager] Enemigo activo en posición: {X:1204,9563 Y:1204,9563}
[EnemyManager] Enemigos activos: 1
[EnemyRenderer] Dibujando enemigo en posición: {X:1205,1229 Y:1205,1229}
[EnemyRenderer] Enemigos activos para dibujar: 1
[Camera] Posición: {X:821,99976 Y:901,99976}, Zoom: 1
[EnemyManager] Enemigo activo en posición: {X:1205,1229 Y:1205,1229}
[EnemyManager] Enemigos activos: 1
[EnemyRenderer] Dibujando enemigo en posición: {X:1205,2896 Y:1205,2896}
[EnemyRenderer] Enemigos activos para dibujar: 1
[Camera] Posición: {X:821,99976 Y:901,99976}, Zoom: 1
[EnemyManager] Enemigo activo en posición: {X:1205,2896 Y:1205,2896}
[EnemyManager] Enemigos activos: 1
[EnemyRenderer] Dibujando enemigo en posición: {X:1205,4562 Y:1205,4562}
[EnemyRenderer] Enemigos activos para dibujar: 1
[Camera] Posición: {X:821,99976 Y:901,99976}, Zoom: 1
[EnemyManager] Enemigo activo en posición: {X:1205,4562 Y:1205,4562}
[EnemyManager] Enemigos activos: 1
[EnemyRenderer] Dibujando enemigo en posición: {X:1205,6228 Y:1205,6228}
[EnemyRenderer] Enemigos activos para dibujar: 1
[Camera] Posición: {X:821,99976 Y:901,99976}, Zoom: 1
[EnemyManager] Enemigo activo en posición: {X:1205,6228 Y:1205,6228}
[EnemyManager] Enemigos activos: 1
[EnemyRenderer] Dibujando enemigo en posición: {X:1205,7894 Y:1205,7894}
[EnemyRenderer] Enemigos activos para dibujar: 1
[Camera] Posición: {X:821,99976 Y:901,99976}, Zoom: 1
[EnemyManager] Enemigo activo en posición: {X:1205,7894 Y:1205,7894}
[EnemyManager] Enemigos activos: 1
[EnemyRenderer] Dibujando enemigo en posición: {X:1205,956 Y:1205,956}
[EnemyRenderer] Enemigos activos para dibujar: 1
[Camera] Posición: {X:821,99976 Y:901,99976}, Zoom: 1
[EnemyManager] Enemigo activo en posición: {X:1205,956 Y:1205,956}
[EnemyManager] Enemigos activos: 1
[EnemyRenderer] Dibujando enemigo en posición: {X:1206,1227 Y:1206,1227}
[EnemyRenderer] Enemigos activos para dibujar: 1
[Camera] Posición: {X:821,99976 Y:901,99976}, Zoom: 1
[EnemyManager] Enemigo activo en posición: {X:1206,1227 Y:1206,1227}
[EnemyManager] Enemigos activos: 1
[EnemyRenderer] Dibujando enemigo en posición: {X:1206,2893 Y:1206,2893}
[EnemyRenderer] Enemigos activos para dibujar: 1
[Camera] Posición: {X:821,99976 Y:901,99976}, Zoom: 1
[EnemyManager] Enemigo activo en posición: {X:1206,2893 Y:1206,2893}
[EnemyManager] Enemigos activos: 1
[EnemyRenderer] Dibujando enemigo en posición: {X:1206,4559 Y:1206,4559}
[EnemyRenderer] Enemigos activos para dibujar: 1
[Camera] Posición: {X:821,99976 Y:901,99976}, Zoom: 1
[EnemyManager] Enemigo activo en posición: {X:1206,4559 Y:1206,4559}
[EnemyManager] Enemigos activos: 1
[EnemyRenderer] Dibujando enemigo en posición: {X:1206,6226 Y:1206,6226}
[EnemyRenderer] Enemigos activos para dibujar: 1
[Camera] Posición: {X:821,99976 Y:901,99976}, Zoom: 1
[EnemyManager] Enemigo activo en posición: {X:1206,6226 Y:1206,6226}
[EnemyManager] Enemigos activos: 1
[EnemyRenderer] Dibujando enemigo en posición: {X:1206,7892 Y:1206,7892}
[EnemyRenderer] Enemigos activos para dibujar: 1
[Camera] Posición: {X:821,99976 Y:901,99976}, Zoom: 1
[EnemyManager] Enemigo activo en posición: {X:1206,7892 Y:1206,7892}
[EnemyManager] Enemigos activos: 1
[EnemyRenderer] Dibujando enemigo en posición: {X:1206,9558 Y:1206,9558}
[EnemyRenderer] Enemigos activos para dibujar: 1
[Camera] Posición: {X:821,99976 Y:901,99976}, Zoom: 1
[EnemyManager] Enemigo activo en posición: {X:1206,9558 Y:1206,9558}
[EnemyManager] Enemigos activos: 1
[EnemyRenderer] Dibujando enemigo en posición: {X:1207,1224 Y:1207,1224}
[EnemyRenderer] Enemigos activos para dibujar: 1
[Camera] Posición: {X:821,99976 Y:901,99976}, Zoom: 1
[EnemyManager] Enemigo activo en posición: {X:1207,1224 Y:1207,1224}
[EnemyManager] Enemigos activos: 1
[EnemyRenderer] Dibujando enemigo en posición: {X:1207,2891 Y:1207,2891}
[EnemyRenderer] Enemigos activos para dibujar: 1
[Camera] Posición: {X:821,99976 Y:901,99976}, Zoom: 1
[EnemyManager] Enemigo activo en posición: {X:1207,2891 Y:1207,2891}
[EnemyManager] Enemigos activos: 1
[EnemyRenderer] Dibujando enemigo en posición: {X:1207,4557 Y:1207,4557}
[EnemyRenderer] Enemigos activos para dibujar: 1
[Camera] Posición: {X:821,99976 Y:901,99976}, Zoom: 1
[EnemyManager] Enemigo activo en posición: {X:1207,4557 Y:1207,4557}
[EnemyManager] Enemigos activos: 1
[EnemyRenderer] Dibujando enemigo en posición: {X:1207,6223 Y:1207,6223}
[EnemyRenderer] Enemigos activos para dibujar: 1
[Camera] Posición: {X:821,99976 Y:901,99976}, Zoom: 1
[EnemyManager] Enemigo activo en posición: {X:1207,6223 Y:1207,6223}
[EnemyManager] Enemigos activos: 1
[EnemyRenderer] Dibujando enemigo en posición: {X:1207,789 Y:1207,789}
[EnemyRenderer] Enemigos activos para dibujar: 1
[Camera] Posición: {X:821,99976 Y:901,99976}, Zoom: 1
[EnemyManager] Enemigo activo en posición: {X:1207,789 Y:1207,789}
[EnemyManager] Enemigos activos: 1
[EnemyRenderer] Dibujando enemigo en posición: {X:1207,9556 Y:1207,9556}
[EnemyRenderer] Enemigos activos para dibujar: 1
[Camera] Posición: {X:821,99976 Y:901,99976}, Zoom: 1
[EnemyManager] Enemigo activo en posición: {X:1207,9556 Y:1207,9556}
[EnemyManager] Enemigos activos: 1
[EnemyRenderer] Dibujando enemigo en posición: {X:1208,1222 Y:1208,1222}
[EnemyRenderer] Enemigos activos para dibujar: 1
[Camera] Posición: {X:821,99976 Y:901,99976}, Zoom: 1
[EnemyManager] Enemigo activo en posición: {X:1208,1222 Y:1208,1222}
[EnemyManager] Enemigos activos: 1
[EnemyRenderer] Dibujando enemigo en posición: {X:1208,2888 Y:1208,2888}
[EnemyRenderer] Enemigos activos para dibujar: 1
[Camera] Posición: {X:821,99976 Y:901,99976}, Zoom: 1
[EnemyManager] Enemigo activo en posición: {X:1208,2888 Y:1208,2888}
[EnemyManager] Enemigos activos: 1
[EnemyRenderer] Dibujando enemigo en posición: {X:1208,4554 Y:1208,4554}
[EnemyRenderer] Enemigos activos para dibujar: 1
[Camera] Posición: {X:821,99976 Y:901,99976}, Zoom: 1
[EnemyManager] Enemigo activo en posición: {X:1208,4554 Y:1208,4554}
[EnemyManager] Enemigos activos: 1
[EnemyRenderer] Dibujando enemigo en posición: {X:1208,6221 Y:1208,6221}
[EnemyRenderer] Enemigos activos para dibujar: 1
[Camera] Posición: {X:821,99976 Y:901,99976}, Zoom: 1
[EnemyManager] Enemigo activo en posición: {X:1208,6221 Y:1208,6221}
[EnemyManager] Enemigos activos: 1
[EnemyRenderer] Dibujando enemigo en posición: {X:1208,7887 Y:1208,7887}
[EnemyRenderer] Enemigos activos para dibujar: 1
[Camera] Posición: {X:821,99976 Y:901,99976}, Zoom: 1
[EnemyManager] Enemigo activo en posición: {X:1208,7887 Y:1208,7887}
[EnemyManager] Enemigos activos: 1
[EnemyRenderer] Dibujando enemigo en posición: {X:1208,9553 Y:1208,9553}
[EnemyRenderer] Enemigos activos para dibujar: 1
[Camera] Posición: {X:821,99976 Y:901,99976}, Zoom: 1
[EnemyManager] Enemigo activo en posición: {X:1208,9553 Y:1208,9553}
[EnemyManager] Enemigos activos: 1
[EnemyRenderer] Dibujando enemigo en posición: {X:1209,122 Y:1209,122}
[EnemyRenderer] Enemigos activos para dibujar: 1
[Camera] Posición: {X:821,99976 Y:901,99976}, Zoom: 1
[EnemyManager] Enemigo activo en posición: {X:1209,122 Y:1209,122}
[EnemyManager] Enemigos activos: 1
[EnemyRenderer] Dibujando enemigo en posición: {X:1209,2886 Y:1209,2886}
[EnemyRenderer] Enemigos activos para dibujar: 1
[Camera] Posición: {X:821,99976 Y:901,99976}, Zoom: 1
[EnemyManager] Enemigo activo en posición: {X:1209,2886 Y:1209,2886}
[EnemyManager] Enemigos activos: 1
[EnemyRenderer] Dibujando enemigo en posición: {X:1209,4552 Y:1209,4552}
[EnemyRenderer] Enemigos activos para dibujar: 1
[Camera] Posición: {X:821,99976 Y:901,99976}, Zoom: 1
[EnemyManager] Enemigo activo en posición: {X:1209,4552 Y:1209,4552}
[EnemyManager] Enemigos activos: 1
[EnemyRenderer] Dibujando enemigo en posición: {X:1209,6218 Y:1209,6218}
[EnemyRenderer] Enemigos activos para dibujar: 1
[Camera] Posición: {X:821,99976 Y:901,99976}, Zoom: 1
[EnemyManager] Enemigo activo en posición: {X:1209,6218 Y:1209,6218}
[EnemyManager] Enemigos activos: 1
[EnemyRenderer] Dibujando enemigo en posición: {X:1209,7885 Y:1209,7885}
[EnemyRenderer] Enemigos activos para dibujar: 1
[Camera] Posición: {X:821,99976 Y:901,99976}, Zoom: 1
[EnemyManager] Enemigo activo en posición: {X:1209,7885 Y:1209,7885}
[EnemyManager] Enemigos activos: 1
[EnemyRenderer] Dibujando enemigo en posición: {X:1209,9551 Y:1209,9551}
[EnemyRenderer] Enemigos activos para dibujar: 1
[Camera] Posición: {X:821,99976 Y:901,99976}, Zoom: 1
[EnemyManager] Enemigo activo en posición: {X:1209,9551 Y:1209,9551}
[EnemyManager] Enemigos activos: 1
[EnemyRenderer] Dibujando enemigo en posición: {X:1210,1217 Y:1210,1217}
[EnemyRenderer] Enemigos activos para dibujar: 1
[Camera] Posición: {X:821,99976 Y:901,99976}, Zoom: 1
[EnemyManager] Enemigo activo en posición: {X:1210,1217 Y:1210,1217}
[EnemyManager] Enemigos activos: 1
[EnemyRenderer] Dibujando enemigo en posición: {X:1210,2883 Y:1210,2883}
[EnemyRenderer] Enemigos activos para dibujar: 1
[Camera] Posición: {X:821,99976 Y:901,99976}, Zoom: 1
[EnemyManager] Enemigo activo en posición: {X:1210,2883 Y:1210,2883}
[EnemyManager] Enemigos activos: 1
[EnemyRenderer] Dibujando enemigo en posición: {X:1210,455 Y:1210,455}
[EnemyRenderer] Enemigos activos para dibujar: 1
[Camera] Posición: {X:821,99976 Y:901,99976}, Zoom: 1
[EnemyManager] Enemigo activo en posición: {X:1210,455 Y:1210,455}
[EnemyManager] Enemigos activos: 1
[EnemyRenderer] Dibujando enemigo en posición: {X:1210,6216 Y:1210,6216}
[EnemyRenderer] Enemigos activos para dibujar: 1
[Camera] Posición: {X:821,99976 Y:901,99976}, Zoom: 1
[EnemyManager] Enemigo activo en posición: {X:1210,6216 Y:1210,6216}
[EnemyManager] Enemigos activos: 1
[EnemyRenderer] Dibujando enemigo en posición: {X:1210,7882 Y:1210,7882}
[EnemyRenderer] Enemigos activos para dibujar: 1
[Camera] Posición: {X:821,99976 Y:901,99976}, Zoom: 1
[EnemyManager] Enemigo activo en posición: {X:1210,7882 Y:1210,7882}
[EnemyManager] Enemigos activos: 1
[EnemyRenderer] Dibujando enemigo en posición: {X:1210,9548 Y:1210,9548}
[EnemyRenderer] Enemigos activos para dibujar: 1
[Camera] Posición: {X:821,99976 Y:901,99976}, Zoom: 1
[EnemyManager] Enemigo activo en posición: {X:1210,9548 Y:1210,9548}
[EnemyManager] Enemigos activos: 1
[EnemyRenderer] Dibujando enemigo en posición: {X:1211,1215 Y:1211,1215}
[EnemyRenderer] Enemigos activos para dibujar: 1
[Camera] Posición: {X:821,99976 Y:901,99976}, Zoom: 1
[EnemyManager] Enemigo activo en posición: {X:1211,1215 Y:1211,1215}
[EnemyManager] Enemigos activos: 1
[EnemyRenderer] Dibujando enemigo en posición: {X:1211,2881 Y:1211,2881}
[EnemyRenderer] Enemigos activos para dibujar: 1
[Camera] Posición: {X:821,99976 Y:901,99976}, Zoom: 1
[EnemyManager] Enemigo activo en posición: {X:1211,2881 Y:1211,2881}
[EnemyManager] Enemigos activos: 1
[EnemyRenderer] Dibujando enemigo en posición: {X:1211,4547 Y:1211,4547}
[EnemyRenderer] Enemigos activos para dibujar: 1
[Camera] Posición: {X:821,99976 Y:901,99976}, Zoom: 1
[EnemyManager] Enemigo activo en posición: {X:1211,4547 Y:1211,4547}
[EnemyManager] Enemigos activos: 1
[EnemyRenderer] Dibujando enemigo en posición: {X:1211,6213 Y:1211,6213}
[EnemyRenderer] Enemigos activos para dibujar: 1
[Camera] Posición: {X:821,99976 Y:901,99976}, Zoom: 1
[EnemyManager] Enemigo activo en posición: {X:1211,6213 Y:1211,6213}
[EnemyManager] Enemigos activos: 1
[EnemyRenderer] Dibujando enemigo en posición: {X:1211,788 Y:1211,788}
[EnemyRenderer] Enemigos activos para dibujar: 1
[Camera] Posición: {X:821,99976 Y:901,99976}, Zoom: 1
[EnemyManager] Enemigo activo en posición: {X:1211,788 Y:1211,788}
[EnemyManager] Enemigos activos: 1
[EnemyRenderer] Dibujando enemigo en posición: {X:1211,9546 Y:1211,9546}
[EnemyRenderer] Enemigos activos para dibujar: 1
[Camera] Posición: {X:821,99976 Y:901,99976}, Zoom: 1
[EnemyManager] Enemigo activo en posición: {X:1211,9546 Y:1211,9546}
[EnemyManager] Enemigos activos: 1
[EnemyRenderer] Dibujando enemigo en posición: {X:1212,1212 Y:1212,1212}
[EnemyRenderer] Enemigos activos para dibujar: 1
[Camera] Posición: {X:821,99976 Y:901,99976}, Zoom: 1
[EnemyManager] Enemigo activo en posición: {X:1212,1212 Y:1212,1212}
[EnemyManager] Enemigos activos: 1
[EnemyRenderer] Dibujando enemigo en posición: {X:1212,2878 Y:1212,2878}
[EnemyRenderer] Enemigos activos para dibujar: 1
[Camera] Posición: {X:821,99976 Y:901,99976}, Zoom: 1
[EnemyManager] Enemigo activo en posición: {X:1212,2878 Y:1212,2878}
[EnemyManager] Enemigos activos: 1
[EnemyRenderer] Dibujando enemigo en posición: {X:1212,4545 Y:1212,4545}
[EnemyRenderer] Enemigos activos para dibujar: 1
[Camera] Posición: {X:821,99976 Y:901,99976}, Zoom: 1
[EnemyManager] Enemigo activo en posición: {X:1212,4545 Y:1212,4545}
[EnemyManager] Enemigos activos: 1
[EnemyRenderer] Dibujando enemigo en posición: {X:1212,6211 Y:1212,6211}
[EnemyRenderer] Enemigos activos para dibujar: 1
[Camera] Posición: {X:821,99976 Y:901,99976}, Zoom: 1
[EnemyManager] Enemigo activo en posición: {X:1212,6211 Y:1212,6211}
[EnemyManager] Enemigos activos: 1
[EnemyRenderer] Dibujando enemigo en posición: {X:1212,7877 Y:1212,7877}
[EnemyRenderer] Enemigos activos para dibujar: 1
[Camera] Posición: {X:821,99976 Y:901,99976}, Zoom: 1
[EnemyManager] Enemigo activo en posición: {X:1212,7877 Y:1212,7877}
[EnemyManager] Enemigos activos: 1
[EnemyRenderer] Dibujando enemigo en posición: {X:1212,9543 Y:1212,9543}
[EnemyRenderer] Enemigos activos para dibujar: 1
[Camera] Posición: {X:821,99976 Y:901,99976}, Zoom: 1
[EnemyManager] Enemigo activo en posición: {X:1212,9543 Y:1212,9543}
[EnemyManager] Enemigos activos: 1
[EnemyRenderer] Dibujando enemigo en posición: {X:1213,121 Y:1213,121}
[EnemyRenderer] Enemigos activos para dibujar: 1
[Camera] Posición: {X:821,99976 Y:901,99976}, Zoom: 1
[EnemyManager] Enemigo activo en posición: {X:1213,121 Y:1213,121}
[EnemyManager] Enemigos activos: 1
[EnemyRenderer] Dibujando enemigo en posición: {X:1213,2876 Y:1213,2876}
[EnemyRenderer] Enemigos activos para dibujar: 1
[Camera] Posición: {X:821,99976 Y:901,99976}, Zoom: 1
[EnemyManager] Enemigo activo en posición: {X:1213,2876 Y:1213,2876}
[EnemyManager] Enemigos activos: 1
[EnemyRenderer] Dibujando enemigo en posición: {X:1213,4542 Y:1213,4542}
[EnemyRenderer] Enemigos activos para dibujar: 1
[Camera] Posición: {X:821,99976 Y:901,99976}, Zoom: 1
[EnemyManager] Enemigo activo en posición: {X:1213,4542 Y:1213,4542}
[EnemyManager] Enemigos activos: 1
[EnemyRenderer] Dibujando enemigo en posición: {X:1213,6208 Y:1213,6208}
[EnemyRenderer] Enemigos activos para dibujar: 1
[Camera] Posición: {X:821,99976 Y:901,99976}, Zoom: 1
[EnemyManager] Enemigo activo en posición: {X:1213,6208 Y:1213,6208}
[EnemyManager] Enemigos activos: 1
[EnemyRenderer] Dibujando enemigo en posición: {X:1213,7875 Y:1213,7875}
[EnemyRenderer] Enemigos activos para dibujar: 1
[Camera] Posición: {X:821,99976 Y:901,99976}, Zoom: 1
[EnemyManager] Enemigo activo en posición: {X:1213,7875 Y:1213,7875}
[EnemyManager] Enemigos activos: 1
[EnemyRenderer] Dibujando enemigo en posición: {X:1213,9541 Y:1213,9541}
[EnemyRenderer] Enemigos activos para dibujar: 1
[Camera] Posición: {X:821,99976 Y:901,99976}, Zoom: 1
[EnemyManager] Enemigo activo en posición: {X:1213,9541 Y:1213,9541}
[EnemyManager] Enemigos activos: 1
[EnemyRenderer] Dibujando enemigo en posición: {X:1214,1207 Y:1214,1207}
[EnemyRenderer] Enemigos activos para dibujar: 1
[Camera] Posición: {X:821,99976 Y:901,99976}, Zoom: 1
[EnemyManager] Enemigo activo en posición: {X:1214,1207 Y:1214,1207}
[EnemyManager] Enemigos activos: 1
[EnemyRenderer] Dibujando enemigo en posición: {X:1214,2874 Y:1214,2874}
[EnemyRenderer] Enemigos activos para dibujar: 1
[Camera] Posición: {X:821,99976 Y:901,99976}, Zoom: 1
[EnemyManager] Enemigo activo en posición: {X:1214,2874 Y:1214,2874}
[EnemyManager] Enemigos activos: 1
[EnemyRenderer] Dibujando enemigo en posición: {X:1214,454 Y:1214,454}
[EnemyRenderer] Enemigos activos para dibujar: 1
[Camera] Posición: {X:821,99976 Y:901,99976}, Zoom: 1
[EnemyManager] Enemigo activo en posición: {X:1214,454 Y:1214,454}
[EnemyManager] Enemigos activos: 1
[EnemyRenderer] Dibujando enemigo en posición: {X:1214,6206 Y:1214,6206}
[EnemyRenderer] Enemigos activos para dibujar: 1
[Camera] Posición: {X:821,99976 Y:901,99976}, Zoom: 1
[EnemyManager] Enemigo activo en posición: {X:1214,6206 Y:1214,6206}
[EnemyManager] Enemigos activos: 1
[EnemyRenderer] Dibujando enemigo en posición: {X:1214,7872 Y:1214,7872}
[EnemyRenderer] Enemigos activos para dibujar: 1
[Camera] Posición: {X:821,99976 Y:901,99976}, Zoom: 1
[EnemyManager] Enemigo activo en posición: {X:1214,7872 Y:1214,7872}
[EnemyManager] Enemigos activos: 1
[EnemyRenderer] Dibujando enemigo en posición: {X:1214,9539 Y:1214,9539}
[EnemyRenderer] Enemigos activos para dibujar: 1
[Camera] Posición: {X:821,99976 Y:901,99976}, Zoom: 1
[EnemyManager] Enemigo activo en posición: {X:1214,9539 Y:1214,9539}
[EnemyManager] Enemigos activos: 1
[EnemyRenderer] Dibujando enemigo en posición: {X:1215,1205 Y:1215,1205}
[EnemyRenderer] Enemigos activos para dibujar: 1
[Camera] Posición: {X:821,99976 Y:901,99976}, Zoom: 1
[EnemyManager] Enemigo activo en posición: {X:1215,1205 Y:1215,1205}
[EnemyManager] Enemigos activos: 1
[EnemyRenderer] Dibujando enemigo en posición: {X:1215,2871 Y:1215,2871}
[EnemyRenderer] Enemigos activos para dibujar: 1
[Camera] Posición: {X:821,99976 Y:901,99976}, Zoom: 1
[EnemyManager] Enemigo activo en posición: {X:1215,2871 Y:1215,2871}
[EnemyManager] Enemigos activos: 1
[EnemyRenderer] Dibujando enemigo en posición: {X:1215,4537 Y:1215,4537}
[EnemyRenderer] Enemigos activos para dibujar: 1
[Camera] Posición: {X:821,99976 Y:901,99976}, Zoom: 1
[EnemyManager] Enemigo activo en posición: {X:1215,4537 Y:1215,4537}
[EnemyManager] Enemigos activos: 1
[EnemyRenderer] Dibujando enemigo en posición: {X:1215,6204 Y:1215,6204}
[EnemyRenderer] Enemigos activos para dibujar: 1
[Camera] Posición: {X:821,99976 Y:901,99976}, Zoom: 1
[EnemyManager] Enemigo activo en posición: {X:1215,6204 Y:1215,6204}
[EnemyManager] Enemigos activos: 1
[EnemyRenderer] Dibujando enemigo en posición: {X:1215,787 Y:1215,787}
[EnemyRenderer] Enemigos activos para dibujar: 1
[Camera] Posición: {X:821,99976 Y:901,99976}, Zoom: 1
[EnemyManager] Enemigo activo en posición: {X:1215,787 Y:1215,787}
[EnemyManager] Enemigos activos: 1
[EnemyRenderer] Dibujando enemigo en posición: {X:1215,9536 Y:1215,9536}
[EnemyRenderer] Enemigos activos para dibujar: 1
[Camera] Posición: {X:821,99976 Y:901,99976}, Zoom: 1
[EnemyManager] Enemigo activo en posición: {X:1215,9536 Y:1215,9536}
[EnemyManager] Enemigos activos: 1
[EnemyRenderer] Dibujando enemigo en posición: {X:1216,1202 Y:1216,1202}
[EnemyRenderer] Enemigos activos para dibujar: 1
[Camera] Posición: {X:821,99976 Y:901,99976}, Zoom: 1
[EnemyManager] Enemigo activo en posición: {X:1216,1202 Y:1216,1202}
[EnemyManager] Enemigos activos: 1
[EnemyRenderer] Dibujando enemigo en posición: {X:1216,2869 Y:1216,2869}
[EnemyRenderer] Enemigos activos para dibujar: 1
[Camera] Posición: {X:821,99976 Y:901,99976}, Zoom: 1
[EnemyManager] Enemigo activo en posición: {X:1216,2869 Y:1216,2869}
[EnemyManager] Enemigos activos: 1
[EnemyRenderer] Dibujando enemigo en posición: {X:1216,4535 Y:1216,4535}
[EnemyRenderer] Enemigos activos para dibujar: 1
[Camera] Posición: {X:821,99976 Y:901,99976}, Zoom: 1
[EnemyManager] Enemigo activo en posición: {X:1216,4535 Y:1216,4535}
[EnemyManager] Enemigos activos: 1
[EnemyRenderer] Dibujando enemigo en posición: {X:1216,6201 Y:1216,6201}
[EnemyRenderer] Enemigos activos para dibujar: 1
[Camera] Posición: {X:821,99976 Y:901,99976}, Zoom: 1
[EnemyManager] Enemigo activo en posición: {X:1216,6201 Y:1216,6201}
[EnemyManager] Enemigos activos: 1
[EnemyRenderer] Dibujando enemigo en posición: {X:1216,7867 Y:1216,7867}
[EnemyRenderer] Enemigos activos para dibujar: 1
[Camera] Posición: {X:821,99976 Y:901,99976}, Zoom: 1
[EnemyManager] Enemigo activo en posición: {X:1216,7867 Y:1216,7867}
[EnemyManager] Enemigos activos: 1
[EnemyRenderer] Dibujando enemigo en posición: {X:1216,9534 Y:1216,9534}
[EnemyRenderer] Enemigos activos para dibujar: 1
[Camera] Posición: {X:821,99976 Y:901,99976}, Zoom: 1
[EnemyManager] Enemigo activo en posición: {X:1216,9534 Y:1216,9534}
[EnemyManager] Enemigos activos: 1
[EnemyRenderer] Dibujando enemigo en posición: {X:1217,12 Y:1217,12}
[EnemyRenderer] Enemigos activos para dibujar: 1
[Camera] Posición: {X:821,99976 Y:901,99976}, Zoom: 1
[EnemyManager] Enemigo activo en posición: {X:1217,12 Y:1217,12}
[EnemyManager] Enemigos activos: 1
[EnemyRenderer] Dibujando enemigo en posición: {X:1217,2866 Y:1217,2866}
[EnemyRenderer] Enemigos activos para dibujar: 1
[Camera] Posición: {X:821,99976 Y:901,99976}, Zoom: 1
[EnemyManager] Enemigo activo en posición: {X:1217,2866 Y:1217,2866}
[EnemyManager] Enemigos activos: 1
[EnemyRenderer] Dibujando enemigo en posición: {X:1217,4532 Y:1217,4532}
[EnemyRenderer] Enemigos activos para dibujar: 1
[Camera] Posición: {X:821,99976 Y:901,99976}, Zoom: 1
[EnemyManager] Enemigo activo en posición: {X:1217,4532 Y:1217,4532}
[EnemyManager] Enemigos activos: 1
[EnemyRenderer] Dibujando enemigo en posición: {X:1217,6199 Y:1217,6199}
[EnemyRenderer] Enemigos activos para dibujar: 1
[Camera] Posición: {X:821,99976 Y:901,99976}, Zoom: 1
[EnemyManager] Enemigo activo en posición: {X:1217,6199 Y:1217,6199}
[EnemyManager] Enemigos activos: 1
[EnemyRenderer] Dibujando enemigo en posición: {X:1217,7865 Y:1217,7865}
[EnemyRenderer] Enemigos activos para dibujar: 1
[Camera] Posición: {X:821,99976 Y:901,99976}, Zoom: 1
[EnemyManager] Enemigo activo en posición: {X:1217,7865 Y:1217,7865}
[EnemyManager] Enemigos activos: 1
[EnemyRenderer] Dibujando enemigo en posición: {X:1217,9531 Y:1217,9531}
[EnemyRenderer] Enemigos activos para dibujar: 1
[Camera] Posición: {X:821,99976 Y:901,99976}, Zoom: 1
[EnemyManager] Enemigo activo en posición: {X:1217,9531 Y:1217,9531}
[EnemyManager] Enemigos activos: 1
[EnemyRenderer] Dibujando enemigo en posición: {X:1218,1198 Y:1218,1198}
[EnemyRenderer] Enemigos activos para dibujar: 1
[Camera] Posición: {X:821,99976 Y:901,99976}, Zoom: 1
[EnemyManager] Enemigo activo en posición: {X:1218,1198 Y:1218,1198}
[EnemyManager] Enemigos activos: 1
[EnemyRenderer] Dibujando enemigo en posición: {X:1218,2864 Y:1218,2864}
[EnemyRenderer] Enemigos activos para dibujar: 1
[Camera] Posición: {X:821,99976 Y:901,99976}, Zoom: 1
[EnemyManager] Enemigo activo en posición: {X:1218,2864 Y:1218,2864}
[EnemyManager] Enemigos activos: 1
[EnemyRenderer] Dibujando enemigo en posición: {X:1218,453 Y:1218,453}
[EnemyRenderer] Enemigos activos para dibujar: 1
[Camera] Posición: {X:821,99976 Y:901,99976}, Zoom: 1
[EnemyManager] Enemigo activo en posición: {X:1218,453 Y:1218,453}
[EnemyManager] Enemigos activos: 1
[EnemyRenderer] Dibujando enemigo en posición: {X:1218,6196 Y:1218,6196}
[EnemyRenderer] Enemigos activos para dibujar: 1
[Camera] Posición: {X:821,99976 Y:901,99976}, Zoom: 1
[EnemyManager] Enemigo activo en posición: {X:1218,6196 Y:1218,6196}
[EnemyManager] Enemigos activos: 1
[EnemyRenderer] Dibujando enemigo en posición: {X:1218,7863 Y:1218,7863}
[EnemyRenderer] Enemigos activos para dibujar: 1
[Camera] Posición: {X:821,99976 Y:901,99976}, Zoom: 1
[EnemyManager] Enemigo activo en posición: {X:1218,7863 Y:1218,7863}
[EnemyManager] Enemigos activos: 1
[EnemyRenderer] Dibujando enemigo en posición: {X:1218,9529 Y:1218,9529}
[EnemyRenderer] Enemigos activos para dibujar: 1
[Camera] Posición: {X:821,99976 Y:901,99976}, Zoom: 1
[EnemyManager] Enemigo activo en posición: {X:1218,9529 Y:1218,9529}
[EnemyManager] Enemigos activos: 1
[EnemyRenderer] Dibujando enemigo en posición: {X:1219,1195 Y:1219,1195}
[EnemyRenderer] Enemigos activos para dibujar: 1
[Camera] Posición: {X:821,99976 Y:901,99976}, Zoom: 1
[EnemyManager] Enemigo activo en posición: {X:1219,1195 Y:1219,1195}
[EnemyManager] Enemigos activos: 1
[EnemyRenderer] Dibujando enemigo en posición: {X:1219,2861 Y:1219,2861}
[EnemyRenderer] Enemigos activos para dibujar: 1
[Camera] Posición: {X:821,99976 Y:901,99976}, Zoom: 1
[EnemyManager] Enemigo activo en posición: {X:1219,2861 Y:1219,2861}
[EnemyManager] Enemigos activos: 1
[EnemyRenderer] Dibujando enemigo en posición: {X:1219,4528 Y:1219,4528}
[EnemyRenderer] Enemigos activos para dibujar: 1
[Camera] Posición: {X:821,99976 Y:901,99976}, Zoom: 1
[EnemyManager] Enemigo activo en posición: {X:1219,4528 Y:1219,4528}
[EnemyManager] Enemigos activos: 1
[EnemyRenderer] Dibujando enemigo en posición: {X:1219,6194 Y:1219,6194}
[EnemyRenderer] Enemigos activos para dibujar: 1
[Camera] Posición: {X:821,99976 Y:901,99976}, Zoom: 1
[EnemyManager] Enemigo activo en posición: {X:1219,6194 Y:1219,6194}
[EnemyManager] Enemigos activos: 1
[EnemyRenderer] Dibujando enemigo en posición: {X:1219,786 Y:1219,786}
[EnemyRenderer] Enemigos activos para dibujar: 1
[Camera] Posición: {X:821,99976 Y:901,99976}, Zoom: 1
[EnemyManager] Enemigo activo en posición: {X:1219,786 Y:1219,786}
[EnemyManager] Enemigos activos: 1
[EnemyRenderer] Dibujando enemigo en posición: {X:1219,9526 Y:1219,9526}
[EnemyRenderer] Enemigos activos para dibujar: 1
[Camera] Posición: {X:821,99976 Y:901,99976}, Zoom: 1
[EnemyManager] Enemigo activo en posición: {X:1219,9526 Y:1219,9526}
[EnemyManager] Enemigos activos: 1
[EnemyRenderer] Dibujando enemigo en posición: {X:1220,1193 Y:1220,1193}
[EnemyRenderer] Enemigos activos para dibujar: 1
[Camera] Posición: {X:821,99976 Y:901,99976}, Zoom: 1
[EnemyManager] Enemigo activo en posición: {X:1220,1193 Y:1220,1193}
[EnemyManager] Enemigos activos: 1
[EnemyRenderer] Dibujando enemigo en posición: {X:1220,2859 Y:1220,2859}
[EnemyRenderer] Enemigos activos para dibujar: 1
[Camera] Posición: {X:821,99976 Y:901,99976}, Zoom: 1
[EnemyManager] Enemigo activo en posición: {X:1220,2859 Y:1220,2859}
[EnemyManager] Enemigos activos: 1
[EnemyRenderer] Dibujando enemigo en posición: {X:1220,4525 Y:1220,4525}
[EnemyRenderer] Enemigos activos para dibujar: 1
[Camera] Posición: {X:821,99976 Y:901,99976}, Zoom: 1
[EnemyManager] Enemigo activo en posición: {X:1220,4525 Y:1220,4525}
[EnemyManager] Enemigos activos: 1
[EnemyRenderer] Dibujando enemigo en posición: {X:1220,6191 Y:1220,6191}
[EnemyRenderer] Enemigos activos para dibujar: 1
[Camera] Posición: {X:821,99976 Y:901,99976}, Zoom: 1
[EnemyManager] Enemigo activo en posición: {X:1220,6191 Y:1220,6191}
[EnemyManager] Enemigos activos: 1
[EnemyRenderer] Dibujando enemigo en posición: {X:1220,7858 Y:1220,7858}
[EnemyRenderer] Enemigos activos para dibujar: 1
[Camera] Posición: {X:821,99976 Y:901,99976}, Zoom: 1
[EnemyManager] Enemigo activo en posición: {X:1220,7858 Y:1220,7858}
[EnemyManager] Enemigos activos: 1
[EnemyRenderer] Dibujando enemigo en posición: {X:1220,9524 Y:1220,9524}
[EnemyRenderer] Enemigos activos para dibujar: 1
[Camera] Posición: {X:821,99976 Y:901,99976}, Zoom: 1
[EnemyManager] Enemigo activo en posición: {X:1220,9524 Y:1220,9524}
[EnemyManager] Enemigos activos: 1
[EnemyRenderer] Dibujando enemigo en posición: {X:1221,119 Y:1221,119}
[EnemyRenderer] Enemigos activos para dibujar: 1
[Camera] Posición: {X:821,99976 Y:901,99976}, Zoom: 1
[EnemyManager] Enemigo activo en posición: {X:1221,119 Y:1221,119}
[EnemyManager] Enemigos activos: 1
[EnemyRenderer] Dibujando enemigo en posición: {X:1221,2856 Y:1221,2856}
[EnemyRenderer] Enemigos activos para dibujar: 1
[Camera] Posición: {X:821,99976 Y:901,99976}, Zoom: 1
[EnemyManager] Enemigo activo en posición: {X:1221,2856 Y:1221,2856}
[EnemyManager] Enemigos activos: 1
[EnemyRenderer] Dibujando enemigo en posición: {X:1221,4523 Y:1221,4523}
[EnemyRenderer] Enemigos activos para dibujar: 1
[Camera] Posición: {X:821,99976 Y:901,99976}, Zoom: 1
[EnemyManager] Enemigo activo en posición: {X:1221,4523 Y:1221,4523}
[EnemyManager] Enemigos activos: 1
[EnemyRenderer] Dibujando enemigo en posición: {X:1221,6189 Y:1221,6189}
[EnemyRenderer] Enemigos activos para dibujar: 1
[Camera] Posición: {X:821,99976 Y:901,99976}, Zoom: 1
[EnemyManager] Enemigo activo en posición: {X:1221,6189 Y:1221,6189}
[EnemyManager] Enemigos activos: 1
[EnemyRenderer] Dibujando enemigo en posición: {X:1221,7855 Y:1221,7855}
[EnemyRenderer] Enemigos activos para dibujar: 1
[Camera] Posición: {X:821,99976 Y:901,99976}, Zoom: 1
[EnemyManager] Enemigo activo en posición: {X:1221,7855 Y:1221,7855}
[EnemyManager] Enemigos activos: 1
[EnemyRenderer] Dibujando enemigo en posición: {X:1221,9521 Y:1221,9521}
[EnemyRenderer] Enemigos activos para dibujar: 1
[Camera] Posición: {X:821,99976 Y:901,99976}, Zoom: 1
[EnemyManager] Enemigo activo en posición: {X:1221,9521 Y:1221,9521}
[EnemyManager] Enemigos activos: 1
[EnemyRenderer] Dibujando enemigo en posición: {X:1222,1188 Y:1222,1188}
[EnemyRenderer] Enemigos activos para dibujar: 1
[Camera] Posición: {X:821,99976 Y:901,99976}, Zoom: 1
[EnemyManager] Enemigo activo en posición: {X:1222,1188 Y:1222,1188}
[EnemyManager] Enemigos activos: 1
[EnemyRenderer] Dibujando enemigo en posición: {X:1222,2854 Y:1222,2854}
[EnemyRenderer] Enemigos activos para dibujar: 1
[Camera] Posición: {X:821,99976 Y:901,99976}, Zoom: 1
[EnemyManager] Enemigo activo en posición: {X:1222,2854 Y:1222,2854}
[EnemyManager] Enemigos activos: 1
[EnemyRenderer] Dibujando enemigo en posición: {X:1222,452 Y:1222,452}
[EnemyRenderer] Enemigos activos para dibujar: 1
[Camera] Posición: {X:821,99976 Y:901,99976}, Zoom: 1
[EnemyManager] Enemigo activo en posición: {X:1222,452 Y:1222,452}
[EnemyManager] Enemigos activos: 1
[EnemyRenderer] Dibujando enemigo en posición: {X:1222,6187 Y:1222,6187}
[EnemyRenderer] Enemigos activos para dibujar: 1
[Camera] Posición: {X:821,99976 Y:901,99976}, Zoom: 1
[EnemyManager] Enemigo activo en posición: {X:1222,6187 Y:1222,6187}
[EnemyManager] Enemigos activos: 1
[EnemyRenderer] Dibujando enemigo en posición: {X:1222,7853 Y:1222,7853}
[EnemyRenderer] Enemigos activos para dibujar: 1
[Camera] Posición: {X:821,99976 Y:901,99976}, Zoom: 1
[EnemyManager] Enemigo activo en posición: {X:1222,7853 Y:1222,7853}
[EnemyManager] Enemigos activos: 1
[EnemyRenderer] Dibujando enemigo en posición: {X:1222,9519 Y:1222,9519}
[EnemyRenderer] Enemigos activos para dibujar: 1
[Camera] Posición: {X:821,99976 Y:901,99976}, Zoom: 1
[EnemyManager] Enemigo activo en posición: {X:1222,9519 Y:1222,9519}
[EnemyManager] Enemigos activos: 1
[EnemyRenderer] Dibujando enemigo en posición: {X:1223,1185 Y:1223,1185}
[EnemyRenderer] Enemigos activos para dibujar: 1
[Camera] Posición: {X:821,99976 Y:901,99976}, Zoom: 1
[EnemyManager] Enemigo activo en posición: {X:1223,1185 Y:1223,1185}
[EnemyManager] Enemigos activos: 1
[EnemyRenderer] Dibujando enemigo en posición: {X:1223,2852 Y:1223,2852}
[EnemyRenderer] Enemigos activos para dibujar: 1
[Camera] Posición: {X:821,99976 Y:901,99976}, Zoom: 1
[EnemyManager] Enemigo activo en posición: {X:1223,2852 Y:1223,2852}
[EnemyManager] Enemigos activos: 1
[EnemyRenderer] Dibujando enemigo en posición: {X:1223,4518 Y:1223,4518}
[EnemyRenderer] Enemigos activos para dibujar: 1
[Camera] Posición: {X:821,99976 Y:901,99976}, Zoom: 1
[EnemyManager] Enemigo activo en posición: {X:1223,4518 Y:1223,4518}
[EnemyManager] Enemigos activos: 1
[EnemyRenderer] Dibujando enemigo en posición: {X:1223,6184 Y:1223,6184}
[EnemyRenderer] Enemigos activos para dibujar: 1
[Camera] Posición: {X:821,99976 Y:901,99976}, Zoom: 1
[EnemyManager] Enemigo activo en posición: {X:1223,6184 Y:1223,6184}
[EnemyManager] Enemigos activos: 1
[EnemyRenderer] Dibujando enemigo en posición: {X:1223,785 Y:1223,785}
[EnemyRenderer] Enemigos activos para dibujar: 1
[Camera] Posición: {X:821,99976 Y:901,99976}, Zoom: 1
[EnemyManager] Enemigo activo en posición: {X:1223,785 Y:1223,785}
[EnemyManager] Enemigos activos: 1
[EnemyRenderer] Dibujando enemigo en posición: {X:1223,9517 Y:1223,9517}
[EnemyRenderer] Enemigos activos para dibujar: 1
[Camera] Posición: {X:821,99976 Y:901,99976}, Zoom: 1
[EnemyManager] Enemigo activo en posición: {X:1223,9517 Y:1223,9517}
[EnemyManager] Enemigos activos: 1
[EnemyRenderer] Dibujando enemigo en posición: {X:1224,1183 Y:1224,1183}
[EnemyRenderer] Enemigos activos para dibujar: 1
[Camera] Posición: {X:821,99976 Y:901,99976}, Zoom: 1
[EnemyManager] Enemigo activo en posición: {X:1224,1183 Y:1224,1183}
[EnemyManager] Enemigos activos: 1
[EnemyRenderer] Dibujando enemigo en posición: {X:1224,2849 Y:1224,2849}
[EnemyRenderer] Enemigos activos para dibujar: 1
[Camera] Posición: {X:821,99976 Y:901,99976}, Zoom: 1
[EnemyManager] Enemigo activo en posición: {X:1224,2849 Y:1224,2849}
[EnemyManager] Enemigos activos: 1
[EnemyRenderer] Dibujando enemigo en posición: {X:1224,4515 Y:1224,4515}
[EnemyRenderer] Enemigos activos para dibujar: 1
[Camera] Posición: {X:821,99976 Y:901,99976}, Zoom: 1
[EnemyManager] Enemigo activo en posición: {X:1224,4515 Y:1224,4515}
[EnemyManager] Enemigos activos: 1
[EnemyRenderer] Dibujando enemigo en posición: {X:1224,6182 Y:1224,6182}
[EnemyRenderer] Enemigos activos para dibujar: 1
[Camera] Posición: {X:821,99976 Y:901,99976}, Zoom: 1
[EnemyManager] Enemigo activo en posición: {X:1224,6182 Y:1224,6182}
[EnemyManager] Enemigos activos: 1
[EnemyRenderer] Dibujando enemigo en posición: {X:1224,7848 Y:1224,7848}
[EnemyRenderer] Enemigos activos para dibujar: 1
[Camera] Posición: {X:821,99976 Y:901,99976}, Zoom: 1
[EnemyManager] Enemigo activo en posición: {X:1224,7848 Y:1224,7848}
[EnemyManager] Enemigos activos: 1
[EnemyRenderer] Dibujando enemigo en posición: {X:1224,9514 Y:1224,9514}
[EnemyRenderer] Enemigos activos para dibujar: 1
[Camera] Posición: {X:821,99976 Y:901,99976}, Zoom: 1
[EnemyManager] Enemigo activo en posición: {X:1224,9514 Y:1224,9514}
[EnemyManager] Enemigos activos: 1
[EnemyRenderer] Dibujando enemigo en posición: {X:1225,118 Y:1225,118}
[EnemyRenderer] Enemigos activos para dibujar: 1
[Camera] Posición: {X:821,99976 Y:901,99976}, Zoom: 1
[EnemyManager] Enemigo activo en posición: {X:1225,118 Y:1225,118}
[EnemyManager] Enemigos activos: 1
[EnemyRenderer] Dibujando enemigo en posición: {X:1225,2847 Y:1225,2847}
[EnemyRenderer] Enemigos activos para dibujar: 1
[Camera] Posición: {X:821,99976 Y:901,99976}, Zoom: 1
[EnemyManager] Enemigo activo en posición: {X:1225,2847 Y:1225,2847}
[EnemyManager] Enemigos activos: 1
[EnemyRenderer] Dibujando enemigo en posición: {X:1225,4513 Y:1225,4513}
[EnemyRenderer] Enemigos activos para dibujar: 1
[Camera] Posición: {X:821,99976 Y:901,99976}, Zoom: 1
[EnemyManager] Enemigo activo en posición: {X:1225,4513 Y:1225,4513}
[EnemyManager] Enemigos activos: 1
[EnemyRenderer] Dibujando enemigo en posición: {X:1225,6179 Y:1225,6179}
[EnemyRenderer] Enemigos activos para dibujar: 1
[Camera] Posición: {X:821,99976 Y:901,99976}, Zoom: 1
[EnemyManager] Enemigo activo en posición: {X:1225,6179 Y:1225,6179}
[EnemyManager] Enemigos activos: 1
[EnemyRenderer] Dibujando enemigo en posición: {X:1225,7845 Y:1225,7845}
[EnemyRenderer] Enemigos activos para dibujar: 1
[Camera] Posición: {X:821,99976 Y:901,99976}, Zoom: 1
[EnemyManager] Enemigo activo en posición: {X:1225,7845 Y:1225,7845}
[EnemyManager] Enemigos activos: 1
[EnemyRenderer] Dibujando enemigo en posición: {X:1225,9512 Y:1225,9512}
[EnemyRenderer] Enemigos activos para dibujar: 1
[Camera] Posición: {X:821,99976 Y:901,99976}, Zoom: 1
[EnemyManager] Enemigo activo en posición: {X:1225,9512 Y:1225,9512}
[EnemyManager] Enemigos activos: 1
[EnemyRenderer] Dibujando enemigo en posición: {X:1226,1178 Y:1226,1178}
[EnemyRenderer] Enemigos activos para dibujar: 1
[Camera] Posición: {X:821,99976 Y:901,99976}, Zoom: 1
[EnemyManager] Enemigo activo en posición: {X:1226,1178 Y:1226,1178}
[EnemyManager] Enemigos activos: 1
[EnemyRenderer] Dibujando enemigo en posición: {X:1226,2844 Y:1226,2844}
[EnemyRenderer] Enemigos activos para dibujar: 1
[Camera] Posición: {X:821,99976 Y:901,99976}, Zoom: 1
[EnemyManager] Enemigo activo en posición: {X:1226,2844 Y:1226,2844}
[EnemyManager] Enemigos activos: 1
[EnemyRenderer] Dibujando enemigo en posición: {X:1226,451 Y:1226,451}
[EnemyRenderer] Enemigos activos para dibujar: 1
[Camera] Posición: {X:821,99976 Y:901,99976}, Zoom: 1
[EnemyManager] Enemigo activo en posición: {X:1226,451 Y:1226,451}
[EnemyManager] Enemigos activos: 1
[EnemyRenderer] Dibujando enemigo en posición: {X:1226,6177 Y:1226,6177}
[EnemyRenderer] Enemigos activos para dibujar: 1
[Camera] Posición: {X:821,99976 Y:901,99976}, Zoom: 1
[EnemyManager] Enemigo activo en posición: {X:1226,6177 Y:1226,6177}
[EnemyManager] Enemigos activos: 1
[EnemyRenderer] Dibujando enemigo en posición: {X:1226,7843 Y:1226,7843}
[EnemyRenderer] Enemigos activos para dibujar: 1
[Camera] Posición: {X:821,99976 Y:901,99976}, Zoom: 1
[EnemyManager] Enemigo activo en posición: {X:1226,7843 Y:1226,7843}
[EnemyManager] Enemigos activos: 1
[EnemyRenderer] Dibujando enemigo en posición: {X:1226,9509 Y:1226,9509}
[EnemyRenderer] Enemigos activos para dibujar: 1
[Camera] Posición: {X:821,99976 Y:901,99976}, Zoom: 1
[EnemyManager] Enemigo activo en posición: {X:1226,9509 Y:1226,9509}
[EnemyManager] Enemigos activos: 1
[EnemyRenderer] Dibujando enemigo en posición: {X:1227,1176 Y:1227,1176}
[EnemyRenderer] Enemigos activos para dibujar: 1
[Camera] Posición: {X:821,99976 Y:901,99976}, Zoom: 1
[EnemyManager] Enemigo activo en posición: {X:1227,1176 Y:1227,1176}
[EnemyManager] Enemigos activos: 1
[EnemyRenderer] Dibujando enemigo en posición: {X:1227,2842 Y:1227,2842}
[EnemyRenderer] Enemigos activos para dibujar: 1
[Camera] Posición: {X:821,99976 Y:901,99976}, Zoom: 1
[EnemyManager] Enemigo activo en posición: {X:1227,2842 Y:1227,2842}
[EnemyManager] Enemigos activos: 1
[EnemyRenderer] Dibujando enemigo en posición: {X:1227,4508 Y:1227,4508}
[EnemyRenderer] Enemigos activos para dibujar: 1
[Camera] Posición: {X:821,99976 Y:901,99976}, Zoom: 1
[EnemyManager] Enemigo activo en posición: {X:1227,4508 Y:1227,4508}
[EnemyManager] Enemigos activos: 1
[EnemyRenderer] Dibujando enemigo en posición: {X:1227,6174 Y:1227,6174}
[EnemyRenderer] Enemigos activos para dibujar: 1
[Camera] Posición: {X:821,99976 Y:901,99976}, Zoom: 1
[EnemyManager] Enemigo activo en posición: {X:1227,6174 Y:1227,6174}
[EnemyManager] Enemigos activos: 1
[EnemyRenderer] Dibujando enemigo en posición: {X:1227,784 Y:1227,784}
[EnemyRenderer] Enemigos activos para dibujar: 1
[Camera] Posición: {X:821,99976 Y:901,99976}, Zoom: 1
[EnemyManager] Enemigo activo en posición: {X:1227,784 Y:1227,784}
[EnemyManager] Enemigos activos: 1
[EnemyRenderer] Dibujando enemigo en posición: {X:1227,9507 Y:1227,9507}
[EnemyRenderer] Enemigos activos para dibujar: 1
[Camera] Posición: {X:821,99976 Y:901,99976}, Zoom: 1
[EnemyManager] Enemigo activo en posición: {X:1227,9507 Y:1227,9507}
[EnemyManager] Enemigos activos: 1
[EnemyRenderer] Dibujando enemigo en posición: {X:1228,1173 Y:1228,1173}
[EnemyRenderer] Enemigos activos para dibujar: 1
[Camera] Posición: {X:821,99976 Y:901,99976}, Zoom: 1
[EnemyManager] Enemigo activo en posición: {X:1228,1173 Y:1228,1173}
[EnemyManager] Enemigos activos: 1
[EnemyRenderer] Dibujando enemigo en posición: {X:1228,2839 Y:1228,2839}
[EnemyRenderer] Enemigos activos para dibujar: 1
[Camera] Posición: {X:821,99976 Y:901,99976}, Zoom: 1
[EnemyManager] Enemigo activo en posición: {X:1228,2839 Y:1228,2839}
[EnemyManager] Enemigos activos: 1
[EnemyRenderer] Dibujando enemigo en posición: {X:1228,4506 Y:1228,4506}
[EnemyRenderer] Enemigos activos para dibujar: 1
[Camera] Posición: {X:821,99976 Y:901,99976}, Zoom: 1
[EnemyManager] Enemigo activo en posición: {X:1228,4506 Y:1228,4506}
[EnemyManager] Enemigos activos: 1
[EnemyRenderer] Dibujando enemigo en posición: {X:1228,6172 Y:1228,6172}
[EnemyRenderer] Enemigos activos para dibujar: 1
[Camera] Posición: {X:821,99976 Y:901,99976}, Zoom: 1
[EnemyManager] Enemigo activo en posición: {X:1228,6172 Y:1228,6172}
[EnemyManager] Enemigos activos: 1
[EnemyRenderer] Dibujando enemigo en posición: {X:1228,7838 Y:1228,7838}
[EnemyRenderer] Enemigos activos para dibujar: 1
[Camera] Posición: {X:821,99976 Y:901,99976}, Zoom: 1
[EnemyManager] Enemigo activo en posición: {X:1228,7838 Y:1228,7838}
[EnemyManager] Enemigos activos: 1
[EnemyRenderer] Dibujando enemigo en posición: {X:1228,9504 Y:1228,9504}
[EnemyRenderer] Enemigos activos para dibujar: 1
[Camera] Posición: {X:821,99976 Y:901,99976}, Zoom: 1
[EnemyManager] Enemigo activo en posición: {X:1228,9504 Y:1228,9504}
[EnemyManager] Enemigos activos: 1
[EnemyRenderer] Dibujando enemigo en posición: {X:1229,1171 Y:1229,1171}
[EnemyRenderer] Enemigos activos para dibujar: 1
[Camera] Posición: {X:821,99976 Y:901,99976}, Zoom: 1
[EnemyManager] Enemigo activo en posición: {X:1229,1171 Y:1229,1171}
[EnemyManager] Enemigos activos: 1
[EnemyRenderer] Dibujando enemigo en posición: {X:1229,2837 Y:1229,2837}
[EnemyRenderer] Enemigos activos para dibujar: 1
[Camera] Posición: {X:821,99976 Y:901,99976}, Zoom: 1
[EnemyManager] Enemigo activo en posición: {X:1229,2837 Y:1229,2837}
[EnemyManager] Enemigos activos: 1
[EnemyRenderer] Dibujando enemigo en posición: {X:1229,4503 Y:1229,4503}
[EnemyRenderer] Enemigos activos para dibujar: 1
[Camera] Posición: {X:821,99976 Y:901,99976}, Zoom: 1
[EnemyManager] Enemigo activo en posición: {X:1229,4503 Y:1229,4503}
[EnemyManager] Enemigos activos: 1
[EnemyRenderer] Dibujando enemigo en posición: {X:1229,617 Y:1229,617}
[EnemyRenderer] Enemigos activos para dibujar: 1
[Camera] Posición: {X:821,99976 Y:901,99976}, Zoom: 1
[EnemyManager] Enemigo activo en posición: {X:1229,617 Y:1229,617}
[EnemyManager] Enemigos activos: 1
[EnemyRenderer] Dibujando enemigo en posición: {X:1229,7836 Y:1229,7836}
[EnemyRenderer] Enemigos activos para dibujar: 1
[Camera] Posición: {X:821,99976 Y:901,99976}, Zoom: 1
[EnemyManager] Enemigo activo en posición: {X:1229,7836 Y:1229,7836}
[EnemyManager] Enemigos activos: 1
[EnemyRenderer] Dibujando enemigo en posición: {X:1229,9502 Y:1229,9502}
[EnemyRenderer] Enemigos activos para dibujar: 1
[Camera] Posición: {X:821,99976 Y:901,99976}, Zoom: 1
[EnemyManager] Enemigo activo en posición: {X:1229,9502 Y:1229,9502}
[EnemyManager] Enemigos activos: 1
[EnemyRenderer] Dibujando enemigo en posición: {X:1230,1168 Y:1230,1168}
[EnemyRenderer] Enemigos activos para dibujar: 1
[Camera] Posición: {X:821,99976 Y:901,99976}, Zoom: 1
[EnemyManager] Enemigo activo en posición: {X:1230,1168 Y:1230,1168}
[EnemyManager] Enemigos activos: 1
[EnemyRenderer] Dibujando enemigo en posición: {X:1230,2834 Y:1230,2834}
[EnemyRenderer] Enemigos activos para dibujar: 1
[Camera] Posición: {X:821,99976 Y:901,99976}, Zoom: 1
[EnemyManager] Enemigo activo en posición: {X:1230,2834 Y:1230,2834}
[EnemyManager] Enemigos activos: 1
[EnemyRenderer] Dibujando enemigo en posición: {X:1230,4501 Y:1230,4501}
[EnemyRenderer] Enemigos activos para dibujar: 1
[Camera] Posición: {X:821,99976 Y:901,99976}, Zoom: 1
[EnemyManager] Enemigo activo en posición: {X:1230,4501 Y:1230,4501}
[EnemyManager] Enemigos activos: 1
[EnemyRenderer] Dibujando enemigo en posición: {X:1230,6167 Y:1230,6167}
[EnemyRenderer] Enemigos activos para dibujar: 1
[Camera] Posición: {X:821,99976 Y:901,99976}, Zoom: 1
[EnemyManager] Enemigo activo en posición: {X:1230,6167 Y:1230,6167}
[EnemyManager] Enemigos activos: 1
[EnemyRenderer] Dibujando enemigo en posición: {X:1230,7833 Y:1230,7833}
[EnemyRenderer] Enemigos activos para dibujar: 1
[Camera] Posición: {X:821,99976 Y:901,99976}, Zoom: 1
[EnemyManager] Enemigo activo en posición: {X:1230,7833 Y:1230,7833}
[EnemyManager] Enemigos activos: 1
[EnemyRenderer] Dibujando enemigo en posición: {X:1230,95 Y:1230,95}
[EnemyRenderer] Enemigos activos para dibujar: 1
[Camera] Posición: {X:821,99976 Y:901,99976}, Zoom: 1
[EnemyManager] Enemigo activo en posición: {X:1230,95 Y:1230,95}
[EnemyManager] Enemigos activos: 1
[EnemyRenderer] Dibujando enemigo en posición: {X:1231,1166 Y:1231,1166}
[EnemyRenderer] Enemigos activos para dibujar: 1
[Camera] Posición: {X:821,99976 Y:901,99976}, Zoom: 1
[EnemyManager] Enemigo activo en posición: {X:1231,1166 Y:1231,1166}
[EnemyManager] Enemigos activos: 1
[EnemyRenderer] Dibujando enemigo en posición: {X:1231,2832 Y:1231,2832}
[EnemyRenderer] Enemigos activos para dibujar: 1
[Camera] Posición: {X:821,99976 Y:901,99976}, Zoom: 1
[EnemyManager] Enemigo activo en posición: {X:1231,2832 Y:1231,2832}
[EnemyManager] Enemigos activos: 1
[EnemyRenderer] Dibujando enemigo en posición: {X:1231,4498 Y:1231,4498}
[EnemyRenderer] Enemigos activos para dibujar: 1
[Camera] Posición: {X:821,99976 Y:901,99976}, Zoom: 1
[EnemyManager] Enemigo activo en posición: {X:1231,4498 Y:1231,4498}
[EnemyManager] Enemigos activos: 1
[EnemyRenderer] Dibujando enemigo en posición: {X:1231,6165 Y:1231,6165}
[EnemyRenderer] Enemigos activos para dibujar: 1
[Camera] Posición: {X:821,99976 Y:901,99976}, Zoom: 1
[EnemyManager] Enemigo activo en posición: {X:1231,6165 Y:1231,6165}
[EnemyManager] Enemigos activos: 1
[EnemyRenderer] Dibujando enemigo en posición: {X:1231,7831 Y:1231,7831}
[EnemyRenderer] Enemigos activos para dibujar: 1
[Camera] Posición: {X:821,99976 Y:901,99976}, Zoom: 1
[EnemyManager] Enemigo activo en posición: {X:1231,7831 Y:1231,7831}
[EnemyManager] Enemigos activos: 1
[EnemyRenderer] Dibujando enemigo en posición: {X:1231,9497 Y:1231,9497}
[EnemyRenderer] Enemigos activos para dibujar: 1
[Camera] Posición: {X:821,99976 Y:901,99976}, Zoom: 1
[EnemyManager] Enemigo activo en posición: {X:1231,9497 Y:1231,9497}
[EnemyManager] Enemigos activos: 1
[EnemyRenderer] Dibujando enemigo en posición: {X:1232,1163 Y:1232,1163}
[EnemyRenderer] Enemigos activos para dibujar: 1
[Camera] Posición: {X:821,99976 Y:901,99976}, Zoom: 1
[EnemyManager] Enemigo activo en posición: {X:1232,1163 Y:1232,1163}
[EnemyManager] Enemigos activos: 1
[EnemyRenderer] Dibujando enemigo en posición: {X:1232,283 Y:1232,283}
[EnemyRenderer] Enemigos activos para dibujar: 1
[Camera] Posición: {X:821,99976 Y:901,99976}, Zoom: 1
[EnemyManager] Enemigo activo en posición: {X:1232,283 Y:1232,283}
[EnemyManager] Enemigos activos: 1
[EnemyRenderer] Dibujando enemigo en posición: {X:1232,4496 Y:1232,4496}
[EnemyRenderer] Enemigos activos para dibujar: 1
[Camera] Posición: {X:821,99976 Y:901,99976}, Zoom: 1
[EnemyManager] Enemigo activo en posición: {X:1232,4496 Y:1232,4496}
[EnemyManager] Enemigos activos: 1
[EnemyRenderer] Dibujando enemigo en posición: {X:1232,6162 Y:1232,6162}
[EnemyRenderer] Enemigos activos para dibujar: 1
[Camera] Posición: {X:821,99976 Y:901,99976}, Zoom: 1
[EnemyManager] Enemigo activo en posición: {X:1232,6162 Y:1232,6162}
[EnemyManager] Enemigos activos: 1
[EnemyRenderer] Dibujando enemigo en posición: {X:1232,7828 Y:1232,7828}
[EnemyRenderer] Enemigos activos para dibujar: 1
[Camera] Posición: {X:821,99976 Y:901,99976}, Zoom: 1
[EnemyManager] Enemigo activo en posición: {X:1232,7828 Y:1232,7828}
[EnemyManager] Enemigos activos: 1
[EnemyRenderer] Dibujando enemigo en posición: {X:1232,9495 Y:1232,9495}
[EnemyRenderer] Enemigos activos para dibujar: 1
[Camera] Posición: {X:821,99976 Y:901,99976}, Zoom: 1
[EnemyManager] Enemigo activo en posición: {X:1232,9495 Y:1232,9495}
[EnemyManager] Enemigos activos: 1
[EnemyRenderer] Dibujando enemigo en posición: {X:1233,1161 Y:1233,1161}
[EnemyRenderer] Enemigos activos para dibujar: 1
[Camera] Posición: {X:821,99976 Y:901,99976}, Zoom: 1
[EnemyManager] Enemigo activo en posición: {X:1233,1161 Y:1233,1161}
[EnemyManager] Enemigos activos: 1
[EnemyRenderer] Dibujando enemigo en posición: {X:1233,2827 Y:1233,2827}
[EnemyRenderer] Enemigos activos para dibujar: 1
[Camera] Posición: {X:821,99976 Y:901,99976}, Zoom: 1
[EnemyManager] Enemigo activo en posición: {X:1233,2827 Y:1233,2827}
[EnemyManager] Enemigos activos: 1
[EnemyRenderer] Dibujando enemigo en posición: {X:1233,4493 Y:1233,4493}
[EnemyRenderer] Enemigos activos para dibujar: 1
[Camera] Posición: {X:821,99976 Y:901,99976}, Zoom: 1
[EnemyManager] Enemigo activo en posición: {X:1233,4493 Y:1233,4493}
[EnemyManager] Enemigos activos: 1
[EnemyRenderer] Dibujando enemigo en posición: {X:1233,616 Y:1233,616}
[EnemyRenderer] Enemigos activos para dibujar: 1
[Camera] Posición: {X:821,99976 Y:901,99976}, Zoom: 1
[EnemyManager] Enemigo activo en posición: {X:1233,616 Y:1233,616}
[EnemyManager] Enemigos activos: 1
[EnemyRenderer] Dibujando enemigo en posición: {X:1233,7826 Y:1233,7826}
[EnemyRenderer] Enemigos activos para dibujar: 1
[Camera] Posición: {X:821,99976 Y:901,99976}, Zoom: 1
[EnemyManager] Enemigo activo en posición: {X:1233,7826 Y:1233,7826}
[EnemyManager] Enemigos activos: 1
[EnemyRenderer] Dibujando enemigo en posición: {X:1233,9492 Y:1233,9492}
[EnemyRenderer] Enemigos activos para dibujar: 1
[Camera] Posición: {X:821,99976 Y:901,99976}, Zoom: 1
[EnemyManager] Enemigo activo en posición: {X:1233,9492 Y:1233,9492}
[EnemyManager] Enemigos activos: 1
[EnemyRenderer] Dibujando enemigo en posición: {X:1234,1158 Y:1234,1158}
[EnemyRenderer] Enemigos activos para dibujar: 1
[Camera] Posición: {X:821,99976 Y:901,99976}, Zoom: 1
[EnemyManager] Enemigo activo en posición: {X:1234,1158 Y:1234,1158}
[EnemyManager] Enemigos activos: 1
[EnemyRenderer] Dibujando enemigo en posición: {X:1234,2825 Y:1234,2825}
[EnemyRenderer] Enemigos activos para dibujar: 1
[Camera] Posición: {X:821,99976 Y:901,99976}, Zoom: 1
[EnemyManager] Enemigo activo en posición: {X:1234,2825 Y:1234,2825}
[EnemyManager] Enemigos activos: 1
[EnemyRenderer] Dibujando enemigo en posición: {X:1234,4491 Y:1234,4491}
[EnemyRenderer] Enemigos activos para dibujar: 1
[Camera] Posición: {X:821,99976 Y:901,99976}, Zoom: 1
[EnemyManager] Enemigo activo en posición: {X:1234,4491 Y:1234,4491}
[EnemyManager] Enemigos activos: 1
[EnemyRenderer] Dibujando enemigo en posición: {X:1234,6157 Y:1234,6157}
[EnemyRenderer] Enemigos activos para dibujar: 1
[Camera] Posición: {X:821,99976 Y:901,99976}, Zoom: 1
[EnemyManager] Enemigo activo en posición: {X:1234,6157 Y:1234,6157}
[EnemyManager] Enemigos activos: 1
[EnemyRenderer] Dibujando enemigo en posición: {X:1234,7823 Y:1234,7823}
[EnemyRenderer] Enemigos activos para dibujar: 1
[Camera] Posición: {X:821,99976 Y:901,99976}, Zoom: 1
[EnemyManager] Enemigo activo en posición: {X:1234,7823 Y:1234,7823}
[EnemyManager] Enemigos activos: 1
[EnemyRenderer] Dibujando enemigo en posición: {X:1234,949 Y:1234,949}
[EnemyRenderer] Enemigos activos para dibujar: 1
[Camera] Posición: {X:821,99976 Y:901,99976}, Zoom: 1
[EnemyManager] Enemigo activo en posición: {X:1234,949 Y:1234,949}
[EnemyManager] Enemigos activos: 1
[EnemyRenderer] Dibujando enemigo en posición: {X:1235,1156 Y:1235,1156}
[EnemyRenderer] Enemigos activos para dibujar: 1
[Camera] Posición: {X:821,99976 Y:901,99976}, Zoom: 1
[EnemyManager] Enemigo activo en posición: {X:1235,1156 Y:1235,1156}
[EnemyManager] Enemigos activos: 1
[EnemyRenderer] Dibujando enemigo en posición: {X:1235,2822 Y:1235,2822}
[EnemyRenderer] Enemigos activos para dibujar: 1
[Camera] Posición: {X:821,99976 Y:901,99976}, Zoom: 1
[EnemyManager] Enemigo activo en posición: {X:1235,2822 Y:1235,2822}
[EnemyManager] Enemigos activos: 1
[EnemyRenderer] Dibujando enemigo en posición: {X:1235,4489 Y:1235,4489}
[EnemyRenderer] Enemigos activos para dibujar: 1
[Camera] Posición: {X:821,99976 Y:901,99976}, Zoom: 1
[EnemyManager] Enemigo activo en posición: {X:1235,4489 Y:1235,4489}
[EnemyManager] Enemigos activos: 1
[EnemyRenderer] Dibujando enemigo en posición: {X:1235,6155 Y:1235,6155}
[EnemyRenderer] Enemigos activos para dibujar: 1
[Camera] Posición: {X:821,99976 Y:901,99976}, Zoom: 1
[EnemyManager] Enemigo activo en posición: {X:1235,6155 Y:1235,6155}
[EnemyManager] Enemigos activos: 1
[EnemyRenderer] Dibujando enemigo en posición: {X:1235,7821 Y:1235,7821}
[EnemyRenderer] Enemigos activos para dibujar: 1
[Camera] Posición: {X:821,99976 Y:901,99976}, Zoom: 1
[EnemyManager] Enemigo activo en posición: {X:1235,7821 Y:1235,7821}
[EnemyManager] Enemigos activos: 1
[EnemyRenderer] Dibujando enemigo en posición: {X:1235,9487 Y:1235,9487}
[EnemyRenderer] Enemigos activos para dibujar: 1
[Camera] Posición: {X:821,99976 Y:901,99976}, Zoom: 1
[EnemyManager] Enemigo activo en posición: {X:1235,9487 Y:1235,9487}
[EnemyManager] Enemigos activos: 1
[EnemyRenderer] Dibujando enemigo en posición: {X:1236,1154 Y:1236,1154}
[EnemyRenderer] Enemigos activos para dibujar: 1
[Camera] Posición: {X:821,99976 Y:901,99976}, Zoom: 1
[EnemyManager] Enemigo activo en posición: {X:1236,1154 Y:1236,1154}
[EnemyManager] Enemigos activos: 1
[EnemyRenderer] Dibujando enemigo en posición: {X:1236,282 Y:1236,282}
[EnemyRenderer] Enemigos activos para dibujar: 1
[Camera] Posición: {X:821,99976 Y:901,99976}, Zoom: 1
[EnemyManager] Enemigo activo en posición: {X:1236,282 Y:1236,282}
[EnemyManager] Enemigos activos: 1
[EnemyRenderer] Dibujando enemigo en posición: {X:1236,4486 Y:1236,4486}
[EnemyRenderer] Enemigos activos para dibujar: 1
[Camera] Posición: {X:821,99976 Y:901,99976}, Zoom: 1
[EnemyManager] Enemigo activo en posición: {X:1236,4486 Y:1236,4486}
[EnemyManager] Enemigos activos: 1
[EnemyRenderer] Dibujando enemigo en posición: {X:1236,6152 Y:1236,6152}
[EnemyRenderer] Enemigos activos para dibujar: 1
[Camera] Posición: {X:821,99976 Y:901,99976}, Zoom: 1
[EnemyManager] Enemigo activo en posición: {X:1236,6152 Y:1236,6152}
[EnemyManager] Enemigos activos: 1
[EnemyRenderer] Dibujando enemigo en posición: {X:1236,7819 Y:1236,7819}
[EnemyRenderer] Enemigos activos para dibujar: 1
[Camera] Posición: {X:821,99976 Y:901,99976}, Zoom: 1
[EnemyManager] Enemigo activo en posición: {X:1236,7819 Y:1236,7819}
[EnemyManager] Enemigos activos: 1
[EnemyRenderer] Dibujando enemigo en posición: {X:1236,9485 Y:1236,9485}
[EnemyRenderer] Enemigos activos para dibujar: 1
[Camera] Posición: {X:821,99976 Y:901,99976}, Zoom: 1
[EnemyManager] Enemigo activo en posición: {X:1236,9485 Y:1236,9485}
[EnemyManager] Enemigos activos: 1
[EnemyRenderer] Dibujando enemigo en posición: {X:1237,1151 Y:1237,1151}
[EnemyRenderer] Enemigos activos para dibujar: 1
[Camera] Posición: {X:821,99976 Y:901,99976}, Zoom: 1
[EnemyManager] Enemigo activo en posición: {X:1237,1151 Y:1237,1151}
[EnemyManager] Enemigos activos: 1
[EnemyRenderer] Dibujando enemigo en posición: {X:1237,2817 Y:1237,2817}
[EnemyRenderer] Enemigos activos para dibujar: 1
[Camera] Posición: {X:821,99976 Y:901,99976}, Zoom: 1
[EnemyManager] Enemigo activo en posición: {X:1237,2817 Y:1237,2817}
[EnemyManager] Enemigos activos: 1
[EnemyRenderer] Dibujando enemigo en posición: {X:1237,4484 Y:1237,4484}
[EnemyRenderer] Enemigos activos para dibujar: 1
[Camera] Posición: {X:821,99976 Y:901,99976}, Zoom: 1
[EnemyManager] Enemigo activo en posición: {X:1237,4484 Y:1237,4484}
[EnemyManager] Enemigos activos: 1
[EnemyRenderer] Dibujando enemigo en posición: {X:1237,615 Y:1237,615}
[EnemyRenderer] Enemigos activos para dibujar: 1
[Camera] Posición: {X:821,99976 Y:901,99976}, Zoom: 1
[EnemyManager] Enemigo activo en posición: {X:1237,615 Y:1237,615}
[EnemyManager] Enemigos activos: 1
[EnemyRenderer] Dibujando enemigo en posición: {X:1237,7816 Y:1237,7816}
[EnemyRenderer] Enemigos activos para dibujar: 1
[Camera] Posición: {X:821,99976 Y:901,99976}, Zoom: 1
[EnemyManager] Enemigo activo en posición: {X:1237,7816 Y:1237,7816}
[EnemyManager] Enemigos activos: 1
[EnemyRenderer] Dibujando enemigo en posición: {X:1237,9482 Y:1237,9482}
[EnemyRenderer] Enemigos activos para dibujar: 1
[Camera] Posición: {X:821,99976 Y:901,99976}, Zoom: 1
[EnemyManager] Enemigo activo en posición: {X:1237,9482 Y:1237,9482}
[EnemyManager] Enemigos activos: 1
[EnemyRenderer] Dibujando enemigo en posición: {X:1238,1149 Y:1238,1149}
[EnemyRenderer] Enemigos activos para dibujar: 1
[Camera] Posición: {X:821,99976 Y:901,99976}, Zoom: 1
[EnemyManager] Enemigo activo en posición: {X:1238,1149 Y:1238,1149}
[EnemyManager] Enemigos activos: 1
[EnemyRenderer] Dibujando enemigo en posición: {X:1238,2815 Y:1238,2815}
[EnemyRenderer] Enemigos activos para dibujar: 1
[Camera] Posición: {X:821,99976 Y:901,99976}, Zoom: 1
[EnemyManager] Enemigo activo en posición: {X:1238,2815 Y:1238,2815}
[EnemyManager] Enemigos activos: 1
[EnemyRenderer] Dibujando enemigo en posición: {X:1238,4481 Y:1238,4481}
[EnemyRenderer] Enemigos activos para dibujar: 1
[Camera] Posición: {X:821,99976 Y:901,99976}, Zoom: 1
[EnemyManager] Enemigo activo en posición: {X:1238,4481 Y:1238,4481}
[EnemyManager] Enemigos activos: 1
[EnemyRenderer] Dibujando enemigo en posición: {X:1238,6147 Y:1238,6147}
[EnemyRenderer] Enemigos activos para dibujar: 1
[Camera] Posición: {X:821,99976 Y:901,99976}, Zoom: 1
[EnemyManager] Enemigo activo en posición: {X:1238,6147 Y:1238,6147}
[EnemyManager] Enemigos activos: 1
[EnemyRenderer] Dibujando enemigo en posición: {X:1238,7814 Y:1238,7814}
[EnemyRenderer] Enemigos activos para dibujar: 1
[Camera] Posición: {X:821,99976 Y:901,99976}, Zoom: 1
[EnemyManager] Enemigo activo en posición: {X:1238,7814 Y:1238,7814}
[EnemyManager] Enemigos activos: 1
[EnemyRenderer] Dibujando enemigo en posición: {X:1238,948 Y:1238,948}
[EnemyRenderer] Enemigos activos para dibujar: 1
[Camera] Posición: {X:821,99976 Y:901,99976}, Zoom: 1
[EnemyManager] Enemigo activo en posición: {X:1238,948 Y:1238,948}
[EnemyManager] Enemigos activos: 1
[EnemyRenderer] Dibujando enemigo en posición: {X:1239,1146 Y:1239,1146}
[EnemyRenderer] Enemigos activos para dibujar: 1
[Camera] Posición: {X:821,99976 Y:901,99976}, Zoom: 1
[EnemyManager] Enemigo activo en posición: {X:1239,1146 Y:1239,1146}
[EnemyManager] Enemigos activos: 1
[EnemyRenderer] Dibujando enemigo en posición: {X:1239,2812 Y:1239,2812}
[EnemyRenderer] Enemigos activos para dibujar: 1
[Camera] Posición: {X:821,99976 Y:901,99976}, Zoom: 1
[EnemyManager] Enemigo activo en posición: {X:1239,2812 Y:1239,2812}
[EnemyManager] Enemigos activos: 1
[EnemyRenderer] Dibujando enemigo en posición: {X:1239,4479 Y:1239,4479}
[EnemyRenderer] Enemigos activos para dibujar: 1
[Camera] Posición: {X:821,99976 Y:901,99976}, Zoom: 1
[EnemyManager] Enemigo activo en posición: {X:1239,4479 Y:1239,4479}
[EnemyManager] Enemigos activos: 1
[EnemyRenderer] Dibujando enemigo en posición: {X:1239,6145 Y:1239,6145}
[EnemyRenderer] Enemigos activos para dibujar: 1
[Camera] Posición: {X:821,99976 Y:901,99976}, Zoom: 1
[EnemyManager] Enemigo activo en posición: {X:1239,6145 Y:1239,6145}
[EnemyManager] Enemigos activos: 1
[EnemyRenderer] Dibujando enemigo en posición: {X:1239,7811 Y:1239,7811}
[EnemyRenderer] Enemigos activos para dibujar: 1
[Camera] Posición: {X:821,99976 Y:901,99976}, Zoom: 1
[EnemyManager] Enemigo activo en posición: {X:1239,7811 Y:1239,7811}
[EnemyManager] Enemigos activos: 1
[EnemyRenderer] Dibujando enemigo en posición: {X:1239,9478 Y:1239,9478}
[EnemyRenderer] Enemigos activos para dibujar: 1
[Camera] Posición: {X:821,99976 Y:901,99976}, Zoom: 1
[EnemyManager] Enemigo activo en posición: {X:1239,9478 Y:1239,9478}
[EnemyManager] Enemigos activos: 1
[EnemyRenderer] Dibujando enemigo en posición: {X:1240,1144 Y:1240,1144}
[EnemyRenderer] Enemigos activos para dibujar: 1
[Camera] Posición: {X:821,99976 Y:901,99976}, Zoom: 1
[EnemyManager] Enemigo activo en posición: {X:1240,1144 Y:1240,1144}
[EnemyManager] Enemigos activos: 1
[EnemyRenderer] Dibujando enemigo en posición: {X:1240,281 Y:1240,281}
[EnemyRenderer] Enemigos activos para dibujar: 1
[Camera] Posición: {X:821,99976 Y:901,99976}, Zoom: 1
[EnemyManager] Enemigo activo en posición: {X:1240,281 Y:1240,281}
[EnemyManager] Enemigos activos: 1
[EnemyRenderer] Dibujando enemigo en posición: {X:1240,4476 Y:1240,4476}
[EnemyRenderer] Enemigos activos para dibujar: 1
[Camera] Posición: {X:821,99976 Y:901,99976}, Zoom: 1
[EnemyManager] Enemigo activo en posición: {X:1240,4476 Y:1240,4476}
[EnemyManager] Enemigos activos: 1
[EnemyRenderer] Dibujando enemigo en posición: {X:1240,6143 Y:1240,6143}
[EnemyRenderer] Enemigos activos para dibujar: 1
[Camera] Posición: {X:821,99976 Y:901,99976}, Zoom: 1
[EnemyManager] Enemigo activo en posición: {X:1240,6143 Y:1240,6143}
[EnemyManager] Enemigos activos: 1
[EnemyRenderer] Dibujando enemigo en posición: {X:1240,7809 Y:1240,7809}
[EnemyRenderer] Enemigos activos para dibujar: 1
[Camera] Posición: {X:821,99976 Y:901,99976}, Zoom: 1
[EnemyManager] Enemigo activo en posición: {X:1240,7809 Y:1240,7809}
[EnemyManager] Enemigos activos: 1
[EnemyRenderer] Dibujando enemigo en posición: {X:1240,9475 Y:1240,9475}
[EnemyRenderer] Enemigos activos para dibujar: 1
[Camera] Posición: {X:821,99976 Y:901,99976}, Zoom: 1
[EnemyManager] Enemigo activo en posición: {X:1240,9475 Y:1240,9475}
[EnemyManager] Enemigos activos: 1
[EnemyRenderer] Dibujando enemigo en posición: {X:1241,1141 Y:1241,1141}
[EnemyRenderer] Enemigos activos para dibujar: 1
[Camera] Posición: {X:821,99976 Y:901,99976}, Zoom: 1
[EnemyManager] Enemigo activo en posición: {X:1241,1141 Y:1241,1141}
[EnemyManager] Enemigos activos: 1
[EnemyRenderer] Dibujando enemigo en posición: {X:1241,2808 Y:1241,2808}
[EnemyRenderer] Enemigos activos para dibujar: 1
[Camera] Posición: {X:821,99976 Y:901,99976}, Zoom: 1
[EnemyManager] Enemigo activo en posición: {X:1241,2808 Y:1241,2808}
[EnemyManager] Enemigos activos: 1
[EnemyRenderer] Dibujando enemigo en posición: {X:1241,4474 Y:1241,4474}
[EnemyRenderer] Enemigos activos para dibujar: 1
[Camera] Posición: {X:821,99976 Y:901,99976}, Zoom: 1
[EnemyManager] Enemigo activo en posición: {X:1241,4474 Y:1241,4474}
[EnemyManager] Enemigos activos: 1
[EnemyRenderer] Dibujando enemigo en posición: {X:1241,614 Y:1241,614}
[EnemyRenderer] Enemigos activos para dibujar: 1
[Camera] Posición: {X:821,99976 Y:901,99976}, Zoom: 1
[EnemyManager] Enemigo activo en posición: {X:1241,614 Y:1241,614}
[EnemyManager] Enemigos activos: 1
[EnemyRenderer] Dibujando enemigo en posición: {X:1241,7806 Y:1241,7806}
[EnemyRenderer] Enemigos activos para dibujar: 1
[Camera] Posición: {X:821,99976 Y:901,99976}, Zoom: 1
[EnemyManager] Enemigo activo en posición: {X:1241,7806 Y:1241,7806}
[EnemyManager] Enemigos activos: 1
[EnemyRenderer] Dibujando enemigo en posición: {X:1241,9473 Y:1241,9473}
[EnemyRenderer] Enemigos activos para dibujar: 1
[Camera] Posición: {X:821,99976 Y:901,99976}, Zoom: 1
[EnemyManager] Enemigo activo en posición: {X:1241,9473 Y:1241,9473}
[EnemyManager] Enemigos activos: 1
[EnemyRenderer] Dibujando enemigo en posición: {X:1242,1139 Y:1242,1139}
[EnemyRenderer] Enemigos activos para dibujar: 1
[Camera] Posición: {X:821,99976 Y:901,99976}, Zoom: 1
[EnemyManager] Enemigo activo en posición: {X:1242,1139 Y:1242,1139}
[EnemyManager] Enemigos activos: 1
[EnemyRenderer] Dibujando enemigo en posición: {X:1242,2805 Y:1242,2805}
[EnemyRenderer] Enemigos activos para dibujar: 1
[Camera] Posición: {X:821,99976 Y:901,99976}, Zoom: 1
[EnemyManager] Enemigo activo en posición: {X:1242,2805 Y:1242,2805}
[EnemyManager] Enemigos activos: 1
[EnemyRenderer] Dibujando enemigo en posición: {X:1242,4471 Y:1242,4471}
[EnemyRenderer] Enemigos activos para dibujar: 1
[Camera] Posición: {X:821,99976 Y:901,99976}, Zoom: 1
[EnemyManager] Enemigo activo en posición: {X:1242,4471 Y:1242,4471}
[EnemyManager] Enemigos activos: 1
[EnemyRenderer] Dibujando enemigo en posición: {X:1242,6138 Y:1242,6138}
[EnemyRenderer] Enemigos activos para dibujar: 1
[Camera] Posición: {X:821,99976 Y:901,99976}, Zoom: 1
[EnemyManager] Enemigo activo en posición: {X:1242,6138 Y:1242,6138}
[EnemyManager] Enemigos activos: 1
[EnemyRenderer] Dibujando enemigo en posición: {X:1242,7804 Y:1242,7804}
[EnemyRenderer] Enemigos activos para dibujar: 1
[Camera] Posición: {X:821,99976 Y:901,99976}, Zoom: 1
[EnemyManager] Enemigo activo en posición: {X:1242,7804 Y:1242,7804}
[EnemyManager] Enemigos activos: 1
[EnemyRenderer] Dibujando enemigo en posición: {X:1242,947 Y:1242,947}
[EnemyRenderer] Enemigos activos para dibujar: 1
[Camera] Posición: {X:821,99976 Y:901,99976}, Zoom: 1
[EnemyManager] Enemigo activo en posición: {X:1242,947 Y:1242,947}
[EnemyManager] Enemigos activos: 1
[EnemyRenderer] Dibujando enemigo en posición: {X:1243,1136 Y:1243,1136}
[EnemyRenderer] Enemigos activos para dibujar: 1
[Camera] Posición: {X:821,99976 Y:901,99976}, Zoom: 1
[EnemyManager] Enemigo activo en posición: {X:1243,1136 Y:1243,1136}
[EnemyManager] Enemigos activos: 1
[EnemyRenderer] Dibujando enemigo en posición: {X:1243,2803 Y:1243,2803}
[EnemyRenderer] Enemigos activos para dibujar: 1
[Camera] Posición: {X:821,99976 Y:901,99976}, Zoom: 1
[EnemyManager] Enemigo activo en posición: {X:1243,2803 Y:1243,2803}
[EnemyManager] Enemigos activos: 1
[EnemyRenderer] Dibujando enemigo en posición: {X:1243,4469 Y:1243,4469}
[EnemyRenderer] Enemigos activos para dibujar: 1
[Camera] Posición: {X:821,99976 Y:901,99976}, Zoom: 1
[EnemyManager] Enemigo activo en posición: {X:1243,4469 Y:1243,4469}
[EnemyManager] Enemigos activos: 1
[EnemyRenderer] Dibujando enemigo en posición: {X:1243,6135 Y:1243,6135}
[EnemyRenderer] Enemigos activos para dibujar: 1
[Camera] Posición: {X:821,99976 Y:901,99976}, Zoom: 1
[EnemyManager] Enemigo activo en posición: {X:1243,6135 Y:1243,6135}
[EnemyManager] Enemigos activos: 1
[EnemyRenderer] Dibujando enemigo en posición: {X:1243,7802 Y:1243,7802}
[EnemyRenderer] Enemigos activos para dibujar: 1
[Camera] Posición: {X:821,99976 Y:901,99976}, Zoom: 1
[EnemyManager] Enemigo activo en posición: {X:1243,7802 Y:1243,7802}
[EnemyManager] Enemigos activos: 1
[EnemyRenderer] Dibujando enemigo en posición: {X:1243,9468 Y:1243,9468}
[EnemyRenderer] Enemigos activos para dibujar: 1
[Camera] Posición: {X:821,99976 Y:901,99976}, Zoom: 1
[EnemyManager] Enemigo activo en posición: {X:1243,9468 Y:1243,9468}
[EnemyManager] Enemigos activos: 1
[EnemyRenderer] Dibujando enemigo en posición: {X:1244,1134 Y:1244,1134}
[EnemyRenderer] Enemigos activos para dibujar: 1
[Camera] Posición: {X:821,99976 Y:901,99976}, Zoom: 1
[EnemyManager] Enemigo activo en posición: {X:1244,1134 Y:1244,1134}
[EnemyManager] Enemigos activos: 1
[EnemyRenderer] Dibujando enemigo en posición: {X:1244,28 Y:1244,28}
[EnemyRenderer] Enemigos activos para dibujar: 1
[Camera] Posición: {X:821,99976 Y:901,99976}, Zoom: 1
[EnemyManager] Enemigo activo en posición: {X:1244,28 Y:1244,28}
[EnemyManager] Enemigos activos: 1
[EnemyRenderer] Dibujando enemigo en posición: {X:1244,4467 Y:1244,4467}
[EnemyRenderer] Enemigos activos para dibujar: 1
[Camera] Posición: {X:821,99976 Y:901,99976}, Zoom: 1
[EnemyManager] Enemigo activo en posición: {X:1244,4467 Y:1244,4467}
[EnemyManager] Enemigos activos: 1
[EnemyRenderer] Dibujando enemigo en posición: {X:1244,6133 Y:1244,6133}
[EnemyRenderer] Enemigos activos para dibujar: 1
[Camera] Posición: {X:821,99976 Y:901,99976}, Zoom: 1
[EnemyManager] Enemigo activo en posición: {X:1244,6133 Y:1244,6133}
[EnemyManager] Enemigos activos: 1
[EnemyRenderer] Dibujando enemigo en posición: {X:1244,7799 Y:1244,7799}
[EnemyRenderer] Enemigos activos para dibujar: 1
[Camera] Posición: {X:821,99976 Y:901,99976}, Zoom: 1
[EnemyManager] Enemigo activo en posición: {X:1244,7799 Y:1244,7799}
[EnemyManager] Enemigos activos: 1
[EnemyRenderer] Dibujando enemigo en posición: {X:1244,9465 Y:1244,9465}
[EnemyRenderer] Enemigos activos para dibujar: 1
[Camera] Posición: {X:821,99976 Y:901,99976}, Zoom: 1
[EnemyManager] Enemigo activo en posición: {X:1244,9465 Y:1244,9465}
[EnemyManager] Enemigos activos: 1
[EnemyRenderer] Dibujando enemigo en posición: {X:1245,1132 Y:1245,1132}
[EnemyRenderer] Enemigos activos para dibujar: 1
[Camera] Posición: {X:821,99976 Y:901,99976}, Zoom: 1
[EnemyManager] Enemigo activo en posición: {X:1245,1132 Y:1245,1132}
[EnemyManager] Enemigos activos: 1
[EnemyRenderer] Dibujando enemigo en posición: {X:1245,2798 Y:1245,2798}
[EnemyRenderer] Enemigos activos para dibujar: 1
[Camera] Posición: {X:821,99976 Y:901,99976}, Zoom: 1
[EnemyManager] Enemigo activo en posición: {X:1245,2798 Y:1245,2798}
[EnemyManager] Enemigos activos: 1
[EnemyRenderer] Dibujando enemigo en posición: {X:1245,4464 Y:1245,4464}
[EnemyRenderer] Enemigos activos para dibujar: 1
[Camera] Posición: {X:821,99976 Y:901,99976}, Zoom: 1
[EnemyManager] Enemigo activo en posición: {X:1245,4464 Y:1245,4464}
[EnemyManager] Enemigos activos: 1
[EnemyRenderer] Dibujando enemigo en posición: {X:1245,613 Y:1245,613}
[EnemyRenderer] Enemigos activos para dibujar: 1
[Camera] Posición: {X:821,99976 Y:901,99976}, Zoom: 1
[EnemyManager] Enemigo activo en posición: {X:1245,613 Y:1245,613}
[EnemyManager] Enemigos activos: 1
[EnemyRenderer] Dibujando enemigo en posición: {X:1245,7797 Y:1245,7797}
[EnemyRenderer] Enemigos activos para dibujar: 1
[Camera] Posición: {X:821,99976 Y:901,99976}, Zoom: 1
[EnemyManager] Enemigo activo en posición: {X:1245,7797 Y:1245,7797}
[EnemyManager] Enemigos activos: 1
[EnemyRenderer] Dibujando enemigo en posición: {X:1245,9463 Y:1245,9463}
[EnemyRenderer] Enemigos activos para dibujar: 1
[Camera] Posición: {X:821,99976 Y:901,99976}, Zoom: 1
[EnemyManager] Enemigo activo en posición: {X:1245,9463 Y:1245,9463}
[EnemyManager] Enemigos activos: 1
[EnemyRenderer] Dibujando enemigo en posición: {X:1246,1129 Y:1246,1129}
[EnemyRenderer] Enemigos activos para dibujar: 1
[Camera] Posición: {X:821,99976 Y:901,99976}, Zoom: 1
[EnemyManager] Enemigo activo en posición: {X:1246,1129 Y:1246,1129}
[EnemyManager] Enemigos activos: 1
[EnemyRenderer] Dibujando enemigo en posición: {X:1246,2795 Y:1246,2795}
[EnemyRenderer] Enemigos activos para dibujar: 1
[Camera] Posición: {X:821,99976 Y:901,99976}, Zoom: 1
[EnemyManager] Enemigo activo en posición: {X:1246,2795 Y:1246,2795}
[EnemyManager] Enemigos activos: 1
[EnemyRenderer] Dibujando enemigo en posición: {X:1246,4462 Y:1246,4462}
[EnemyRenderer] Enemigos activos para dibujar: 1
[Camera] Posición: {X:821,99976 Y:901,99976}, Zoom: 1
[EnemyManager] Enemigo activo en posición: {X:1246,4462 Y:1246,4462}
[EnemyManager] Enemigos activos: 1
[EnemyRenderer] Dibujando enemigo en posición: {X:1246,6128 Y:1246,6128}
[EnemyRenderer] Enemigos activos para dibujar: 1
[Camera] Posición: {X:821,99976 Y:901,99976}, Zoom: 1
[EnemyManager] Enemigo activo en posición: {X:1246,6128 Y:1246,6128}
[EnemyManager] Enemigos activos: 1
[EnemyRenderer] Dibujando enemigo en posición: {X:1246,7794 Y:1246,7794}
[EnemyRenderer] Enemigos activos para dibujar: 1
[Camera] Posición: {X:821,99976 Y:901,99976}, Zoom: 1
[EnemyManager] Enemigo activo en posición: {X:1246,7794 Y:1246,7794}
[EnemyManager] Enemigos activos: 1
[EnemyRenderer] Dibujando enemigo en posición: {X:1246,946 Y:1246,946}
[EnemyRenderer] Enemigos activos para dibujar: 1
[Camera] Posición: {X:821,99976 Y:901,99976}, Zoom: 1
[EnemyManager] Enemigo activo en posición: {X:1246,946 Y:1246,946}
[EnemyManager] Enemigos activos: 1
[EnemyRenderer] Dibujando enemigo en posición: {X:1247,1127 Y:1247,1127}
[EnemyRenderer] Enemigos activos para dibujar: 1
[Camera] Posición: {X:821,99976 Y:901,99976}, Zoom: 1
[EnemyManager] Enemigo activo en posición: {X:1247,1127 Y:1247,1127}
[EnemyManager] Enemigos activos: 1
[EnemyRenderer] Dibujando enemigo en posición: {X:1247,2793 Y:1247,2793}
[EnemyRenderer] Enemigos activos para dibujar: 1
[Camera] Posición: {X:821,99976 Y:901,99976}, Zoom: 1
[EnemyManager] Enemigo activo en posición: {X:1247,2793 Y:1247,2793}
[EnemyManager] Enemigos activos: 1
[EnemyRenderer] Dibujando enemigo en posición: {X:1247,4459 Y:1247,4459}
[EnemyRenderer] Enemigos activos para dibujar: 1
[Camera] Posición: {X:821,99976 Y:901,99976}, Zoom: 1
[EnemyManager] Enemigo activo en posición: {X:1247,4459 Y:1247,4459}
[EnemyManager] Enemigos activos: 1
[EnemyRenderer] Dibujando enemigo en posición: {X:1247,6125 Y:1247,6125}
[EnemyRenderer] Enemigos activos para dibujar: 1
[Camera] Posición: {X:821,99976 Y:901,99976}, Zoom: 1
[EnemyManager] Enemigo activo en posición: {X:1247,6125 Y:1247,6125}
[EnemyManager] Enemigos activos: 1
[EnemyRenderer] Dibujando enemigo en posición: {X:1247,7792 Y:1247,7792}
[EnemyRenderer] Enemigos activos para dibujar: 1
[Camera] Posición: {X:821,99976 Y:901,99976}, Zoom: 1
[EnemyManager] Enemigo activo en posición: {X:1247,7792 Y:1247,7792}
[EnemyManager] Enemigos activos: 1
[EnemyRenderer] Dibujando enemigo en posición: {X:1247,9458 Y:1247,9458}
[EnemyRenderer] Enemigos activos para dibujar: 1
[Camera] Posición: {X:821,99976 Y:901,99976}, Zoom: 1
[EnemyManager] Enemigo activo en posición: {X:1247,9458 Y:1247,9458}
[EnemyManager] Enemigos activos: 1
[EnemyRenderer] Dibujando enemigo en posición: {X:1248,1124 Y:1248,1124}
[EnemyRenderer] Enemigos activos para dibujar: 1
[Camera] Posición: {X:821,99976 Y:901,99976}, Zoom: 1
[EnemyManager] Enemigo activo en posición: {X:1248,1124 Y:1248,1124}
[EnemyManager] Enemigos activos: 1
[EnemyRenderer] Dibujando enemigo en posición: {X:1248,279 Y:1248,279}
[EnemyRenderer] Enemigos activos para dibujar: 1
[Camera] Posición: {X:821,99976 Y:901,99976}, Zoom: 1
[EnemyManager] Enemigo activo en posición: {X:1248,279 Y:1248,279}
[EnemyManager] Enemigos activos: 1
[EnemyRenderer] Dibujando enemigo en posición: {X:1248,4457 Y:1248,4457}
[EnemyRenderer] Enemigos activos para dibujar: 1
[Camera] Posición: {X:821,99976 Y:901,99976}, Zoom: 1
[EnemyManager] Enemigo activo en posición: {X:1248,4457 Y:1248,4457}
[EnemyManager] Enemigos activos: 1
[EnemyRenderer] Dibujando enemigo en posición: {X:1248,6123 Y:1248,6123}
[EnemyRenderer] Enemigos activos para dibujar: 1
[Camera] Posición: {X:821,99976 Y:901,99976}, Zoom: 1
[EnemyManager] Enemigo activo en posición: {X:1248,6123 Y:1248,6123}
[EnemyManager] Enemigos activos: 1
[EnemyRenderer] Dibujando enemigo en posición: {X:1248,7789 Y:1248,7789}
[EnemyRenderer] Enemigos activos para dibujar: 1
[Camera] Posición: {X:821,99976 Y:901,99976}, Zoom: 1
[EnemyManager] Enemigo activo en posición: {X:1248,7789 Y:1248,7789}
[EnemyManager] Enemigos activos: 1
[EnemyRenderer] Dibujando enemigo en posición: {X:1248,9456 Y:1248,9456}
[EnemyRenderer] Enemigos activos para dibujar: 1
[Camera] Posición: {X:821,99976 Y:901,99976}, Zoom: 1
[EnemyManager] Enemigo activo en posición: {X:1248,9456 Y:1248,9456}
[EnemyManager] Enemigos activos: 1
[EnemyRenderer] Dibujando enemigo en posición: {X:1249,1122 Y:1249,1122}
[EnemyRenderer] Enemigos activos para dibujar: 1
[Camera] Posición: {X:821,99976 Y:901,99976}, Zoom: 1
[EnemyManager] Enemigo activo en posición: {X:1249,1122 Y:1249,1122}
[EnemyManager] Enemigos activos: 1
[EnemyRenderer] Dibujando enemigo en posición: {X:1249,2788 Y:1249,2788}
[EnemyRenderer] Enemigos activos para dibujar: 1
[Camera] Posición: {X:821,99976 Y:901,99976}, Zoom: 1
[EnemyManager] Enemigo activo en posición: {X:1249,2788 Y:1249,2788}
[EnemyManager] Enemigos activos: 1
[EnemyRenderer] Dibujando enemigo en posición: {X:1249,4454 Y:1249,4454}
[EnemyRenderer] Enemigos activos para dibujar: 1
[Camera] Posición: {X:821,99976 Y:901,99976}, Zoom: 1
[EnemyManager] Enemigo activo en posición: {X:1249,4454 Y:1249,4454}
[EnemyManager] Enemigos activos: 1
[EnemyRenderer] Dibujando enemigo en posición: {X:1249,612 Y:1249,612}
[EnemyRenderer] Enemigos activos para dibujar: 1
[Camera] Posición: {X:821,99976 Y:901,99976}, Zoom: 1
[EnemyManager] Enemigo activo en posición: {X:1249,612 Y:1249,612}
[EnemyManager] Enemigos activos: 1
[EnemyRenderer] Dibujando enemigo en posición: {X:1249,7787 Y:1249,7787}
[EnemyRenderer] Enemigos activos para dibujar: 1
[Camera] Posición: {X:821,99976 Y:901,99976}, Zoom: 1
[EnemyManager] Enemigo activo en posición: {X:1249,7787 Y:1249,7787}
[EnemyManager] Enemigos activos: 1
[EnemyRenderer] Dibujando enemigo en posición: {X:1249,9453 Y:1249,9453}
[EnemyRenderer] Enemigos activos para dibujar: 1
[Camera] Posición: {X:821,99976 Y:901,99976}, Zoom: 1
[EnemyManager] Enemigo activo en posición: {X:1249,9453 Y:1249,9453}
[EnemyManager] Enemigos activos: 1
[EnemyRenderer] Dibujando enemigo en posición: {X:1250,1119 Y:1250,1119}
[EnemyRenderer] Enemigos activos para dibujar: 1
[Camera] Posición: {X:821,99976 Y:901,99976}, Zoom: 1
[EnemyManager] Enemigo activo en posición: {X:1250,1119 Y:1250,1119}
[EnemyManager] Enemigos activos: 1
[EnemyRenderer] Dibujando enemigo en posición: {X:1250,2786 Y:1250,2786}
[EnemyRenderer] Enemigos activos para dibujar: 1
[Camera] Posición: {X:821,99976 Y:901,99976}, Zoom: 1
[EnemyManager] Enemigo activo en posición: {X:1250,2786 Y:1250,2786}
[EnemyManager] Enemigos activos: 1
[EnemyRenderer] Dibujando enemigo en posición: {X:1250,4452 Y:1250,4452}
[EnemyRenderer] Enemigos activos para dibujar: 1
[Camera] Posición: {X:821,99976 Y:901,99976}, Zoom: 1
[EnemyManager] Enemigo activo en posición: {X:1250,4452 Y:1250,4452}
[EnemyManager] Enemigos activos: 1
[EnemyRenderer] Dibujando enemigo en posición: {X:1250,6118 Y:1250,6118}
[EnemyRenderer] Enemigos activos para dibujar: 1
[Camera] Posición: {X:821,99976 Y:901,99976}, Zoom: 1
[EnemyManager] Enemigo activo en posición: {X:1250,6118 Y:1250,6118}
[EnemyManager] Enemigos activos: 1
[EnemyRenderer] Dibujando enemigo en posición: {X:1250,7784 Y:1250,7784}
[EnemyRenderer] Enemigos activos para dibujar: 1
[Camera] Posición: {X:821,99976 Y:901,99976}, Zoom: 1
[EnemyManager] Enemigo activo en posición: {X:1250,7784 Y:1250,7784}
[EnemyManager] Enemigos activos: 1
[EnemyRenderer] Dibujando enemigo en posición: {X:1250,9451 Y:1250,9451}
[EnemyRenderer] Enemigos activos para dibujar: 1
[Camera] Posición: {X:821,99976 Y:901,99976}, Zoom: 1
[EnemyManager] Enemigo activo en posición: {X:1250,9451 Y:1250,9451}
[EnemyManager] Enemigos activos: 1
[EnemyRenderer] Dibujando enemigo en posición: {X:1251,1117 Y:1251,1117}
[EnemyRenderer] Enemigos activos para dibujar: 1
[Camera] Posición: {X:821,99976 Y:901,99976}, Zoom: 1
[EnemyManager] Enemigo activo en posición: {X:1251,1117 Y:1251,1117}
[EnemyManager] Enemigos activos: 1
[EnemyRenderer] Dibujando enemigo en posición: {X:1251,2783 Y:1251,2783}
[EnemyRenderer] Enemigos activos para dibujar: 1
[Camera] Posición: {X:821,99976 Y:901,99976}, Zoom: 1
[EnemyManager] Enemigo activo en posición: {X:1251,2783 Y:1251,2783}
[EnemyManager] Enemigos activos: 1
[EnemyRenderer] Dibujando enemigo en posición: {X:1251,445 Y:1251,445}
[EnemyRenderer] Enemigos activos para dibujar: 1
[Camera] Posición: {X:821,99976 Y:901,99976}, Zoom: 1
[EnemyManager] Enemigo activo en posición: {X:1251,445 Y:1251,445}
[EnemyManager] Enemigos activos: 1
[EnemyRenderer] Dibujando enemigo en posición: {X:1251,6116 Y:1251,6116}
[EnemyRenderer] Enemigos activos para dibujar: 1
[Camera] Posición: {X:821,99976 Y:901,99976}, Zoom: 1
[EnemyManager] Enemigo activo en posición: {X:1251,6116 Y:1251,6116}
[EnemyManager] Enemigos activos: 1
[EnemyRenderer] Dibujando enemigo en posición: {X:1251,7782 Y:1251,7782}
[EnemyRenderer] Enemigos activos para dibujar: 1
[Camera] Posición: {X:821,99976 Y:901,99976}, Zoom: 1
[EnemyManager] Enemigo activo en posición: {X:1251,7782 Y:1251,7782}
[EnemyManager] Enemigos activos: 1
[EnemyRenderer] Dibujando enemigo en posición: {X:1251,9448 Y:1251,9448}
[EnemyRenderer] Enemigos activos para dibujar: 1
[Camera] Posición: {X:821,99976 Y:901,99976}, Zoom: 1
[EnemyManager] Enemigo activo en posición: {X:1251,9448 Y:1251,9448}
[EnemyManager] Enemigos activos: 1
[EnemyRenderer] Dibujando enemigo en posición: {X:1252,1115 Y:1252,1115}
[EnemyRenderer] Enemigos activos para dibujar: 1
[Camera] Posición: {X:821,99976 Y:901,99976}, Zoom: 1
[EnemyManager] Enemigo activo en posición: {X:1252,1115 Y:1252,1115}
[EnemyManager] Enemigos activos: 1
[EnemyRenderer] Dibujando enemigo en posición: {X:1252,2781 Y:1252,2781}
[EnemyRenderer] Enemigos activos para dibujar: 1
[Camera] Posición: {X:821,99976 Y:901,99976}, Zoom: 1
[EnemyManager] Enemigo activo en posición: {X:1252,2781 Y:1252,2781}
[EnemyManager] Enemigos activos: 1
[EnemyRenderer] Dibujando enemigo en posición: {X:1252,4447 Y:1252,4447}
[EnemyRenderer] Enemigos activos para dibujar: 1
[Camera] Posición: {X:821,99976 Y:901,99976}, Zoom: 1
[EnemyManager] Enemigo activo en posición: {X:1252,4447 Y:1252,4447}
[EnemyManager] Enemigos activos: 1
[EnemyRenderer] Dibujando enemigo en posición: {X:1252,6113 Y:1252,6113}
[EnemyRenderer] Enemigos activos para dibujar: 1
[Camera] Posición: {X:821,99976 Y:901,99976}, Zoom: 1
[EnemyManager] Enemigo activo en posición: {X:1252,6113 Y:1252,6113}
[EnemyManager] Enemigos activos: 1
[EnemyRenderer] Dibujando enemigo en posición: {X:1252,778 Y:1252,778}
[EnemyRenderer] Enemigos activos para dibujar: 1
[Camera] Posición: {X:821,99976 Y:901,99976}, Zoom: 1
[EnemyManager] Enemigo activo en posición: {X:1252,778 Y:1252,778}
[EnemyManager] Enemigos activos: 1
[EnemyRenderer] Dibujando enemigo en posición: {X:1252,9446 Y:1252,9446}
[EnemyRenderer] Enemigos activos para dibujar: 1
[Camera] Posición: {X:821,99976 Y:901,99976}, Zoom: 1
[EnemyManager] Enemigo activo en posición: {X:1252,9446 Y:1252,9446}
[EnemyManager] Enemigos activos: 1
[EnemyRenderer] Dibujando enemigo en posición: {X:1253,1112 Y:1253,1112}
[EnemyRenderer] Enemigos activos para dibujar: 1
[Camera] Posición: {X:821,99976 Y:901,99976}, Zoom: 1
[EnemyManager] Enemigo activo en posición: {X:1253,1112 Y:1253,1112}
[EnemyManager] Enemigos activos: 1
[EnemyRenderer] Dibujando enemigo en posición: {X:1253,2778 Y:1253,2778}
[EnemyRenderer] Enemigos activos para dibujar: 1
[Camera] Posición: {X:821,99976 Y:901,99976}, Zoom: 1
[EnemyManager] Enemigo activo en posición: {X:1253,2778 Y:1253,2778}
[EnemyManager] Enemigos activos: 1
[EnemyRenderer] Dibujando enemigo en posición: {X:1253,4445 Y:1253,4445}
[EnemyRenderer] Enemigos activos para dibujar: 1
[Camera] Posición: {X:821,99976 Y:901,99976}, Zoom: 1
[EnemyManager] Enemigo activo en posición: {X:1253,4445 Y:1253,4445}
[EnemyManager] Enemigos activos: 1
[EnemyRenderer] Dibujando enemigo en posición: {X:1253,6111 Y:1253,6111}
[EnemyRenderer] Enemigos activos para dibujar: 1
[Camera] Posición: {X:821,99976 Y:901,99976}, Zoom: 1
[EnemyManager] Enemigo activo en posición: {X:1253,6111 Y:1253,6111}
[EnemyManager] Enemigos activos: 1
[EnemyRenderer] Dibujando enemigo en posición: {X:1253,7777 Y:1253,7777}
[EnemyRenderer] Enemigos activos para dibujar: 1
[Camera] Posición: {X:821,99976 Y:901,99976}, Zoom: 1
[EnemyManager] Enemigo activo en posición: {X:1253,7777 Y:1253,7777}
[EnemyManager] Enemigos activos: 1
[EnemyRenderer] Dibujando enemigo en posición: {X:1253,9443 Y:1253,9443}
[EnemyRenderer] Enemigos activos para dibujar: 1
[Camera] Posición: {X:821,99976 Y:901,99976}, Zoom: 1
[EnemyManager] Enemigo activo en posición: {X:1253,9443 Y:1253,9443}
[EnemyManager] Enemigos activos: 1
[EnemyRenderer] Dibujando enemigo en posición: {X:1254,111 Y:1254,111}
[EnemyRenderer] Enemigos activos para dibujar: 1
[Camera] Posición: {X:821,99976 Y:901,99976}, Zoom: 1
[EnemyManager] Enemigo activo en posición: {X:1254,111 Y:1254,111}
[EnemyManager] Enemigos activos: 1
[EnemyRenderer] Dibujando enemigo en posición: {X:1254,2776 Y:1254,2776}
[EnemyRenderer] Enemigos activos para dibujar: 1
[Camera] Posición: {X:821,99976 Y:901,99976}, Zoom: 1
[EnemyManager] Enemigo activo en posición: {X:1254,2776 Y:1254,2776}
[EnemyManager] Enemigos activos: 1
[EnemyRenderer] Dibujando enemigo en posición: {X:1254,4442 Y:1254,4442}
[EnemyRenderer] Enemigos activos para dibujar: 1
[Camera] Posición: {X:821,99976 Y:901,99976}, Zoom: 1
[EnemyManager] Enemigo activo en posición: {X:1254,4442 Y:1254,4442}
[EnemyManager] Enemigos activos: 1
[EnemyRenderer] Dibujando enemigo en posición: {X:1254,6108 Y:1254,6108}
[EnemyRenderer] Enemigos activos para dibujar: 1
[Camera] Posición: {X:821,99976 Y:901,99976}, Zoom: 1
[EnemyManager] Enemigo activo en posición: {X:1254,6108 Y:1254,6108}
[EnemyManager] Enemigos activos: 1
[EnemyRenderer] Dibujando enemigo en posición: {X:1254,7775 Y:1254,7775}
[EnemyRenderer] Enemigos activos para dibujar: 1
[Camera] Posición: {X:821,99976 Y:901,99976}, Zoom: 1
[EnemyManager] Enemigo activo en posición: {X:1254,7775 Y:1254,7775}
[EnemyManager] Enemigos activos: 1
[EnemyRenderer] Dibujando enemigo en posición: {X:1254,9441 Y:1254,9441}
[EnemyRenderer] Enemigos activos para dibujar: 1
[Camera] Posición: {X:821,99976 Y:901,99976}, Zoom: 1
[EnemyManager] Enemigo activo en posición: {X:1254,9441 Y:1254,9441}
[EnemyManager] Enemigos activos: 1
[EnemyRenderer] Dibujando enemigo en posición: {X:1255,1107 Y:1255,1107}
[EnemyRenderer] Enemigos activos para dibujar: 1
[Camera] Posición: {X:821,99976 Y:901,99976}, Zoom: 1
[EnemyManager] Enemigo activo en posición: {X:1255,1107 Y:1255,1107}
[EnemyManager] Enemigos activos: 1
[EnemyRenderer] Dibujando enemigo en posición: {X:1255,2773 Y:1255,2773}
[EnemyRenderer] Enemigos activos para dibujar: 1
[Camera] Posición: {X:821,99976 Y:901,99976}, Zoom: 1
[EnemyManager] Enemigo activo en posición: {X:1255,2773 Y:1255,2773}
[EnemyManager] Enemigos activos: 1
[EnemyRenderer] Dibujando enemigo en posición: {X:1255,444 Y:1255,444}
[EnemyRenderer] Enemigos activos para dibujar: 1
[Camera] Posición: {X:821,99976 Y:901,99976}, Zoom: 1
[EnemyManager] Enemigo activo en posición: {X:1255,444 Y:1255,444}
[EnemyManager] Enemigos activos: 1
[EnemyRenderer] Dibujando enemigo en posición: {X:1255,6106 Y:1255,6106}
[EnemyRenderer] Enemigos activos para dibujar: 1
[Camera] Posición: {X:821,99976 Y:901,99976}, Zoom: 1
[EnemyManager] Enemigo activo en posición: {X:1255,6106 Y:1255,6106}
[EnemyManager] Enemigos activos: 1
[EnemyRenderer] Dibujando enemigo en posición: {X:1255,7772 Y:1255,7772}
[EnemyRenderer] Enemigos activos para dibujar: 1
[Camera] Posición: {X:821,99976 Y:901,99976}, Zoom: 1
[EnemyManager] Enemigo activo en posición: {X:1255,7772 Y:1255,7772}
[EnemyManager] Enemigos activos: 1
[EnemyRenderer] Dibujando enemigo en posición: {X:1255,9438 Y:1255,9438}
[EnemyRenderer] Enemigos activos para dibujar: 1
[Camera] Posición: {X:821,99976 Y:901,99976}, Zoom: 1
[EnemyManager] Enemigo activo en posición: {X:1255,9438 Y:1255,9438}
[EnemyManager] Enemigos activos: 1
[EnemyRenderer] Dibujando enemigo en posición: {X:1256,1105 Y:1256,1105}
[EnemyRenderer] Enemigos activos para dibujar: 1
[Camera] Posición: {X:821,99976 Y:901,99976}, Zoom: 1
[EnemyManager] Enemigo activo en posición: {X:1256,1105 Y:1256,1105}
[EnemyManager] Enemigos activos: 1
[EnemyRenderer] Dibujando enemigo en posición: {X:1256,2771 Y:1256,2771}
[EnemyRenderer] Enemigos activos para dibujar: 1
[Camera] Posición: {X:821,99976 Y:901,99976}, Zoom: 1
[EnemyManager] Enemigo activo en posición: {X:1256,2771 Y:1256,2771}
[EnemyManager] Enemigos activos: 1
[EnemyRenderer] Dibujando enemigo en posición: {X:1256,4437 Y:1256,4437}
[EnemyRenderer] Enemigos activos para dibujar: 1
[Camera] Posición: {X:821,99976 Y:901,99976}, Zoom: 1
[EnemyManager] Enemigo activo en posición: {X:1256,4437 Y:1256,4437}
[EnemyManager] Enemigos activos: 1
[EnemyRenderer] Dibujando enemigo en posición: {X:1256,6104 Y:1256,6104}
[EnemyRenderer] Enemigos activos para dibujar: 1
[Camera] Posición: {X:821,99976 Y:901,99976}, Zoom: 1
[EnemyManager] Enemigo activo en posición: {X:1256,6104 Y:1256,6104}
[EnemyManager] Enemigos activos: 1
[EnemyRenderer] Dibujando enemigo en posición: {X:1256,777 Y:1256,777}
[EnemyRenderer] Enemigos activos para dibujar: 1
[Camera] Posición: {X:821,99976 Y:901,99976}, Zoom: 1
[EnemyManager] Enemigo activo en posición: {X:1256,777 Y:1256,777}
[EnemyManager] Enemigos activos: 1
[EnemyRenderer] Dibujando enemigo en posición: {X:1256,9436 Y:1256,9436}
[EnemyRenderer] Enemigos activos para dibujar: 1
[Camera] Posición: {X:821,99976 Y:901,99976}, Zoom: 1
[EnemyManager] Enemigo activo en posición: {X:1256,9436 Y:1256,9436}
[EnemyManager] Enemigos activos: 1
[EnemyRenderer] Dibujando enemigo en posición: {X:1257,1102 Y:1257,1102}
[EnemyRenderer] Enemigos activos para dibujar: 1
[Camera] Posición: {X:821,99976 Y:901,99976}, Zoom: 1
[EnemyManager] Enemigo activo en posición: {X:1257,1102 Y:1257,1102}
[EnemyManager] Enemigos activos: 1
[EnemyRenderer] Dibujando enemigo en posición: {X:1257,2769 Y:1257,2769}
[EnemyRenderer] Enemigos activos para dibujar: 1
[Camera] Posición: {X:821,99976 Y:901,99976}, Zoom: 1
[EnemyManager] Enemigo activo en posición: {X:1257,2769 Y:1257,2769}
[EnemyManager] Enemigos activos: 1
[EnemyRenderer] Dibujando enemigo en posición: {X:1257,4435 Y:1257,4435}
[EnemyRenderer] Enemigos activos para dibujar: 1
[Camera] Posición: {X:821,99976 Y:901,99976}, Zoom: 1
[EnemyManager] Enemigo activo en posición: {X:1257,4435 Y:1257,4435}
[EnemyManager] Enemigos activos: 1
[EnemyRenderer] Dibujando enemigo en posición: {X:1257,6101 Y:1257,6101}
[EnemyRenderer] Enemigos activos para dibujar: 1
[Camera] Posición: {X:821,99976 Y:901,99976}, Zoom: 1
[EnemyManager] Enemigo activo en posición: {X:1257,6101 Y:1257,6101}
[EnemyManager] Enemigos activos: 1
[EnemyRenderer] Dibujando enemigo en posición: {X:1257,7767 Y:1257,7767}
[EnemyRenderer] Enemigos activos para dibujar: 1
[Camera] Posición: {X:821,99976 Y:901,99976}, Zoom: 1
[EnemyManager] Enemigo activo en posición: {X:1257,7767 Y:1257,7767}
[EnemyManager] Enemigos activos: 1
[EnemyRenderer] Dibujando enemigo en posición: {X:1257,9434 Y:1257,9434}
[EnemyRenderer] Enemigos activos para dibujar: 1
[Camera] Posición: {X:821,99976 Y:901,99976}, Zoom: 1
[EnemyManager] Enemigo activo en posición: {X:1257,9434 Y:1257,9434}
[EnemyManager] Enemigos activos: 1
[EnemyRenderer] Dibujando enemigo en posición: {X:1258,11 Y:1258,11}
[EnemyRenderer] Enemigos activos para dibujar: 1
[Camera] Posición: {X:821,99976 Y:901,99976}, Zoom: 1
[EnemyManager] Enemigo activo en posición: {X:1258,11 Y:1258,11}
[EnemyManager] Enemigos activos: 1
[EnemyRenderer] Dibujando enemigo en posición: {X:1258,2766 Y:1258,2766}
[EnemyRenderer] Enemigos activos para dibujar: 1
[Camera] Posición: {X:821,99976 Y:901,99976}, Zoom: 1
[EnemyManager] Enemigo activo en posición: {X:1258,2766 Y:1258,2766}
[EnemyManager] Enemigos activos: 1
[EnemyRenderer] Dibujando enemigo en posición: {X:1258,4432 Y:1258,4432}
[EnemyRenderer] Enemigos activos para dibujar: 1
[Camera] Posición: {X:821,99976 Y:901,99976}, Zoom: 1
[EnemyManager] Enemigo activo en posición: {X:1258,4432 Y:1258,4432}
[EnemyManager] Enemigos activos: 1
[EnemyRenderer] Dibujando enemigo en posición: {X:1258,6099 Y:1258,6099}
[EnemyRenderer] Enemigos activos para dibujar: 1
[Camera] Posición: {X:821,99976 Y:901,99976}, Zoom: 1
[EnemyManager] Enemigo activo en posición: {X:1258,6099 Y:1258,6099}
[EnemyManager] Enemigos activos: 1
[EnemyRenderer] Dibujando enemigo en posición: {X:1258,7765 Y:1258,7765}
[EnemyRenderer] Enemigos activos para dibujar: 1
[Camera] Posición: {X:821,99976 Y:901,99976}, Zoom: 1
[EnemyManager] Enemigo activo en posición: {X:1258,7765 Y:1258,7765}
[EnemyManager] Enemigos activos: 1
[EnemyRenderer] Dibujando enemigo en posición: {X:1258,9431 Y:1258,9431}
[EnemyRenderer] Enemigos activos para dibujar: 1
[Camera] Posición: {X:821,99976 Y:901,99976}, Zoom: 1
[EnemyManager] Enemigo activo en posición: {X:1258,9431 Y:1258,9431}
[EnemyManager] Enemigos activos: 1
[EnemyRenderer] Dibujando enemigo en posición: {X:1259,1097 Y:1259,1097}
[EnemyRenderer] Enemigos activos para dibujar: 1
[Camera] Posición: {X:821,99976 Y:901,99976}, Zoom: 1
[EnemyManager] Enemigo activo en posición: {X:1259,1097 Y:1259,1097}
[EnemyManager] Enemigos activos: 1
[EnemyRenderer] Dibujando enemigo en posición: {X:1259,2764 Y:1259,2764}
[EnemyRenderer] Enemigos activos para dibujar: 1
[Camera] Posición: {X:821,99976 Y:901,99976}, Zoom: 1
[EnemyManager] Enemigo activo en posición: {X:1259,2764 Y:1259,2764}
[EnemyManager] Enemigos activos: 1
[EnemyRenderer] Dibujando enemigo en posición: {X:1259,443 Y:1259,443}
[EnemyRenderer] Enemigos activos para dibujar: 1
[Camera] Posición: {X:821,99976 Y:901,99976}, Zoom: 1
[EnemyManager] Enemigo activo en posición: {X:1259,443 Y:1259,443}
[EnemyManager] Enemigos activos: 1
[EnemyRenderer] Dibujando enemigo en posición: {X:1259,6096 Y:1259,6096}
[EnemyRenderer] Enemigos activos para dibujar: 1
[Camera] Posición: {X:821,99976 Y:901,99976}, Zoom: 1
[EnemyManager] Enemigo activo en posición: {X:1259,6096 Y:1259,6096}
[EnemyManager] Enemigos activos: 1
[EnemyRenderer] Dibujando enemigo en posición: {X:1259,7762 Y:1259,7762}
[EnemyRenderer] Enemigos activos para dibujar: 1
[Camera] Posición: {X:821,99976 Y:901,99976}, Zoom: 1
[EnemyManager] Enemigo activo en posición: {X:1259,7762 Y:1259,7762}
[EnemyManager] Enemigos activos: 1
[EnemyRenderer] Dibujando enemigo en posición: {X:1259,9429 Y:1259,9429}
[EnemyRenderer] Enemigos activos para dibujar: 1
[Camera] Posición: {X:821,99976 Y:901,99976}, Zoom: 1
[EnemyManager] Enemigo activo en posición: {X:1259,9429 Y:1259,9429}
[EnemyManager] Enemigos activos: 1
[EnemyRenderer] Dibujando enemigo en posición: {X:1260,1095 Y:1260,1095}
[EnemyRenderer] Enemigos activos para dibujar: 1
[Camera] Posición: {X:821,99976 Y:901,99976}, Zoom: 1
[EnemyManager] Enemigo activo en posición: {X:1260,1095 Y:1260,1095}
[EnemyManager] Enemigos activos: 1
[EnemyRenderer] Dibujando enemigo en posición: {X:1260,2761 Y:1260,2761}
[EnemyRenderer] Enemigos activos para dibujar: 1
[Camera] Posición: {X:821,99976 Y:901,99976}, Zoom: 1
[EnemyManager] Enemigo activo en posición: {X:1260,2761 Y:1260,2761}
[EnemyManager] Enemigos activos: 1
[EnemyRenderer] Dibujando enemigo en posición: {X:1260,4427 Y:1260,4427}
[EnemyRenderer] Enemigos activos para dibujar: 1
[Camera] Posición: {X:821,99976 Y:901,99976}, Zoom: 1
[EnemyManager] Enemigo activo en posición: {X:1260,4427 Y:1260,4427}
[EnemyManager] Enemigos activos: 1
[EnemyRenderer] Dibujando enemigo en posición: {X:1260,6094 Y:1260,6094}
[EnemyRenderer] Enemigos activos para dibujar: 1
[Camera] Posición: {X:821,99976 Y:901,99976}, Zoom: 1
[EnemyManager] Enemigo activo en posición: {X:1260,6094 Y:1260,6094}
[EnemyManager] Enemigos activos: 1
[EnemyRenderer] Dibujando enemigo en posición: {X:1260,776 Y:1260,776}
[EnemyRenderer] Enemigos activos para dibujar: 1
[Camera] Posición: {X:821,99976 Y:901,99976}, Zoom: 1
[EnemyManager] Enemigo activo en posición: {X:1260,776 Y:1260,776}
[EnemyManager] Enemigos activos: 1
[EnemyRenderer] Dibujando enemigo en posición: {X:1260,9426 Y:1260,9426}
[EnemyRenderer] Enemigos activos para dibujar: 1
[Camera] Posición: {X:821,99976 Y:901,99976}, Zoom: 1
[EnemyManager] Enemigo activo en posición: {X:1260,9426 Y:1260,9426}
[EnemyManager] Enemigos activos: 1
[EnemyRenderer] Dibujando enemigo en posición: {X:1261,1093 Y:1261,1093}
[EnemyRenderer] Enemigos activos para dibujar: 1
[Camera] Posición: {X:821,99976 Y:901,99976}, Zoom: 1
[EnemyManager] Enemigo activo en posición: {X:1261,1093 Y:1261,1093}
[EnemyManager] Enemigos activos: 1
[EnemyRenderer] Dibujando enemigo en posición: {X:1261,2759 Y:1261,2759}
[EnemyRenderer] Enemigos activos para dibujar: 1
[Camera] Posición: {X:821,99976 Y:901,99976}, Zoom: 1
[EnemyManager] Enemigo activo en posición: {X:1261,2759 Y:1261,2759}
[EnemyManager] Enemigos activos: 1
[EnemyRenderer] Dibujando enemigo en posición: {X:1261,4425 Y:1261,4425}
[EnemyRenderer] Enemigos activos para dibujar: 1
[Camera] Posición: {X:821,99976 Y:901,99976}, Zoom: 1
[EnemyManager] Enemigo activo en posición: {X:1261,4425 Y:1261,4425}
[EnemyManager] Enemigos activos: 1
[EnemyRenderer] Dibujando enemigo en posición: {X:1261,6091 Y:1261,6091}
[EnemyRenderer] Enemigos activos para dibujar: 1
[Camera] Posición: {X:821,99976 Y:901,99976}, Zoom: 1
[EnemyManager] Enemigo activo en posición: {X:1261,6091 Y:1261,6091}
[EnemyManager] Enemigos activos: 1
[EnemyRenderer] Dibujando enemigo en posición: {X:1261,7758 Y:1261,7758}
[EnemyRenderer] Enemigos activos para dibujar: 1
[Camera] Posición: {X:821,99976 Y:901,99976}, Zoom: 1
[EnemyManager] Enemigo activo en posición: {X:1261,7758 Y:1261,7758}
[EnemyManager] Enemigos activos: 1
[EnemyRenderer] Dibujando enemigo en posición: {X:1261,9424 Y:1261,9424}
[EnemyRenderer] Enemigos activos para dibujar: 1
[Camera] Posición: {X:821,99976 Y:901,99976}, Zoom: 1
[EnemyManager] Enemigo activo en posición: {X:1261,9424 Y:1261,9424}
[EnemyManager] Enemigos activos: 1
[EnemyRenderer] Dibujando enemigo en posición: {X:1262,109 Y:1262,109}
[EnemyRenderer] Enemigos activos para dibujar: 1
[Camera] Posición: {X:821,99976 Y:901,99976}, Zoom: 1
[EnemyManager] Enemigo activo en posición: {X:1262,109 Y:1262,109}
[EnemyManager] Enemigos activos: 1
[EnemyRenderer] Dibujando enemigo en posición: {X:1262,2756 Y:1262,2756}
[EnemyRenderer] Enemigos activos para dibujar: 1
[Camera] Posición: {X:821,99976 Y:901,99976}, Zoom: 1
[EnemyManager] Enemigo activo en posición: {X:1262,2756 Y:1262,2756}
[EnemyManager] Enemigos activos: 1
[EnemyRenderer] Dibujando enemigo en posición: {X:1262,4423 Y:1262,4423}
[EnemyRenderer] Enemigos activos para dibujar: 1
[Camera] Posición: {X:821,99976 Y:901,99976}, Zoom: 1
[EnemyManager] Enemigo activo en posición: {X:1262,4423 Y:1262,4423}
[EnemyManager] Enemigos activos: 1
[EnemyRenderer] Dibujando enemigo en posición: {X:1262,6089 Y:1262,6089}
[EnemyRenderer] Enemigos activos para dibujar: 1
[Camera] Posición: {X:821,99976 Y:901,99976}, Zoom: 1
[EnemyManager] Enemigo activo en posición: {X:1262,6089 Y:1262,6089}
[EnemyManager] Enemigos activos: 1
[EnemyRenderer] Dibujando enemigo en posición: {X:1262,7755 Y:1262,7755}
[EnemyRenderer] Enemigos activos para dibujar: 1
[Camera] Posición: {X:821,99976 Y:901,99976}, Zoom: 1
[EnemyManager] Enemigo activo en posición: {X:1262,7755 Y:1262,7755}
[EnemyManager] Enemigos activos: 1
[EnemyRenderer] Dibujando enemigo en posición: {X:1262,9421 Y:1262,9421}
[EnemyRenderer] Enemigos activos para dibujar: 1
[Camera] Posición: {X:821,99976 Y:901,99976}, Zoom: 1
[EnemyManager] Enemigo activo en posición: {X:1262,9421 Y:1262,9421}
[EnemyManager] Enemigos activos: 1
[EnemyRenderer] Dibujando enemigo en posición: {X:1263,1088 Y:1263,1088}
[EnemyRenderer] Enemigos activos para dibujar: 1
[Camera] Posición: {X:821,99976 Y:901,99976}, Zoom: 1
[EnemyManager] Enemigo activo en posición: {X:1263,1088 Y:1263,1088}
[EnemyManager] Enemigos activos: 1
[EnemyRenderer] Dibujando enemigo en posición: {X:1263,2754 Y:1263,2754}
[EnemyRenderer] Enemigos activos para dibujar: 1
[Camera] Posición: {X:821,99976 Y:901,99976}, Zoom: 1
[EnemyManager] Enemigo activo en posición: {X:1263,2754 Y:1263,2754}
[EnemyManager] Enemigos activos: 1
[EnemyRenderer] Dibujando enemigo en posición: {X:1263,442 Y:1263,442}
[EnemyRenderer] Enemigos activos para dibujar: 1
[Camera] Posición: {X:821,99976 Y:901,99976}, Zoom: 1
[EnemyManager] Enemigo activo en posición: {X:1263,442 Y:1263,442}
[EnemyManager] Enemigos activos: 1
[EnemyRenderer] Dibujando enemigo en posición: {X:1263,6086 Y:1263,6086}
[EnemyRenderer] Enemigos activos para dibujar: 1
[Camera] Posición: {X:821,99976 Y:901,99976}, Zoom: 1
[EnemyManager] Enemigo activo en posición: {X:1263,6086 Y:1263,6086}
[EnemyManager] Enemigos activos: 1
[EnemyRenderer] Dibujando enemigo en posición: {X:1263,7753 Y:1263,7753}
[EnemyRenderer] Enemigos activos para dibujar: 1
[Camera] Posición: {X:821,99976 Y:901,99976}, Zoom: 1
[EnemyManager] Enemigo activo en posición: {X:1263,7753 Y:1263,7753}
[EnemyManager] Enemigos activos: 1
[EnemyRenderer] Dibujando enemigo en posición: {X:1263,9419 Y:1263,9419}
[EnemyRenderer] Enemigos activos para dibujar: 1
[Camera] Posición: {X:821,99976 Y:901,99976}, Zoom: 1
[EnemyManager] Enemigo activo en posición: {X:1263,9419 Y:1263,9419}
[EnemyManager] Enemigos activos: 1
[EnemyRenderer] Dibujando enemigo en posición: {X:1264,1085 Y:1264,1085}
[EnemyRenderer] Enemigos activos para dibujar: 1
[Camera] Posición: {X:821,99976 Y:901,99976}, Zoom: 1
[EnemyManager] Enemigo activo en posición: {X:1264,1085 Y:1264,1085}
[EnemyManager] Enemigos activos: 1
[EnemyRenderer] Dibujando enemigo en posición: {X:1264,2751 Y:1264,2751}
[EnemyRenderer] Enemigos activos para dibujar: 1
[Camera] Posición: {X:821,99976 Y:901,99976}, Zoom: 1
[EnemyManager] Enemigo activo en posición: {X:1264,2751 Y:1264,2751}
[EnemyManager] Enemigos activos: 1
[EnemyRenderer] Dibujando enemigo en posición: {X:1264,4418 Y:1264,4418}
[EnemyRenderer] Enemigos activos para dibujar: 1
[Camera] Posición: {X:821,99976 Y:901,99976}, Zoom: 1
[EnemyManager] Enemigo activo en posición: {X:1264,4418 Y:1264,4418}
[EnemyManager] Enemigos activos: 1
[EnemyRenderer] Dibujando enemigo en posición: {X:1264,6084 Y:1264,6084}
[EnemyRenderer] Enemigos activos para dibujar: 1
[Camera] Posición: {X:821,99976 Y:901,99976}, Zoom: 1
[EnemyManager] Enemigo activo en posición: {X:1264,6084 Y:1264,6084}
[EnemyManager] Enemigos activos: 1
[EnemyRenderer] Dibujando enemigo en posición: {X:1264,775 Y:1264,775}
[EnemyRenderer] Enemigos activos para dibujar: 1
[Camera] Posición: {X:821,99976 Y:901,99976}, Zoom: 1
[EnemyManager] Enemigo activo en posición: {X:1264,775 Y:1264,775}
[EnemyManager] Enemigos activos: 1
[EnemyRenderer] Dibujando enemigo en posición: {X:1264,9417 Y:1264,9417}
[EnemyRenderer] Enemigos activos para dibujar: 1
[Camera] Posición: {X:821,99976 Y:901,99976}, Zoom: 1
[EnemyManager] Enemigo activo en posición: {X:1264,9417 Y:1264,9417}
[EnemyManager] Enemigos activos: 1
[EnemyRenderer] Dibujando enemigo en posición: {X:1265,1083 Y:1265,1083}
[EnemyRenderer] Enemigos activos para dibujar: 1
[Camera] Posición: {X:821,99976 Y:901,99976}, Zoom: 1
[EnemyManager] Enemigo activo en posición: {X:1265,1083 Y:1265,1083}
[EnemyManager] Enemigos activos: 1
[EnemyRenderer] Dibujando enemigo en posición: {X:1265,2749 Y:1265,2749}
[EnemyRenderer] Enemigos activos para dibujar: 1
[Camera] Posición: {X:821,99976 Y:901,99976}, Zoom: 1
[EnemyManager] Enemigo activo en posición: {X:1265,2749 Y:1265,2749}
[EnemyManager] Enemigos activos: 1
[EnemyRenderer] Dibujando enemigo en posición: {X:1265,4415 Y:1265,4415}
[EnemyRenderer] Enemigos activos para dibujar: 1
[Camera] Posición: {X:821,99976 Y:901,99976}, Zoom: 1
[EnemyManager] Enemigo activo en posición: {X:1265,4415 Y:1265,4415}
[EnemyManager] Enemigos activos: 1
[EnemyRenderer] Dibujando enemigo en posición: {X:1265,6082 Y:1265,6082}
[EnemyRenderer] Enemigos activos para dibujar: 1
[Camera] Posición: {X:821,99976 Y:901,99976}, Zoom: 1
[EnemyManager] Enemigo activo en posición: {X:1265,6082 Y:1265,6082}
[EnemyManager] Enemigos activos: 1
[EnemyRenderer] Dibujando enemigo en posición: {X:1265,7748 Y:1265,7748}
[EnemyRenderer] Enemigos activos para dibujar: 1
[Camera] Posición: {X:821,99976 Y:901,99976}, Zoom: 1
[EnemyManager] Enemigo activo en posición: {X:1265,7748 Y:1265,7748}
[EnemyManager] Enemigos activos: 1
[EnemyRenderer] Dibujando enemigo en posición: {X:1265,9414 Y:1265,9414}
[EnemyRenderer] Enemigos activos para dibujar: 1
[Camera] Posición: {X:821,99976 Y:901,99976}, Zoom: 1
[EnemyManager] Enemigo activo en posición: {X:1265,9414 Y:1265,9414}
[EnemyManager] Enemigos activos: 1
[EnemyRenderer] Dibujando enemigo en posición: {X:1266,108 Y:1266,108}
[EnemyRenderer] Enemigos activos para dibujar: 1
[Camera] Posición: {X:821,99976 Y:901,99976}, Zoom: 1
[EnemyManager] Enemigo activo en posición: {X:1266,108 Y:1266,108}
[EnemyManager] Enemigos activos: 1
[EnemyRenderer] Dibujando enemigo en posición: {X:1266,2747 Y:1266,2747}
[EnemyRenderer] Enemigos activos para dibujar: 1
[Camera] Posición: {X:821,99976 Y:901,99976}, Zoom: 1
[EnemyManager] Enemigo activo en posición: {X:1266,2747 Y:1266,2747}
[EnemyManager] Enemigos activos: 1
[EnemyRenderer] Dibujando enemigo en posición: {X:1266,4413 Y:1266,4413}
[EnemyRenderer] Enemigos activos para dibujar: 1
[Camera] Posición: {X:821,99976 Y:901,99976}, Zoom: 1
[EnemyManager] Enemigo activo en posición: {X:1266,4413 Y:1266,4413}
[EnemyManager] Enemigos activos: 1
[EnemyRenderer] Dibujando enemigo en posición: {X:1266,6079 Y:1266,6079}
[EnemyRenderer] Enemigos activos para dibujar: 1
[Camera] Posición: {X:821,99976 Y:901,99976}, Zoom: 1
[EnemyManager] Enemigo activo en posición: {X:1266,6079 Y:1266,6079}
[EnemyManager] Enemigos activos: 1
[EnemyRenderer] Dibujando enemigo en posición: {X:1266,7745 Y:1266,7745}
[EnemyRenderer] Enemigos activos para dibujar: 1
[Camera] Posición: {X:821,99976 Y:901,99976}, Zoom: 1
[EnemyManager] Enemigo activo en posición: {X:1266,7745 Y:1266,7745}
[EnemyManager] Enemigos activos: 1
[EnemyRenderer] Dibujando enemigo en posición: {X:1266,9412 Y:1266,9412}
[EnemyRenderer] Enemigos activos para dibujar: 1
[Camera] Posición: {X:821,99976 Y:901,99976}, Zoom: 1
[EnemyManager] Enemigo activo en posición: {X:1266,9412 Y:1266,9412}
[EnemyManager] Enemigos activos: 1
[EnemyRenderer] Dibujando enemigo en posición: {X:1267,1078 Y:1267,1078}
[EnemyRenderer] Enemigos activos para dibujar: 1
[Camera] Posición: {X:821,99976 Y:901,99976}, Zoom: 1
[EnemyManager] Enemigo activo en posición: {X:1267,1078 Y:1267,1078}
[EnemyManager] Enemigos activos: 1
[EnemyRenderer] Dibujando enemigo en posición: {X:1267,2744 Y:1267,2744}
[EnemyRenderer] Enemigos activos para dibujar: 1
[Camera] Posición: {X:821,99976 Y:901,99976}, Zoom: 1
[EnemyManager] Enemigo activo en posición: {X:1267,2744 Y:1267,2744}
[EnemyManager] Enemigos activos: 1
[EnemyRenderer] Dibujando enemigo en posición: {X:1267,441 Y:1267,441}
[EnemyRenderer] Enemigos activos para dibujar: 1
[Camera] Posición: {X:821,99976 Y:901,99976}, Zoom: 1
[EnemyManager] Enemigo activo en posición: {X:1267,441 Y:1267,441}
[EnemyManager] Enemigos activos: 1
[EnemyRenderer] Dibujando enemigo en posición: {X:1267,6077 Y:1267,6077}
[EnemyRenderer] Enemigos activos para dibujar: 1
[Camera] Posición: {X:821,99976 Y:901,99976}, Zoom: 1
[EnemyManager] Enemigo activo en posición: {X:1267,6077 Y:1267,6077}
[EnemyManager] Enemigos activos: 1
[EnemyRenderer] Dibujando enemigo en posición: {X:1267,7743 Y:1267,7743}
[EnemyRenderer] Enemigos activos para dibujar: 1
[Camera] Posición: {X:821,99976 Y:901,99976}, Zoom: 1
[EnemyManager] Enemigo activo en posición: {X:1267,7743 Y:1267,7743}
[EnemyManager] Enemigos activos: 1
[EnemyRenderer] Dibujando enemigo en posición: {X:1267,9409 Y:1267,9409}
[EnemyRenderer] Enemigos activos para dibujar: 1
[Camera] Posición: {X:821,99976 Y:901,99976}, Zoom: 1
[EnemyManager] Enemigo activo en posición: {X:1267,9409 Y:1267,9409}
[EnemyManager] Enemigos activos: 1
[EnemyRenderer] Dibujando enemigo en posición: {X:1268,1075 Y:1268,1075}
[EnemyRenderer] Enemigos activos para dibujar: 1
[Camera] Posición: {X:821,99976 Y:901,99976}, Zoom: 1
[EnemyManager] Enemigo activo en posición: {X:1268,1075 Y:1268,1075}
[EnemyManager] Enemigos activos: 1
[EnemyRenderer] Dibujando enemigo en posición: {X:1268,2742 Y:1268,2742}
[EnemyRenderer] Enemigos activos para dibujar: 1
[Camera] Posición: {X:821,99976 Y:901,99976}, Zoom: 1
[EnemyManager] Enemigo activo en posición: {X:1268,2742 Y:1268,2742}
[EnemyManager] Enemigos activos: 1
[EnemyRenderer] Dibujando enemigo en posición: {X:1268,4408 Y:1268,4408}
[EnemyRenderer] Enemigos activos para dibujar: 1
[Camera] Posición: {X:821,99976 Y:901,99976}, Zoom: 1
[EnemyManager] Enemigo activo en posición: {X:1268,4408 Y:1268,4408}
[EnemyManager] Enemigos activos: 1
[EnemyRenderer] Dibujando enemigo en posición: {X:1268,6074 Y:1268,6074}
[EnemyRenderer] Enemigos activos para dibujar: 1
[Camera] Posición: {X:821,99976 Y:901,99976}, Zoom: 1
[EnemyManager] Enemigo activo en posición: {X:1268,6074 Y:1268,6074}
[EnemyManager] Enemigos activos: 1
[EnemyRenderer] Dibujando enemigo en posición: {X:1268,774 Y:1268,774}
[EnemyRenderer] Enemigos activos para dibujar: 1
[Camera] Posición: {X:821,99976 Y:901,99976}, Zoom: 1
[EnemyManager] Enemigo activo en posición: {X:1268,774 Y:1268,774}
[EnemyManager] Enemigos activos: 1
[EnemyRenderer] Dibujando enemigo en posición: {X:1268,9407 Y:1268,9407}
[EnemyRenderer] Enemigos activos para dibujar: 1
[Camera] Posición: {X:821,99976 Y:901,99976}, Zoom: 1
[EnemyManager] Enemigo activo en posición: {X:1268,9407 Y:1268,9407}
[EnemyManager] Enemigos activos: 1
[EnemyRenderer] Dibujando enemigo en posición: {X:1269,1073 Y:1269,1073}
[EnemyRenderer] Enemigos activos para dibujar: 1
[Camera] Posición: {X:821,99976 Y:901,99976}, Zoom: 1
[EnemyManager] Enemigo activo en posición: {X:1269,1073 Y:1269,1073}
[EnemyManager] Enemigos activos: 1
[EnemyRenderer] Dibujando enemigo en posición: {X:1269,2739 Y:1269,2739}
[EnemyRenderer] Enemigos activos para dibujar: 1
[Camera] Posición: {X:821,99976 Y:901,99976}, Zoom: 1
[EnemyManager] Enemigo activo en posición: {X:1269,2739 Y:1269,2739}
[EnemyManager] Enemigos activos: 1
[EnemyRenderer] Dibujando enemigo en posición: {X:1269,4406 Y:1269,4406}
[EnemyRenderer] Enemigos activos para dibujar: 1
[Camera] Posición: {X:821,99976 Y:901,99976}, Zoom: 1
[EnemyManager] Enemigo activo en posición: {X:1269,4406 Y:1269,4406}
[EnemyManager] Enemigos activos: 1
[EnemyRenderer] Dibujando enemigo en posición: {X:1269,6072 Y:1269,6072}
[EnemyRenderer] Enemigos activos para dibujar: 1
[Camera] Posición: {X:821,99976 Y:901,99976}, Zoom: 1
[EnemyManager] Enemigo activo en posición: {X:1269,6072 Y:1269,6072}
[EnemyManager] Enemigos activos: 1
[EnemyRenderer] Dibujando enemigo en posición: {X:1269,7738 Y:1269,7738}
[EnemyRenderer] Enemigos activos para dibujar: 1
[Camera] Posición: {X:821,99976 Y:901,99976}, Zoom: 1
[EnemyManager] Enemigo activo en posición: {X:1269,7738 Y:1269,7738}
[EnemyManager] Enemigos activos: 1
[EnemyRenderer] Dibujando enemigo en posición: {X:1269,9404 Y:1269,9404}
[EnemyRenderer] Enemigos activos para dibujar: 1
[Camera] Posición: {X:821,99976 Y:901,99976}, Zoom: 1
[EnemyManager] Enemigo activo en posición: {X:1269,9404 Y:1269,9404}
[EnemyManager] Enemigos activos: 1
[EnemyRenderer] Dibujando enemigo en posición: {X:1270,107 Y:1270,107}
[EnemyRenderer] Enemigos activos para dibujar: 1
[Camera] Posición: {X:821,99976 Y:901,99976}, Zoom: 1
[EnemyManager] Enemigo activo en posición: {X:1270,107 Y:1270,107}
[EnemyManager] Enemigos activos: 1
[EnemyRenderer] Dibujando enemigo en posición: {X:1270,2737 Y:1270,2737}
[EnemyRenderer] Enemigos activos para dibujar: 1
[Camera] Posición: {X:821,99976 Y:901,99976}, Zoom: 1
[EnemyManager] Enemigo activo en posición: {X:1270,2737 Y:1270,2737}
[EnemyManager] Enemigos activos: 1
[EnemyRenderer] Dibujando enemigo en posición: {X:1270,4403 Y:1270,4403}
[EnemyRenderer] Enemigos activos para dibujar: 1
[Camera] Posición: {X:821,99976 Y:901,99976}, Zoom: 1
[EnemyManager] Enemigo activo en posición: {X:1270,4403 Y:1270,4403}
[EnemyManager] Enemigos activos: 1
[EnemyRenderer] Dibujando enemigo en posición: {X:1270,6069 Y:1270,6069}
[EnemyRenderer] Enemigos activos para dibujar: 1
[Camera] Posición: {X:821,99976 Y:901,99976}, Zoom: 1
[EnemyManager] Enemigo activo en posición: {X:1270,6069 Y:1270,6069}
[EnemyManager] Enemigos activos: 1
[EnemyRenderer] Dibujando enemigo en posición: {X:1270,7736 Y:1270,7736}
[EnemyRenderer] Enemigos activos para dibujar: 1
[Camera] Posición: {X:821,99976 Y:901,99976}, Zoom: 1
[EnemyManager] Enemigo activo en posición: {X:1270,7736 Y:1270,7736}
[EnemyManager] Enemigos activos: 1
[EnemyRenderer] Dibujando enemigo en posición: {X:1270,9402 Y:1270,9402}
[EnemyRenderer] Enemigos activos para dibujar: 1
[Camera] Posición: {X:821,99976 Y:901,99976}, Zoom: 1
[EnemyManager] Enemigo activo en posición: {X:1270,9402 Y:1270,9402}
[EnemyManager] Enemigos activos: 1
[EnemyRenderer] Dibujando enemigo en posición: {X:1271,1068 Y:1271,1068}
[EnemyRenderer] Enemigos activos para dibujar: 1
[Camera] Posición: {X:821,99976 Y:901,99976}, Zoom: 1
[EnemyManager] Enemigo activo en posición: {X:1271,1068 Y:1271,1068}
[EnemyManager] Enemigos activos: 1
[EnemyRenderer] Dibujando enemigo en posición: {X:1271,2734 Y:1271,2734}
[EnemyRenderer] Enemigos activos para dibujar: 1
[Camera] Posición: {X:821,99976 Y:901,99976}, Zoom: 1
[EnemyManager] Enemigo activo en posición: {X:1271,2734 Y:1271,2734}
[EnemyManager] Enemigos activos: 1
[EnemyRenderer] Dibujando enemigo en posición: {X:1271,4401 Y:1271,4401}
[EnemyRenderer] Enemigos activos para dibujar: 1
[Camera] Posición: {X:821,99976 Y:901,99976}, Zoom: 1
[EnemyManager] Enemigo activo en posición: {X:1271,4401 Y:1271,4401}
[EnemyManager] Enemigos activos: 1
[EnemyRenderer] Dibujando enemigo en posición: {X:1271,6067 Y:1271,6067}
[EnemyRenderer] Enemigos activos para dibujar: 1
[Camera] Posición: {X:821,99976 Y:901,99976}, Zoom: 1
[EnemyManager] Enemigo activo en posición: {X:1271,6067 Y:1271,6067}
[EnemyManager] Enemigos activos: 1
[EnemyRenderer] Dibujando enemigo en posición: {X:1271,7733 Y:1271,7733}
[EnemyRenderer] Enemigos activos para dibujar: 1
[Camera] Posición: {X:821,99976 Y:901,99976}, Zoom: 1
[EnemyManager] Enemigo activo en posición: {X:1271,7733 Y:1271,7733}
[EnemyManager] Enemigos activos: 1
[EnemyRenderer] Dibujando enemigo en posición: {X:1271,94 Y:1271,94}
[EnemyRenderer] Enemigos activos para dibujar: 1
[Camera] Posición: {X:821,99976 Y:901,99976}, Zoom: 1
[EnemyManager] Enemigo activo en posición: {X:1271,94 Y:1271,94}
[EnemyManager] Enemigos activos: 1
[EnemyRenderer] Dibujando enemigo en posición: {X:1272,1066 Y:1272,1066}
[EnemyRenderer] Enemigos activos para dibujar: 1
[Camera] Posición: {X:821,99976 Y:901,99976}, Zoom: 1
[EnemyManager] Enemigo activo en posición: {X:1272,1066 Y:1272,1066}
[EnemyManager] Enemigos activos: 1
[EnemyRenderer] Dibujando enemigo en posición: {X:1272,2732 Y:1272,2732}
[EnemyRenderer] Enemigos activos para dibujar: 1
[Camera] Posición: {X:821,99976 Y:901,99976}, Zoom: 1
[EnemyManager] Enemigo activo en posición: {X:1272,2732 Y:1272,2732}
[EnemyManager] Enemigos activos: 1
[EnemyRenderer] Dibujando enemigo en posición: {X:1272,4398 Y:1272,4398}
[EnemyRenderer] Enemigos activos para dibujar: 1
[Camera] Posición: {X:821,99976 Y:901,99976}, Zoom: 1
[EnemyManager] Enemigo activo en posición: {X:1272,4398 Y:1272,4398}
[EnemyManager] Enemigos activos: 1
[EnemyRenderer] Dibujando enemigo en posición: {X:1272,6064 Y:1272,6064}
[EnemyRenderer] Enemigos activos para dibujar: 1
[Camera] Posición: {X:821,99976 Y:901,99976}, Zoom: 1
[EnemyManager] Enemigo activo en posición: {X:1272,6064 Y:1272,6064}
[EnemyManager] Enemigos activos: 1
[EnemyRenderer] Dibujando enemigo en posición: {X:1272,7731 Y:1272,7731}
[EnemyRenderer] Enemigos activos para dibujar: 1
[Camera] Posición: {X:821,99976 Y:901,99976}, Zoom: 1
[EnemyManager] Enemigo activo en posición: {X:1272,7731 Y:1272,7731}
[EnemyManager] Enemigos activos: 1
[EnemyRenderer] Dibujando enemigo en posición: {X:1272,9397 Y:1272,9397}
[EnemyRenderer] Enemigos activos para dibujar: 1
[Camera] Posición: {X:821,99976 Y:901,99976}, Zoom: 1
[EnemyManager] Enemigo activo en posición: {X:1272,9397 Y:1272,9397}
[EnemyManager] Enemigos activos: 1
[EnemyRenderer] Dibujando enemigo en posición: {X:1273,1063 Y:1273,1063}
[EnemyRenderer] Enemigos activos para dibujar: 1
[Camera] Posición: {X:821,99976 Y:901,99976}, Zoom: 1
[EnemyManager] Enemigo activo en posición: {X:1273,1063 Y:1273,1063}
[EnemyManager] Enemigos activos: 1
[EnemyRenderer] Dibujando enemigo en posición: {X:1273,273 Y:1273,273}
[EnemyRenderer] Enemigos activos para dibujar: 1
[Camera] Posición: {X:821,99976 Y:901,99976}, Zoom: 1
[EnemyManager] Enemigo activo en posición: {X:1273,273 Y:1273,273}
[EnemyManager] Enemigos activos: 1
[EnemyRenderer] Dibujando enemigo en posición: {X:1273,4396 Y:1273,4396}
[EnemyRenderer] Enemigos activos para dibujar: 1
[Camera] Posición: {X:821,99976 Y:901,99976}, Zoom: 1
[EnemyManager] Enemigo activo en posición: {X:1273,4396 Y:1273,4396}
[EnemyManager] Enemigos activos: 1
[EnemyRenderer] Dibujando enemigo en posición: {X:1273,6062 Y:1273,6062}
[EnemyRenderer] Enemigos activos para dibujar: 1
[Camera] Posición: {X:821,99976 Y:901,99976}, Zoom: 1
[EnemyManager] Enemigo activo en posición: {X:1273,6062 Y:1273,6062}
[EnemyManager] Enemigos activos: 1
[EnemyRenderer] Dibujando enemigo en posición: {X:1273,7728 Y:1273,7728}
[EnemyRenderer] Enemigos activos para dibujar: 1
[Camera] Posición: {X:821,99976 Y:901,99976}, Zoom: 1
[EnemyManager] Enemigo activo en posición: {X:1273,7728 Y:1273,7728}
[EnemyManager] Enemigos activos: 1
[EnemyRenderer] Dibujando enemigo en posición: {X:1273,9395 Y:1273,9395}
[EnemyRenderer] Enemigos activos para dibujar: 1
[Camera] Posición: {X:821,99976 Y:901,99976}, Zoom: 1
[EnemyManager] Enemigo activo en posición: {X:1273,9395 Y:1273,9395}
[EnemyManager] Enemigos activos: 1
[EnemyRenderer] Dibujando enemigo en posición: {X:1274,1061 Y:1274,1061}
[EnemyRenderer] Enemigos activos para dibujar: 1
[Camera] Posición: {X:821,99976 Y:901,99976}, Zoom: 1
[EnemyManager] Enemigo activo en posición: {X:1274,1061 Y:1274,1061}
[EnemyManager] Enemigos activos: 1
[EnemyRenderer] Dibujando enemigo en posición: {X:1274,2727 Y:1274,2727}
[EnemyRenderer] Enemigos activos para dibujar: 1
[Camera] Posición: {X:821,99976 Y:901,99976}, Zoom: 1
[EnemyManager] Enemigo activo en posición: {X:1274,2727 Y:1274,2727}
[EnemyManager] Enemigos activos: 1
[EnemyRenderer] Dibujando enemigo en posición: {X:1274,4393 Y:1274,4393}
[EnemyRenderer] Enemigos activos para dibujar: 1
[Camera] Posición: {X:821,99976 Y:901,99976}, Zoom: 1
[EnemyManager] Enemigo activo en posición: {X:1274,4393 Y:1274,4393}
[EnemyManager] Enemigos activos: 1
[EnemyRenderer] Dibujando enemigo en posición: {X:1274,606 Y:1274,606}
[EnemyRenderer] Enemigos activos para dibujar: 1
[Camera] Posición: {X:821,99976 Y:901,99976}, Zoom: 1
[EnemyManager] Enemigo activo en posición: {X:1274,606 Y:1274,606}
[EnemyManager] Enemigos activos: 1
[EnemyRenderer] Dibujando enemigo en posición: {X:1274,7726 Y:1274,7726}
[EnemyRenderer] Enemigos activos para dibujar: 1
[Camera] Posición: {X:821,99976 Y:901,99976}, Zoom: 1
[EnemyManager] Enemigo activo en posición: {X:1274,7726 Y:1274,7726}
[EnemyManager] Enemigos activos: 1
[EnemyRenderer] Dibujando enemigo en posición: {X:1274,9392 Y:1274,9392}
[EnemyRenderer] Enemigos activos para dibujar: 1
[Camera] Posición: {X:821,99976 Y:901,99976}, Zoom: 1
[EnemyManager] Enemigo activo en posición: {X:1274,9392 Y:1274,9392}
[EnemyManager] Enemigos activos: 1
[EnemyRenderer] Dibujando enemigo en posición: {X:1275,1058 Y:1275,1058}
[EnemyRenderer] Enemigos activos para dibujar: 1
[Camera] Posición: {X:821,99976 Y:901,99976}, Zoom: 1
[EnemyManager] Enemigo activo en posición: {X:1275,1058 Y:1275,1058}
[EnemyManager] Enemigos activos: 1
[EnemyRenderer] Dibujando enemigo en posición: {X:1275,2725 Y:1275,2725}
[EnemyRenderer] Enemigos activos para dibujar: 1
[Camera] Posición: {X:821,99976 Y:901,99976}, Zoom: 1
[EnemyManager] Enemigo activo en posición: {X:1275,2725 Y:1275,2725}
[EnemyManager] Enemigos activos: 1
[EnemyRenderer] Dibujando enemigo en posición: {X:1275,4391 Y:1275,4391}
[EnemyRenderer] Enemigos activos para dibujar: 1
[Camera] Posición: {X:821,99976 Y:901,99976}, Zoom: 1
[EnemyManager] Enemigo activo en posición: {X:1275,4391 Y:1275,4391}
[EnemyManager] Enemigos activos: 1
[EnemyRenderer] Dibujando enemigo en posición: {X:1275,6057 Y:1275,6057}
[EnemyRenderer] Enemigos activos para dibujar: 1
[Camera] Posición: {X:821,99976 Y:901,99976}, Zoom: 1
[EnemyManager] Enemigo activo en posición: {X:1275,6057 Y:1275,6057}
[EnemyManager] Enemigos activos: 1
[EnemyRenderer] Dibujando enemigo en posición: {X:1275,7723 Y:1275,7723}
[EnemyRenderer] Enemigos activos para dibujar: 1
[Camera] Posición: {X:821,99976 Y:901,99976}, Zoom: 1
[EnemyManager] Enemigo activo en posición: {X:1275,7723 Y:1275,7723}
[EnemyManager] Enemigos activos: 1
[EnemyRenderer] Dibujando enemigo en posición: {X:1275,939 Y:1275,939}
[EnemyRenderer] Enemigos activos para dibujar: 1
[Camera] Posición: {X:821,99976 Y:901,99976}, Zoom: 1
[EnemyManager] Enemigo activo en posición: {X:1275,939 Y:1275,939}
[EnemyManager] Enemigos activos: 1
[EnemyRenderer] Dibujando enemigo en posición: {X:1276,1056 Y:1276,1056}
[EnemyRenderer] Enemigos activos para dibujar: 1
[Camera] Posición: {X:821,99976 Y:901,99976}, Zoom: 1
[EnemyManager] Enemigo activo en posición: {X:1276,1056 Y:1276,1056}
[EnemyManager] Enemigos activos: 1
[EnemyRenderer] Dibujando enemigo en posición: {X:1276,2722 Y:1276,2722}
[EnemyRenderer] Enemigos activos para dibujar: 1
[Camera] Posición: {X:821,99976 Y:901,99976}, Zoom: 1
[EnemyManager] Enemigo activo en posición: {X:1276,2722 Y:1276,2722}
[EnemyManager] Enemigos activos: 1
[EnemyRenderer] Dibujando enemigo en posición: {X:1276,4388 Y:1276,4388}
[EnemyRenderer] Enemigos activos para dibujar: 1
[Camera] Posición: {X:821,99976 Y:901,99976}, Zoom: 1
[EnemyManager] Enemigo activo en posición: {X:1276,4388 Y:1276,4388}
[EnemyManager] Enemigos activos: 1
[EnemyRenderer] Dibujando enemigo en posición: {X:1276,6055 Y:1276,6055}
[EnemyRenderer] Enemigos activos para dibujar: 1
[Camera] Posición: {X:821,99976 Y:901,99976}, Zoom: 1
[EnemyManager] Enemigo activo en posición: {X:1276,6055 Y:1276,6055}
[EnemyManager] Enemigos activos: 1
[EnemyRenderer] Dibujando enemigo en posición: {X:1276,7721 Y:1276,7721}
[EnemyRenderer] Enemigos activos para dibujar: 1
[Camera] Posición: {X:821,99976 Y:901,99976}, Zoom: 1
[EnemyManager] Enemigo activo en posición: {X:1276,7721 Y:1276,7721}
[EnemyManager] Enemigos activos: 1
[EnemyRenderer] Dibujando enemigo en posición: {X:1276,9387 Y:1276,9387}
[EnemyRenderer] Enemigos activos para dibujar: 1
[Camera] Posición: {X:821,99976 Y:901,99976}, Zoom: 1
[EnemyManager] Enemigo activo en posición: {X:1276,9387 Y:1276,9387}
[EnemyManager] Enemigos activos: 1
[EnemyRenderer] Dibujando enemigo en posición: {X:1277,1053 Y:1277,1053}
[EnemyRenderer] Enemigos activos para dibujar: 1
[Camera] Posición: {X:821,99976 Y:901,99976}, Zoom: 1
[EnemyManager] Enemigo activo en posición: {X:1277,1053 Y:1277,1053}
[EnemyManager] Enemigos activos: 1
[EnemyRenderer] Dibujando enemigo en posición: {X:1277,272 Y:1277,272}
[EnemyRenderer] Enemigos activos para dibujar: 1
[Camera] Posición: {X:821,99976 Y:901,99976}, Zoom: 1
[EnemyManager] Enemigo activo en posición: {X:1277,272 Y:1277,272}
[EnemyManager] Enemigos activos: 1
[EnemyRenderer] Dibujando enemigo en posición: {X:1277,4386 Y:1277,4386}
[EnemyRenderer] Enemigos activos para dibujar: 1
[Camera] Posición: {X:821,99976 Y:901,99976}, Zoom: 1
[EnemyManager] Enemigo activo en posición: {X:1277,4386 Y:1277,4386}
[EnemyManager] Enemigos activos: 1
[EnemyRenderer] Dibujando enemigo en posición: {X:1277,6052 Y:1277,6052}
[EnemyRenderer] Enemigos activos para dibujar: 1
[Camera] Posición: {X:821,99976 Y:901,99976}, Zoom: 1
[EnemyManager] Enemigo activo en posición: {X:1277,6052 Y:1277,6052}
[EnemyManager] Enemigos activos: 1
[EnemyRenderer] Dibujando enemigo en posición: {X:1277,7719 Y:1277,7719}
[EnemyRenderer] Enemigos activos para dibujar: 1
[Camera] Posición: {X:821,99976 Y:901,99976}, Zoom: 1
[EnemyManager] Enemigo activo en posición: {X:1277,7719 Y:1277,7719}
[EnemyManager] Enemigos activos: 1
[EnemyRenderer] Dibujando enemigo en posición: {X:1277,9385 Y:1277,9385}
[EnemyRenderer] Enemigos activos para dibujar: 1
[Camera] Posición: {X:821,99976 Y:901,99976}, Zoom: 1
[EnemyManager] Enemigo activo en posición: {X:1277,9385 Y:1277,9385}
[EnemyManager] Enemigos activos: 1
[EnemyRenderer] Dibujando enemigo en posición: {X:1278,1051 Y:1278,1051}
[EnemyRenderer] Enemigos activos para dibujar: 1
[Camera] Posición: {X:821,99976 Y:901,99976}, Zoom: 1
[EnemyManager] Enemigo activo en posición: {X:1278,1051 Y:1278,1051}
[EnemyManager] Enemigos activos: 1
[EnemyRenderer] Dibujando enemigo en posición: {X:1278,2717 Y:1278,2717}
[EnemyRenderer] Enemigos activos para dibujar: 1
[Camera] Posición: {X:821,99976 Y:901,99976}, Zoom: 1
[EnemyManager] Enemigo activo en posición: {X:1278,2717 Y:1278,2717}
[EnemyManager] Enemigos activos: 1
[EnemyRenderer] Dibujando enemigo en posición: {X:1278,4384 Y:1278,4384}
[EnemyRenderer] Enemigos activos para dibujar: 1
[Camera] Posición: {X:821,99976 Y:901,99976}, Zoom: 1
[EnemyManager] Enemigo activo en posición: {X:1278,4384 Y:1278,4384}
[EnemyManager] Enemigos activos: 1
[EnemyRenderer] Dibujando enemigo en posición: {X:1278,605 Y:1278,605}
[EnemyRenderer] Enemigos activos para dibujar: 1
[Camera] Posición: {X:821,99976 Y:901,99976}, Zoom: 1
[EnemyManager] Enemigo activo en posición: {X:1278,605 Y:1278,605}
[EnemyManager] Enemigos activos: 1
[EnemyRenderer] Dibujando enemigo en posición: {X:1278,7716 Y:1278,7716}
[EnemyRenderer] Enemigos activos para dibujar: 1
[Camera] Posición: {X:821,99976 Y:901,99976}, Zoom: 1
[EnemyManager] Enemigo activo en posición: {X:1278,7716 Y:1278,7716}
[EnemyManager] Enemigos activos: 1
[EnemyRenderer] Dibujando enemigo en posición: {X:1278,9382 Y:1278,9382}
[EnemyRenderer] Enemigos activos para dibujar: 1
[Camera] Posición: {X:821,99976 Y:901,99976}, Zoom: 1
[EnemyManager] Enemigo activo en posición: {X:1278,9382 Y:1278,9382}
[EnemyManager] Enemigos activos: 1
[EnemyRenderer] Dibujando enemigo en posición: {X:1279,1049 Y:1279,1049}
[EnemyRenderer] Enemigos activos para dibujar: 1
[Camera] Posición: {X:821,99976 Y:901,99976}, Zoom: 1
[EnemyManager] Enemigo activo en posición: {X:1279,1049 Y:1279,1049}
[EnemyManager] Enemigos activos: 1
[EnemyRenderer] Dibujando enemigo en posición: {X:1279,2715 Y:1279,2715}
[EnemyRenderer] Enemigos activos para dibujar: 1
[Camera] Posición: {X:821,99976 Y:901,99976}, Zoom: 1
[EnemyManager] Enemigo activo en posición: {X:1279,2715 Y:1279,2715}
[EnemyManager] Enemigos activos: 1
[EnemyRenderer] Dibujando enemigo en posición: {X:1279,4381 Y:1279,4381}
[EnemyRenderer] Enemigos activos para dibujar: 1
[Camera] Posición: {X:821,99976 Y:901,99976}, Zoom: 1
[EnemyManager] Enemigo activo en posición: {X:1279,4381 Y:1279,4381}
[EnemyManager] Enemigos activos: 1
[EnemyRenderer] Dibujando enemigo en posición: {X:1279,6047 Y:1279,6047}
[EnemyRenderer] Enemigos activos para dibujar: 1
[Camera] Posición: {X:821,99976 Y:901,99976}, Zoom: 1
[EnemyManager] Enemigo activo en posición: {X:1279,6047 Y:1279,6047}
[EnemyManager] Enemigos activos: 1
[EnemyRenderer] Dibujando enemigo en posición: {X:1279,7714 Y:1279,7714}
[EnemyRenderer] Enemigos activos para dibujar: 1
[Camera] Posición: {X:821,99976 Y:901,99976}, Zoom: 1
[EnemyManager] Enemigo activo en posición: {X:1279,7714 Y:1279,7714}
[EnemyManager] Enemigos activos: 1
[EnemyRenderer] Dibujando enemigo en posición: {X:1279,938 Y:1279,938}
[EnemyRenderer] Enemigos activos para dibujar: 1
[Camera] Posición: {X:821,99976 Y:901,99976}, Zoom: 1
[EnemyManager] Enemigo activo en posición: {X:1279,938 Y:1279,938}
[EnemyManager] Enemigos activos: 1
[EnemyRenderer] Dibujando enemigo en posición: {X:1280,1046 Y:1280,1046}
[EnemyRenderer] Enemigos activos para dibujar: 1
[Camera] Posición: {X:821,99976 Y:901,99976}, Zoom: 1
[EnemyManager] Enemigo activo en posición: {X:1280,1046 Y:1280,1046}
[EnemyManager] Enemigos activos: 1
[EnemyRenderer] Dibujando enemigo en posición: {X:1280,2712 Y:1280,2712}
[EnemyRenderer] Enemigos activos para dibujar: 1
[Camera] Posición: {X:821,99976 Y:901,99976}, Zoom: 1
[EnemyManager] Enemigo activo en posición: {X:1280,2712 Y:1280,2712}
[EnemyManager] Enemigos activos: 1
[EnemyRenderer] Dibujando enemigo en posición: {X:1280,4379 Y:1280,4379}
[EnemyRenderer] Enemigos activos para dibujar: 1
[Camera] Posición: {X:821,99976 Y:901,99976}, Zoom: 1
[EnemyManager] Enemigo activo en posición: {X:1280,4379 Y:1280,4379}
[EnemyManager] Enemigos activos: 1
[EnemyRenderer] Dibujando enemigo en posición: {X:1280,6045 Y:1280,6045}
[EnemyRenderer] Enemigos activos para dibujar: 1
[Camera] Posición: {X:821,99976 Y:901,99976}, Zoom: 1
[EnemyManager] Enemigo activo en posición: {X:1280,6045 Y:1280,6045}
[EnemyManager] Enemigos activos: 1
[EnemyRenderer] Dibujando enemigo en posición: {X:1280,7711 Y:1280,7711}
[EnemyRenderer] Enemigos activos para dibujar: 1
[Camera] Posición: {X:821,99976 Y:901,99976}, Zoom: 1
[EnemyManager] Enemigo activo en posición: {X:1280,7711 Y:1280,7711}
[EnemyManager] Enemigos activos: 1
[EnemyRenderer] Dibujando enemigo en posición: {X:1280,9377 Y:1280,9377}
[EnemyRenderer] Enemigos activos para dibujar: 1
[Camera] Posición: {X:821,99976 Y:901,99976}, Zoom: 1
[EnemyManager] Enemigo activo en posición: {X:1280,9377 Y:1280,9377}
[EnemyManager] Enemigos activos: 1
[EnemyRenderer] Dibujando enemigo en posición: {X:1281,1044 Y:1281,1044}
[EnemyRenderer] Enemigos activos para dibujar: 1
[Camera] Posición: {X:821,99976 Y:901,99976}, Zoom: 1
[EnemyManager] Enemigo activo en posición: {X:1281,1044 Y:1281,1044}
[EnemyManager] Enemigos activos: 1
[EnemyRenderer] Dibujando enemigo en posición: {X:1281,271 Y:1281,271}
[EnemyRenderer] Enemigos activos para dibujar: 1
[Camera] Posición: {X:821,99976 Y:901,99976}, Zoom: 1
[EnemyManager] Enemigo activo en posición: {X:1281,271 Y:1281,271}
[EnemyManager] Enemigos activos: 1
[EnemyRenderer] Dibujando enemigo en posición: {X:1281,4376 Y:1281,4376}
[EnemyRenderer] Enemigos activos para dibujar: 1
[Camera] Posición: {X:821,99976 Y:901,99976}, Zoom: 1
[EnemyManager] Enemigo activo en posición: {X:1281,4376 Y:1281,4376}
[EnemyManager] Enemigos activos: 1
[EnemyRenderer] Dibujando enemigo en posición: {X:1281,6042 Y:1281,6042}
[EnemyRenderer] Enemigos activos para dibujar: 1
[Camera] Posición: {X:821,99976 Y:901,99976}, Zoom: 1
[EnemyManager] Enemigo activo en posición: {X:1281,6042 Y:1281,6042}
[EnemyManager] Enemigos activos: 1
[EnemyRenderer] Dibujando enemigo en posición: {X:1281,7709 Y:1281,7709}
[EnemyRenderer] Enemigos activos para dibujar: 1
[Camera] Posición: {X:821,99976 Y:901,99976}, Zoom: 1
[EnemyManager] Enemigo activo en posición: {X:1281,7709 Y:1281,7709}
[EnemyManager] Enemigos activos: 1
[EnemyRenderer] Dibujando enemigo en posición: {X:1281,9375 Y:1281,9375}
[EnemyRenderer] Enemigos activos para dibujar: 1
[Camera] Posición: {X:821,99976 Y:901,99976}, Zoom: 1
[EnemyManager] Enemigo activo en posición: {X:1281,9375 Y:1281,9375}
[EnemyManager] Enemigos activos: 1
[EnemyRenderer] Dibujando enemigo en posición: {X:1282,1041 Y:1282,1041}
[EnemyRenderer] Enemigos activos para dibujar: 1
[Camera] Posición: {X:821,99976 Y:901,99976}, Zoom: 1
[EnemyManager] Enemigo activo en posición: {X:1282,1041 Y:1282,1041}
[EnemyManager] Enemigos activos: 1
[EnemyRenderer] Dibujando enemigo en posición: {X:1282,2708 Y:1282,2708}
[EnemyRenderer] Enemigos activos para dibujar: 1
[Camera] Posición: {X:821,99976 Y:901,99976}, Zoom: 1
[EnemyManager] Enemigo activo en posición: {X:1282,2708 Y:1282,2708}
[EnemyManager] Enemigos activos: 1
[EnemyRenderer] Dibujando enemigo en posición: {X:1282,4374 Y:1282,4374}
[EnemyRenderer] Enemigos activos para dibujar: 1
[Camera] Posición: {X:821,99976 Y:901,99976}, Zoom: 1
[EnemyManager] Enemigo activo en posición: {X:1282,4374 Y:1282,4374}
[EnemyManager] Enemigos activos: 1
[EnemyRenderer] Dibujando enemigo en posición: {X:1282,604 Y:1282,604}
[EnemyRenderer] Enemigos activos para dibujar: 1
[Camera] Posición: {X:821,99976 Y:901,99976}, Zoom: 1
[EnemyManager] Enemigo activo en posición: {X:1282,604 Y:1282,604}
[EnemyManager] Enemigos activos: 1
[EnemyRenderer] Dibujando enemigo en posición: {X:1282,7706 Y:1282,7706}
[EnemyRenderer] Enemigos activos para dibujar: 1
[Camera] Posición: {X:821,99976 Y:901,99976}, Zoom: 1
[EnemyManager] Enemigo activo en posición: {X:1282,7706 Y:1282,7706}
[EnemyManager] Enemigos activos: 1
[EnemyRenderer] Dibujando enemigo en posición: {X:1282,9373 Y:1282,9373}
[EnemyRenderer] Enemigos activos para dibujar: 1
[Camera] Posición: {X:821,99976 Y:901,99976}, Zoom: 1
[EnemyManager] Enemigo activo en posición: {X:1282,9373 Y:1282,9373}
[EnemyManager] Enemigos activos: 1
[EnemyRenderer] Dibujando enemigo en posición: {X:1283,1039 Y:1283,1039}
[EnemyRenderer] Enemigos activos para dibujar: 1
[Camera] Posición: {X:821,99976 Y:901,99976}, Zoom: 1
[EnemyManager] Enemigo activo en posición: {X:1283,1039 Y:1283,1039}
[EnemyManager] Enemigos activos: 1
[EnemyRenderer] Dibujando enemigo en posición: {X:1283,2705 Y:1283,2705}
[EnemyRenderer] Enemigos activos para dibujar: 1
[Camera] Posición: {X:821,99976 Y:901,99976}, Zoom: 1
[EnemyManager] Enemigo activo en posición: {X:1283,2705 Y:1283,2705}
[EnemyManager] Enemigos activos: 1
[EnemyRenderer] Dibujando enemigo en posición: {X:1283,4371 Y:1283,4371}
[EnemyRenderer] Enemigos activos para dibujar: 1
[Camera] Posición: {X:821,99976 Y:901,99976}, Zoom: 1
[EnemyManager] Enemigo activo en posición: {X:1283,4371 Y:1283,4371}
[EnemyManager] Enemigos activos: 1
[EnemyRenderer] Dibujando enemigo en posición: {X:1283,6038 Y:1283,6038}
[EnemyRenderer] Enemigos activos para dibujar: 1
[Camera] Posición: {X:821,99976 Y:901,99976}, Zoom: 1
[EnemyManager] Enemigo activo en posición: {X:1283,6038 Y:1283,6038}
[EnemyManager] Enemigos activos: 1
[EnemyRenderer] Dibujando enemigo en posición: {X:1283,7704 Y:1283,7704}
[EnemyRenderer] Enemigos activos para dibujar: 1
[Camera] Posición: {X:821,99976 Y:901,99976}, Zoom: 1
[EnemyManager] Enemigo activo en posición: {X:1283,7704 Y:1283,7704}
[EnemyManager] Enemigos activos: 1
[EnemyRenderer] Dibujando enemigo en posición: {X:1283,937 Y:1283,937}
[EnemyRenderer] Enemigos activos para dibujar: 1
[Camera] Posición: {X:821,99976 Y:901,99976}, Zoom: 1
[EnemyManager] Enemigo activo en posición: {X:1283,937 Y:1283,937}
[EnemyManager] Enemigos activos: 1
[EnemyRenderer] Dibujando enemigo en posición: {X:1284,1036 Y:1284,1036}
[EnemyRenderer] Enemigos activos para dibujar: 1
[Camera] Posición: {X:821,99976 Y:901,99976}, Zoom: 1
[EnemyManager] Enemigo activo en posición: {X:1284,1036 Y:1284,1036}
[EnemyManager] Enemigos activos: 1
[EnemyRenderer] Dibujando enemigo en posición: {X:1284,2703 Y:1284,2703}
[EnemyRenderer] Enemigos activos para dibujar: 1
[Camera] Posición: {X:821,99976 Y:901,99976}, Zoom: 1
[EnemyManager] Enemigo activo en posición: {X:1284,2703 Y:1284,2703}
[EnemyManager] Enemigos activos: 1
[EnemyRenderer] Dibujando enemigo en posición: {X:1284,4369 Y:1284,4369}
[EnemyRenderer] Enemigos activos para dibujar: 1
[Camera] Posición: {X:821,99976 Y:901,99976}, Zoom: 1
[EnemyManager] Enemigo activo en posición: {X:1284,4369 Y:1284,4369}
[EnemyManager] Enemigos activos: 1
[EnemyRenderer] Dibujando enemigo en posición: {X:1284,6035 Y:1284,6035}
[EnemyRenderer] Enemigos activos para dibujar: 1
[Camera] Posición: {X:821,99976 Y:901,99976}, Zoom: 1
[EnemyManager] Enemigo activo en posición: {X:1284,6035 Y:1284,6035}
[EnemyManager] Enemigos activos: 1
[EnemyRenderer] Dibujando enemigo en posición: {X:1284,7701 Y:1284,7701}
[EnemyRenderer] Enemigos activos para dibujar: 1
[Camera] Posición: {X:821,99976 Y:901,99976}, Zoom: 1
[EnemyManager] Enemigo activo en posición: {X:1284,7701 Y:1284,7701}
[EnemyManager] Enemigos activos: 1
[EnemyRenderer] Dibujando enemigo en posición: {X:1284,9368 Y:1284,9368}
[EnemyRenderer] Enemigos activos para dibujar: 1
[Camera] Posición: {X:821,99976 Y:901,99976}, Zoom: 1
[EnemyManager] Enemigo activo en posición: {X:1284,9368 Y:1284,9368}
[EnemyManager] Enemigos activos: 1
[EnemyRenderer] Dibujando enemigo en posición: {X:1285,1034 Y:1285,1034}
[EnemyRenderer] Enemigos activos para dibujar: 1
[Camera] Posición: {X:821,99976 Y:901,99976}, Zoom: 1
[EnemyManager] Enemigo activo en posición: {X:1285,1034 Y:1285,1034}
[EnemyManager] Enemigos activos: 1
[EnemyRenderer] Dibujando enemigo en posición: {X:1285,27 Y:1285,27}
[EnemyRenderer] Enemigos activos para dibujar: 1
[Camera] Posición: {X:821,99976 Y:901,99976}, Zoom: 1
[EnemyManager] Enemigo activo en posición: {X:1285,27 Y:1285,27}
[EnemyManager] Enemigos activos: 1
[EnemyRenderer] Dibujando enemigo en posición: {X:1285,4366 Y:1285,4366}
[EnemyRenderer] Enemigos activos para dibujar: 1
[Camera] Posición: {X:821,99976 Y:901,99976}, Zoom: 1
[EnemyManager] Enemigo activo en posición: {X:1285,4366 Y:1285,4366}
[EnemyManager] Enemigos activos: 1
[EnemyRenderer] Dibujando enemigo en posición: {X:1285,6033 Y:1285,6033}
[EnemyRenderer] Enemigos activos para dibujar: 1
[Camera] Posición: {X:821,99976 Y:901,99976}, Zoom: 1
[EnemyManager] Enemigo activo en posición: {X:1285,6033 Y:1285,6033}
[EnemyManager] Enemigos activos: 1
[EnemyRenderer] Dibujando enemigo en posición: {X:1285,7699 Y:1285,7699}
[EnemyRenderer] Enemigos activos para dibujar: 1
[Camera] Posición: {X:821,99976 Y:901,99976}, Zoom: 1
[EnemyManager] Enemigo activo en posición: {X:1285,7699 Y:1285,7699}
[EnemyManager] Enemigos activos: 1
[EnemyRenderer] Dibujando enemigo en posición: {X:1285,9365 Y:1285,9365}
[EnemyRenderer] Enemigos activos para dibujar: 1
[Camera] Posición: {X:821,99976 Y:901,99976}, Zoom: 1
[EnemyManager] Enemigo activo en posición: {X:1285,9365 Y:1285,9365}
[EnemyManager] Enemigos activos: 1
[EnemyRenderer] Dibujando enemigo en posición: {X:1286,1031 Y:1286,1031}
[EnemyRenderer] Enemigos activos para dibujar: 1
[Camera] Posición: {X:821,99976 Y:901,99976}, Zoom: 1
[EnemyManager] Enemigo activo en posición: {X:1286,1031 Y:1286,1031}
[EnemyManager] Enemigos activos: 1
[EnemyRenderer] Dibujando enemigo en posición: {X:1286,2698 Y:1286,2698}
[EnemyRenderer] Enemigos activos para dibujar: 1
[Camera] Posición: {X:821,99976 Y:901,99976}, Zoom: 1
[EnemyManager] Enemigo activo en posición: {X:1286,2698 Y:1286,2698}
[EnemyManager] Enemigos activos: 1
[EnemyRenderer] Dibujando enemigo en posición: {X:1286,4364 Y:1286,4364}
[EnemyRenderer] Enemigos activos para dibujar: 1
[Camera] Posición: {X:821,99976 Y:901,99976}, Zoom: 1
[EnemyManager] Enemigo activo en posición: {X:1286,4364 Y:1286,4364}
[EnemyManager] Enemigos activos: 1
[EnemyRenderer] Dibujando enemigo en posición: {X:1286,603 Y:1286,603}
[EnemyRenderer] Enemigos activos para dibujar: 1
[Camera] Posición: {X:821,99976 Y:901,99976}, Zoom: 1
[EnemyManager] Enemigo activo en posición: {X:1286,603 Y:1286,603}
[EnemyManager] Enemigos activos: 1
[EnemyRenderer] Dibujando enemigo en posición: {X:1286,7697 Y:1286,7697}
[EnemyRenderer] Enemigos activos para dibujar: 1
[Camera] Posición: {X:821,99976 Y:901,99976}, Zoom: 1
[EnemyManager] Enemigo activo en posición: {X:1286,7697 Y:1286,7697}
[EnemyManager] Enemigos activos: 1
[EnemyRenderer] Dibujando enemigo en posición: {X:1286,9363 Y:1286,9363}
[EnemyRenderer] Enemigos activos para dibujar: 1
[Camera] Posición: {X:821,99976 Y:901,99976}, Zoom: 1
[EnemyManager] Enemigo activo en posición: {X:1286,9363 Y:1286,9363}
[EnemyManager] Enemigos activos: 1
[EnemyRenderer] Dibujando enemigo en posición: {X:1287,1029 Y:1287,1029}
[EnemyRenderer] Enemigos activos para dibujar: 1
[Camera] Posición: {X:821,99976 Y:901,99976}, Zoom: 1
[EnemyManager] Enemigo activo en posición: {X:1287,1029 Y:1287,1029}
[EnemyManager] Enemigos activos: 1
[EnemyRenderer] Dibujando enemigo en posición: {X:1287,2695 Y:1287,2695}
[EnemyRenderer] Enemigos activos para dibujar: 1
[Camera] Posición: {X:821,99976 Y:901,99976}, Zoom: 1
[EnemyManager] Enemigo activo en posición: {X:1287,2695 Y:1287,2695}
[EnemyManager] Enemigos activos: 1
[EnemyRenderer] Dibujando enemigo en posición: {X:1287,4362 Y:1287,4362}
[EnemyRenderer] Enemigos activos para dibujar: 1
[Camera] Posición: {X:821,99976 Y:901,99976}, Zoom: 1
[EnemyManager] Enemigo activo en posición: {X:1287,4362 Y:1287,4362}
[EnemyManager] Enemigos activos: 1
[EnemyRenderer] Dibujando enemigo en posición: {X:1287,6028 Y:1287,6028}
[EnemyRenderer] Enemigos activos para dibujar: 1
[Camera] Posición: {X:821,99976 Y:901,99976}, Zoom: 1
[EnemyManager] Enemigo activo en posición: {X:1287,6028 Y:1287,6028}
[EnemyManager] Enemigos activos: 1
[EnemyRenderer] Dibujando enemigo en posición: {X:1287,7694 Y:1287,7694}
[EnemyRenderer] Enemigos activos para dibujar: 1
[Camera] Posición: {X:821,99976 Y:901,99976}, Zoom: 1
[EnemyManager] Enemigo activo en posición: {X:1287,7694 Y:1287,7694}
[EnemyManager] Enemigos activos: 1
[EnemyRenderer] Dibujando enemigo en posición: {X:1287,936 Y:1287,936}
[EnemyRenderer] Enemigos activos para dibujar: 1
[Camera] Posición: {X:821,99976 Y:901,99976}, Zoom: 1
[EnemyManager] Enemigo activo en posición: {X:1287,936 Y:1287,936}
[EnemyManager] Enemigos activos: 1
[EnemyRenderer] Dibujando enemigo en posición: {X:1288,1027 Y:1288,1027}
[EnemyRenderer] Enemigos activos para dibujar: 1
[Camera] Posición: {X:821,99976 Y:901,99976}, Zoom: 1
[EnemyManager] Enemigo activo en posición: {X:1288,1027 Y:1288,1027}
[EnemyManager] Enemigos activos: 1
[EnemyRenderer] Dibujando enemigo en posición: {X:1288,2693 Y:1288,2693}
[EnemyRenderer] Enemigos activos para dibujar: 1
[Camera] Posición: {X:821,99976 Y:901,99976}, Zoom: 1
[EnemyManager] Enemigo activo en posición: {X:1288,2693 Y:1288,2693}
[EnemyManager] Enemigos activos: 1
[EnemyRenderer] Dibujando enemigo en posición: {X:1288,4359 Y:1288,4359}
[EnemyRenderer] Enemigos activos para dibujar: 1
[Camera] Posición: {X:821,99976 Y:901,99976}, Zoom: 1
[EnemyManager] Enemigo activo en posición: {X:1288,4359 Y:1288,4359}
[EnemyManager] Enemigos activos: 1
[EnemyRenderer] Dibujando enemigo en posición: {X:1288,6025 Y:1288,6025}
[EnemyRenderer] Enemigos activos para dibujar: 1
[Camera] Posición: {X:821,99976 Y:901,99976}, Zoom: 1
[EnemyManager] Enemigo activo en posición: {X:1288,6025 Y:1288,6025}
[EnemyManager] Enemigos activos: 1
[EnemyRenderer] Dibujando enemigo en posición: {X:1288,7692 Y:1288,7692}
[EnemyRenderer] Enemigos activos para dibujar: 1
[Camera] Posición: {X:821,99976 Y:901,99976}, Zoom: 1
[EnemyManager] Enemigo activo en posición: {X:1288,7692 Y:1288,7692}
[EnemyManager] Enemigos activos: 1
[EnemyRenderer] Dibujando enemigo en posición: {X:1288,9358 Y:1288,9358}
[EnemyRenderer] Enemigos activos para dibujar: 1
[Camera] Posición: {X:821,99976 Y:901,99976}, Zoom: 1
[EnemyManager] Enemigo activo en posición: {X:1288,9358 Y:1288,9358}
[EnemyManager] Enemigos activos: 1
[EnemyRenderer] Dibujando enemigo en posición: {X:1289,1024 Y:1289,1024}
[EnemyRenderer] Enemigos activos para dibujar: 1
[Camera] Posición: {X:821,99976 Y:901,99976}, Zoom: 1
[EnemyManager] Enemigo activo en posición: {X:1289,1024 Y:1289,1024}
[EnemyManager] Enemigos activos: 1
[EnemyRenderer] Dibujando enemigo en posición: {X:1289,269 Y:1289,269}
[EnemyRenderer] Enemigos activos para dibujar: 1
[Camera] Posición: {X:821,99976 Y:901,99976}, Zoom: 1
[EnemyManager] Enemigo activo en posición: {X:1289,269 Y:1289,269}
[EnemyManager] Enemigos activos: 1
[EnemyRenderer] Dibujando enemigo en posición: {X:1289,4357 Y:1289,4357}
[EnemyRenderer] Enemigos activos para dibujar: 1
[Camera] Posición: {X:821,99976 Y:901,99976}, Zoom: 1
[EnemyManager] Enemigo activo en posición: {X:1289,4357 Y:1289,4357}
[EnemyManager] Enemigos activos: 1
[EnemyRenderer] Dibujando enemigo en posición: {X:1289,6023 Y:1289,6023}
[EnemyRenderer] Enemigos activos para dibujar: 1
[Camera] Posición: {X:821,99976 Y:901,99976}, Zoom: 1
[EnemyManager] Enemigo activo en posición: {X:1289,6023 Y:1289,6023}
[EnemyManager] Enemigos activos: 1
[EnemyRenderer] Dibujando enemigo en posición: {X:1289,7689 Y:1289,7689}
[EnemyRenderer] Enemigos activos para dibujar: 1
[Camera] Posición: {X:821,99976 Y:901,99976}, Zoom: 1
[EnemyManager] Enemigo activo en posición: {X:1289,7689 Y:1289,7689}
[EnemyManager] Enemigos activos: 1
[EnemyRenderer] Dibujando enemigo en posición: {X:1289,9355 Y:1289,9355}
[EnemyRenderer] Enemigos activos para dibujar: 1
[Camera] Posición: {X:821,99976 Y:901,99976}, Zoom: 1
[EnemyManager] Enemigo activo en posición: {X:1289,9355 Y:1289,9355}
[EnemyManager] Enemigos activos: 1
[EnemyRenderer] Dibujando enemigo en posición: {X:1290,1022 Y:1290,1022}
[EnemyRenderer] Enemigos activos para dibujar: 1
[Camera] Posición: {X:821,99976 Y:901,99976}, Zoom: 1
[EnemyManager] Enemigo activo en posición: {X:1290,1022 Y:1290,1022}
[EnemyManager] Enemigos activos: 1
[EnemyRenderer] Dibujando enemigo en posición: {X:1290,2688 Y:1290,2688}
[EnemyRenderer] Enemigos activos para dibujar: 1
[Camera] Posición: {X:821,99976 Y:901,99976}, Zoom: 1
[EnemyManager] Enemigo activo en posición: {X:1290,2688 Y:1290,2688}
[EnemyManager] Enemigos activos: 1
[EnemyRenderer] Dibujando enemigo en posición: {X:1290,4354 Y:1290,4354}
[EnemyRenderer] Enemigos activos para dibujar: 1
[Camera] Posición: {X:821,99976 Y:901,99976}, Zoom: 1
[EnemyManager] Enemigo activo en posición: {X:1290,4354 Y:1290,4354}
[EnemyManager] Enemigos activos: 1
[EnemyRenderer] Dibujando enemigo en posición: {X:1290,602 Y:1290,602}
[EnemyRenderer] Enemigos activos para dibujar: 1
[Camera] Posición: {X:821,99976 Y:901,99976}, Zoom: 1
[EnemyManager] Enemigo activo en posición: {X:1290,602 Y:1290,602}
[EnemyManager] Enemigos activos: 1
[EnemyRenderer] Dibujando enemigo en posición: {X:1290,7687 Y:1290,7687}
[EnemyRenderer] Enemigos activos para dibujar: 1
[Camera] Posición: {X:821,99976 Y:901,99976}, Zoom: 1
[EnemyManager] Enemigo activo en posición: {X:1290,7687 Y:1290,7687}
[EnemyManager] Enemigos activos: 1
[EnemyRenderer] Dibujando enemigo en posición: {X:1290,9353 Y:1290,9353}
[EnemyRenderer] Enemigos activos para dibujar: 1
[Camera] Posición: {X:821,99976 Y:901,99976}, Zoom: 1
[EnemyManager] Enemigo activo en posición: {X:1290,9353 Y:1290,9353}
[EnemyManager] Enemigos activos: 1
[EnemyRenderer] Dibujando enemigo en posición: {X:1291,1019 Y:1291,1019}
[EnemyRenderer] Enemigos activos para dibujar: 1
[Camera] Posición: {X:821,99976 Y:901,99976}, Zoom: 1
[EnemyManager] Enemigo activo en posición: {X:1291,1019 Y:1291,1019}
[EnemyManager] Enemigos activos: 1
[EnemyRenderer] Dibujando enemigo en posición: {X:1291,2686 Y:1291,2686}
[EnemyRenderer] Enemigos activos para dibujar: 1
[Camera] Posición: {X:821,99976 Y:901,99976}, Zoom: 1
[EnemyManager] Enemigo activo en posición: {X:1291,2686 Y:1291,2686}
[EnemyManager] Enemigos activos: 1
[EnemyRenderer] Dibujando enemigo en posición: {X:1291,4352 Y:1291,4352}
[EnemyRenderer] Enemigos activos para dibujar: 1
[Camera] Posición: {X:821,99976 Y:901,99976}, Zoom: 1
[EnemyManager] Enemigo activo en posición: {X:1291,4352 Y:1291,4352}
[EnemyManager] Enemigos activos: 1
[EnemyRenderer] Dibujando enemigo en posición: {X:1291,6018 Y:1291,6018}
[EnemyRenderer] Enemigos activos para dibujar: 1
[Camera] Posición: {X:821,99976 Y:901,99976}, Zoom: 1
[EnemyManager] Enemigo activo en posición: {X:1291,6018 Y:1291,6018}
[EnemyManager] Enemigos activos: 1
[EnemyRenderer] Dibujando enemigo en posición: {X:1291,7684 Y:1291,7684}
[EnemyRenderer] Enemigos activos para dibujar: 1
[Camera] Posición: {X:821,99976 Y:901,99976}, Zoom: 1
[EnemyManager] Enemigo activo en posición: {X:1291,7684 Y:1291,7684}
[EnemyManager] Enemigos activos: 1
[EnemyRenderer] Dibujando enemigo en posición: {X:1291,935 Y:1291,935}
[EnemyRenderer] Enemigos activos para dibujar: 1
[Camera] Posición: {X:821,99976 Y:901,99976}, Zoom: 1
[EnemyManager] Enemigo activo en posición: {X:1291,935 Y:1291,935}
[EnemyManager] Enemigos activos: 1
[EnemyRenderer] Dibujando enemigo en posición: {X:1292,1017 Y:1292,1017}
[EnemyRenderer] Enemigos activos para dibujar: 1
[Camera] Posición: {X:821,99976 Y:901,99976}, Zoom: 1
[EnemyManager] Enemigo activo en posición: {X:1292,1017 Y:1292,1017}
[EnemyManager] Enemigos activos: 1
[EnemyRenderer] Dibujando enemigo en posición: {X:1292,2683 Y:1292,2683}
[EnemyRenderer] Enemigos activos para dibujar: 1
[Camera] Posición: {X:821,99976 Y:901,99976}, Zoom: 1
[EnemyManager] Enemigo activo en posición: {X:1292,2683 Y:1292,2683}
[EnemyManager] Enemigos activos: 1
[EnemyRenderer] Dibujando enemigo en posición: {X:1292,4349 Y:1292,4349}
[EnemyRenderer] Enemigos activos para dibujar: 1
[Camera] Posición: {X:821,99976 Y:901,99976}, Zoom: 1
[EnemyManager] Enemigo activo en posición: {X:1292,4349 Y:1292,4349}
[EnemyManager] Enemigos activos: 1
[EnemyRenderer] Dibujando enemigo en posición: {X:1292,6016 Y:1292,6016}
[EnemyRenderer] Enemigos activos para dibujar: 1
[Camera] Posición: {X:821,99976 Y:901,99976}, Zoom: 1
[EnemyManager] Enemigo activo en posición: {X:1292,6016 Y:1292,6016}
[EnemyManager] Enemigos activos: 1
[EnemyRenderer] Dibujando enemigo en posición: {X:1292,7682 Y:1292,7682}
[EnemyRenderer] Enemigos activos para dibujar: 1
[Camera] Posición: {X:821,99976 Y:901,99976}, Zoom: 1
[EnemyManager] Enemigo activo en posición: {X:1292,7682 Y:1292,7682}
[EnemyManager] Enemigos activos: 1
[EnemyRenderer] Dibujando enemigo en posición: {X:1292,9348 Y:1292,9348}
[EnemyRenderer] Enemigos activos para dibujar: 1
[Camera] Posición: {X:821,99976 Y:901,99976}, Zoom: 1
[EnemyManager] Enemigo activo en posición: {X:1292,9348 Y:1292,9348}
[EnemyManager] Enemigos activos: 1
[EnemyRenderer] Dibujando enemigo en posición: {X:1293,1014 Y:1293,1014}
[EnemyRenderer] Enemigos activos para dibujar: 1
[Camera] Posición: {X:821,99976 Y:901,99976}, Zoom: 1
[EnemyManager] Enemigo activo en posición: {X:1293,1014 Y:1293,1014}
[EnemyManager] Enemigos activos: 1
[EnemyRenderer] Dibujando enemigo en posición: {X:1293,2681 Y:1293,2681}
[EnemyRenderer] Enemigos activos para dibujar: 1
[Camera] Posición: {X:821,99976 Y:901,99976}, Zoom: 1
[EnemyManager] Enemigo activo en posición: {X:1293,2681 Y:1293,2681}
[EnemyManager] Enemigos activos: 1
[EnemyRenderer] Dibujando enemigo en posición: {X:1293,4347 Y:1293,4347}
[EnemyRenderer] Enemigos activos para dibujar: 1
[Camera] Posición: {X:821,99976 Y:901,99976}, Zoom: 1
[EnemyManager] Enemigo activo en posición: {X:1293,4347 Y:1293,4347}
[EnemyManager] Enemigos activos: 1
[EnemyRenderer] Dibujando enemigo en posición: {X:1293,6013 Y:1293,6013}
[EnemyRenderer] Enemigos activos para dibujar: 1
[Camera] Posición: {X:821,99976 Y:901,99976}, Zoom: 1
[EnemyManager] Enemigo activo en posición: {X:1293,6013 Y:1293,6013}
[EnemyManager] Enemigos activos: 1
[EnemyRenderer] Dibujando enemigo en posición: {X:1293,768 Y:1293,768}
[EnemyRenderer] Enemigos activos para dibujar: 1
[Camera] Posición: {X:821,99976 Y:901,99976}, Zoom: 1
[EnemyManager] Enemigo activo en posición: {X:1293,768 Y:1293,768}
[EnemyManager] Enemigos activos: 1
[EnemyRenderer] Dibujando enemigo en posición: {X:1293,9346 Y:1293,9346}
[EnemyRenderer] Enemigos activos para dibujar: 1
[Camera] Posición: {X:821,99976 Y:901,99976}, Zoom: 1
[EnemyManager] Enemigo activo en posición: {X:1293,9346 Y:1293,9346}
[EnemyManager] Enemigos activos: 1
[EnemyRenderer] Dibujando enemigo en posición: {X:1294,1012 Y:1294,1012}
[EnemyRenderer] Enemigos activos para dibujar: 1
[Camera] Posición: {X:821,99976 Y:901,99976}, Zoom: 1
[EnemyManager] Enemigo activo en posición: {X:1294,1012 Y:1294,1012}
[EnemyManager] Enemigos activos: 1
[EnemyRenderer] Dibujando enemigo en posición: {X:1294,2678 Y:1294,2678}
[EnemyRenderer] Enemigos activos para dibujar: 1
[Camera] Posición: {X:821,99976 Y:901,99976}, Zoom: 1
[EnemyManager] Enemigo activo en posición: {X:1294,2678 Y:1294,2678}
[EnemyManager] Enemigos activos: 1
[EnemyRenderer] Dibujando enemigo en posición: {X:1294,4344 Y:1294,4344}
[EnemyRenderer] Enemigos activos para dibujar: 1
[Camera] Posición: {X:821,99976 Y:901,99976}, Zoom: 1
[EnemyManager] Enemigo activo en posición: {X:1294,4344 Y:1294,4344}
[EnemyManager] Enemigos activos: 1
[EnemyRenderer] Dibujando enemigo en posición: {X:1294,6011 Y:1294,6011}
[EnemyRenderer] Enemigos activos para dibujar: 1
[Camera] Posición: {X:821,99976 Y:901,99976}, Zoom: 1
[EnemyManager] Enemigo activo en posición: {X:1294,6011 Y:1294,6011}
[EnemyManager] Enemigos activos: 1
[EnemyRenderer] Dibujando enemigo en posición: {X:1294,7677 Y:1294,7677}
[EnemyRenderer] Enemigos activos para dibujar: 1
[Camera] Posición: {X:821,99976 Y:901,99976}, Zoom: 1
[EnemyManager] Enemigo activo en posición: {X:1294,7677 Y:1294,7677}
[EnemyManager] Enemigos activos: 1
[EnemyRenderer] Dibujando enemigo en posición: {X:1294,9343 Y:1294,9343}
[EnemyRenderer] Enemigos activos para dibujar: 1
[Camera] Posición: {X:821,99976 Y:901,99976}, Zoom: 1
[EnemyManager] Enemigo activo en posición: {X:1294,9343 Y:1294,9343}
[EnemyManager] Enemigos activos: 1
[EnemyRenderer] Dibujando enemigo en posición: {X:1295,101 Y:1295,101}
[EnemyRenderer] Enemigos activos para dibujar: 1
[Camera] Posición: {X:821,99976 Y:901,99976}, Zoom: 1
[EnemyManager] Enemigo activo en posición: {X:1295,101 Y:1295,101}
[EnemyManager] Enemigos activos: 1
[EnemyRenderer] Dibujando enemigo en posición: {X:1295,2676 Y:1295,2676}
[EnemyRenderer] Enemigos activos para dibujar: 1
[Camera] Posición: {X:821,99976 Y:901,99976}, Zoom: 1
[EnemyManager] Enemigo activo en posición: {X:1295,2676 Y:1295,2676}
[EnemyManager] Enemigos activos: 1
[EnemyRenderer] Dibujando enemigo en posición: {X:1295,4342 Y:1295,4342}
[EnemyRenderer] Enemigos activos para dibujar: 1
[Camera] Posición: {X:821,99976 Y:901,99976}, Zoom: 1
[EnemyManager] Enemigo activo en posición: {X:1295,4342 Y:1295,4342}
[EnemyManager] Enemigos activos: 1
[EnemyRenderer] Dibujando enemigo en posición: {X:1295,6008 Y:1295,6008}
[EnemyRenderer] Enemigos activos para dibujar: 1
[Camera] Posición: {X:821,99976 Y:901,99976}, Zoom: 1
[EnemyManager] Enemigo activo en posición: {X:1295,6008 Y:1295,6008}
[EnemyManager] Enemigos activos: 1
[EnemyRenderer] Dibujando enemigo en posición: {X:1295,7675 Y:1295,7675}
[EnemyRenderer] Enemigos activos para dibujar: 1
[Camera] Posición: {X:821,99976 Y:901,99976}, Zoom: 1
[EnemyManager] Enemigo activo en posición: {X:1295,7675 Y:1295,7675}
[EnemyManager] Enemigos activos: 1
[EnemyRenderer] Dibujando enemigo en posición: {X:1295,9341 Y:1295,9341}
[EnemyRenderer] Enemigos activos para dibujar: 1
[Camera] Posición: {X:821,99976 Y:901,99976}, Zoom: 1
[EnemyManager] Enemigo activo en posición: {X:1295,9341 Y:1295,9341}
[EnemyManager] Enemigos activos: 1
[EnemyRenderer] Dibujando enemigo en posición: {X:1296,1007 Y:1296,1007}
[EnemyRenderer] Enemigos activos para dibujar: 1
[Camera] Posición: {X:821,99976 Y:901,99976}, Zoom: 1
[EnemyManager] Enemigo activo en posición: {X:1296,1007 Y:1296,1007}
[EnemyManager] Enemigos activos: 1
[EnemyRenderer] Dibujando enemigo en posición: {X:1296,2673 Y:1296,2673}
[EnemyRenderer] Enemigos activos para dibujar: 1
[Camera] Posición: {X:821,99976 Y:901,99976}, Zoom: 1
[EnemyManager] Enemigo activo en posición: {X:1296,2673 Y:1296,2673}
[EnemyManager] Enemigos activos: 1
[EnemyRenderer] Dibujando enemigo en posición: {X:1296,434 Y:1296,434}
[EnemyRenderer] Enemigos activos para dibujar: 1
[Camera] Posición: {X:821,99976 Y:901,99976}, Zoom: 1
[EnemyManager] Enemigo activo en posición: {X:1296,434 Y:1296,434}
[EnemyManager] Enemigos activos: 1
[EnemyRenderer] Dibujando enemigo en posición: {X:1296,6006 Y:1296,6006}
[EnemyRenderer] Enemigos activos para dibujar: 1
[Camera] Posición: {X:821,99976 Y:901,99976}, Zoom: 1
[EnemyManager] Enemigo activo en posición: {X:1296,6006 Y:1296,6006}
[EnemyManager] Enemigos activos: 1
[EnemyRenderer] Dibujando enemigo en posición: {X:1296,7672 Y:1296,7672}
[EnemyRenderer] Enemigos activos para dibujar: 1
[Camera] Posición: {X:821,99976 Y:901,99976}, Zoom: 1
[EnemyManager] Enemigo activo en posición: {X:1296,7672 Y:1296,7672}
[EnemyManager] Enemigos activos: 1
[EnemyRenderer] Dibujando enemigo en posición: {X:1296,9338 Y:1296,9338}
[EnemyRenderer] Enemigos activos para dibujar: 1
[Camera] Posición: {X:821,99976 Y:901,99976}, Zoom: 1
[EnemyManager] Enemigo activo en posición: {X:1296,9338 Y:1296,9338}
[EnemyManager] Enemigos activos: 1
[EnemyRenderer] Dibujando enemigo en posición: {X:1297,1005 Y:1297,1005}
[EnemyRenderer] Enemigos activos para dibujar: 1
[Camera] Posición: {X:821,99976 Y:901,99976}, Zoom: 1
[EnemyManager] Enemigo activo en posición: {X:1297,1005 Y:1297,1005}
[EnemyManager] Enemigos activos: 1
[EnemyRenderer] Dibujando enemigo en posición: {X:1297,2671 Y:1297,2671}
[EnemyRenderer] Enemigos activos para dibujar: 1
[Camera] Posición: {X:821,99976 Y:901,99976}, Zoom: 1
[EnemyManager] Enemigo activo en posición: {X:1297,2671 Y:1297,2671}
[EnemyManager] Enemigos activos: 1
[EnemyRenderer] Dibujando enemigo en posición: {X:1297,4337 Y:1297,4337}
[EnemyRenderer] Enemigos activos para dibujar: 1
[Camera] Posición: {X:821,99976 Y:901,99976}, Zoom: 1
[EnemyManager] Enemigo activo en posición: {X:1297,4337 Y:1297,4337}
[EnemyManager] Enemigos activos: 1
[EnemyRenderer] Dibujando enemigo en posición: {X:1297,6003 Y:1297,6003}
[EnemyRenderer] Enemigos activos para dibujar: 1
[Camera] Posición: {X:821,99976 Y:901,99976}, Zoom: 1
[EnemyManager] Enemigo activo en posición: {X:1297,6003 Y:1297,6003}
[EnemyManager] Enemigos activos: 1
[EnemyRenderer] Dibujando enemigo en posición: {X:1297,767 Y:1297,767}
[EnemyRenderer] Enemigos activos para dibujar: 1
[Camera] Posición: {X:821,99976 Y:901,99976}, Zoom: 1
[EnemyManager] Enemigo activo en posición: {X:1297,767 Y:1297,767}
[EnemyManager] Enemigos activos: 1
[EnemyRenderer] Dibujando enemigo en posición: {X:1297,9336 Y:1297,9336}
[EnemyRenderer] Enemigos activos para dibujar: 1
[Camera] Posición: {X:821,99976 Y:901,99976}, Zoom: 1
[EnemyManager] Enemigo activo en posición: {X:1297,9336 Y:1297,9336}
[EnemyManager] Enemigos activos: 1
[EnemyRenderer] Dibujando enemigo en posición: {X:1298,1002 Y:1298,1002}
[EnemyRenderer] Enemigos activos para dibujar: 1
[Camera] Posición: {X:821,99976 Y:901,99976}, Zoom: 1
[EnemyManager] Enemigo activo en posición: {X:1298,1002 Y:1298,1002}
[EnemyManager] Enemigos activos: 1
[EnemyRenderer] Dibujando enemigo en posición: {X:1298,2668 Y:1298,2668}
[EnemyRenderer] Enemigos activos para dibujar: 1
[Camera] Posición: {X:821,99976 Y:901,99976}, Zoom: 1
[EnemyManager] Enemigo activo en posición: {X:1298,2668 Y:1298,2668}
[EnemyManager] Enemigos activos: 1
[EnemyRenderer] Dibujando enemigo en posición: {X:1298,4335 Y:1298,4335}
[EnemyRenderer] Enemigos activos para dibujar: 1
[Camera] Posición: {X:821,99976 Y:901,99976}, Zoom: 1
[EnemyManager] Enemigo activo en posición: {X:1298,4335 Y:1298,4335}
[EnemyManager] Enemigos activos: 1
[EnemyRenderer] Dibujando enemigo en posición: {X:1298,6001 Y:1298,6001}
[EnemyRenderer] Enemigos activos para dibujar: 1
[Camera] Posición: {X:821,99976 Y:901,99976}, Zoom: 1
[EnemyManager] Enemigo activo en posición: {X:1298,6001 Y:1298,6001}
[EnemyManager] Enemigos activos: 1
[EnemyRenderer] Dibujando enemigo en posición: {X:1298,7667 Y:1298,7667}
[EnemyRenderer] Enemigos activos para dibujar: 1
[Camera] Posición: {X:821,99976 Y:901,99976}, Zoom: 1
[EnemyManager] Enemigo activo en posición: {X:1298,7667 Y:1298,7667}
[EnemyManager] Enemigos activos: 1
[EnemyRenderer] Dibujando enemigo en posición: {X:1298,9333 Y:1298,9333}
[EnemyRenderer] Enemigos activos para dibujar: 1
[Camera] Posición: {X:821,99976 Y:901,99976}, Zoom: 1
[EnemyManager] Enemigo activo en posición: {X:1298,9333 Y:1298,9333}
[EnemyManager] Enemigos activos: 1
[EnemyRenderer] Dibujando enemigo en posición: {X:1299,1 Y:1299,1}
[EnemyRenderer] Enemigos activos para dibujar: 1
[Camera] Posición: {X:821,99976 Y:901,99976}, Zoom: 1
[EnemyManager] Enemigo activo en posición: {X:1299,1 Y:1299,1}
[EnemyManager] Enemigos activos: 1
[EnemyRenderer] Dibujando enemigo en posición: {X:1299,2666 Y:1299,2666}
[EnemyRenderer] Enemigos activos para dibujar: 1
[Camera] Posición: {X:821,99976 Y:901,99976}, Zoom: 1
[EnemyManager] Enemigo activo en posición: {X:1299,2666 Y:1299,2666}
[EnemyManager] Enemigos activos: 1
[EnemyRenderer] Dibujando enemigo en posición: {X:1299,4332 Y:1299,4332}
[EnemyRenderer] Enemigos activos para dibujar: 1
[Camera] Posición: {X:821,99976 Y:901,99976}, Zoom: 1
[EnemyManager] Enemigo activo en posición: {X:1299,4332 Y:1299,4332}
[EnemyManager] Enemigos activos: 1
[EnemyRenderer] Dibujando enemigo en posición: {X:1299,5999 Y:1299,5999}
[EnemyRenderer] Enemigos activos para dibujar: 1
[Camera] Posición: {X:821,99976 Y:901,99976}, Zoom: 1
[EnemyManager] Enemigo activo en posición: {X:1299,5999 Y:1299,5999}
[EnemyManager] Enemigos activos: 1
[EnemyRenderer] Dibujando enemigo en posición: {X:1299,7665 Y:1299,7665}
[EnemyRenderer] Enemigos activos para dibujar: 1
[Camera] Posición: {X:821,99976 Y:901,99976}, Zoom: 1
[EnemyManager] Enemigo activo en posición: {X:1299,7665 Y:1299,7665}
[EnemyManager] Enemigos activos: 1
[EnemyRenderer] Dibujando enemigo en posición: {X:1299,9331 Y:1299,9331}
[EnemyRenderer] Enemigos activos para dibujar: 1
[Camera] Posición: {X:821,99976 Y:901,99976}, Zoom: 1
[EnemyManager] Enemigo activo en posición: {X:1299,9331 Y:1299,9331}
[EnemyManager] Enemigos activos: 1
[EnemyRenderer] Dibujando enemigo en posición: {X:1300,0997 Y:1300,0997}
[EnemyRenderer] Enemigos activos para dibujar: 1
[Camera] Posición: {X:821,99976 Y:901,99976}, Zoom: 1
[EnemyManager] Enemigo activo en posición: {X:1300,0997 Y:1300,0997}
[EnemyManager] Enemigos activos: 1
[EnemyRenderer] Dibujando enemigo en posición: {X:1300,2664 Y:1300,2664}
[EnemyRenderer] Enemigos activos para dibujar: 1
[Camera] Posición: {X:821,99976 Y:901,99976}, Zoom: 1
[EnemyManager] Enemigo activo en posición: {X:1300,2664 Y:1300,2664}
[EnemyManager] Enemigos activos: 1
[EnemyRenderer] Dibujando enemigo en posición: {X:1300,433 Y:1300,433}
[EnemyRenderer] Enemigos activos para dibujar: 1
[Camera] Posición: {X:821,99976 Y:901,99976}, Zoom: 1
[EnemyManager] Enemigo activo en posición: {X:1300,433 Y:1300,433}
[EnemyManager] Enemigos activos: 1
[EnemyRenderer] Dibujando enemigo en posición: {X:1300,5996 Y:1300,5996}
[EnemyRenderer] Enemigos activos para dibujar: 1
[Camera] Posición: {X:821,99976 Y:901,99976}, Zoom: 1
[EnemyManager] Enemigo activo en posición: {X:1300,5996 Y:1300,5996}
[EnemyManager] Enemigos activos: 1
[EnemyRenderer] Dibujando enemigo en posición: {X:1300,7662 Y:1300,7662}
[EnemyRenderer] Enemigos activos para dibujar: 1
[Camera] Posición: {X:821,99976 Y:901,99976}, Zoom: 1
[EnemyManager] Enemigo activo en posición: {X:1300,7662 Y:1300,7662}
[EnemyManager] Enemigos activos: 1
[EnemyRenderer] Dibujando enemigo en posición: {X:1300,9329 Y:1300,9329}
[EnemyRenderer] Enemigos activos para dibujar: 1
[Camera] Posición: {X:821,99976 Y:901,99976}, Zoom: 1
[EnemyManager] Enemigo activo en posición: {X:1300,9329 Y:1300,9329}
[EnemyManager] Enemigos activos: 1
[EnemyRenderer] Dibujando enemigo en posición: {X:1301,0995 Y:1301,0995}
[EnemyRenderer] Enemigos activos para dibujar: 1
[Camera] Posición: {X:821,99976 Y:901,99976}, Zoom: 1
[EnemyManager] Enemigo activo en posición: {X:1301,0995 Y:1301,0995}
[EnemyManager] Enemigos activos: 1
[EnemyRenderer] Dibujando enemigo en posición: {X:1301,2661 Y:1301,2661}
[EnemyRenderer] Enemigos activos para dibujar: 1
[Camera] Posición: {X:821,99976 Y:901,99976}, Zoom: 1
[EnemyManager] Enemigo activo en posición: {X:1301,2661 Y:1301,2661}
[EnemyManager] Enemigos activos: 1
[EnemyRenderer] Dibujando enemigo en posición: {X:1301,4327 Y:1301,4327}
[EnemyRenderer] Enemigos activos para dibujar: 1
[Camera] Posición: {X:821,99976 Y:901,99976}, Zoom: 1
[EnemyManager] Enemigo activo en posición: {X:1301,4327 Y:1301,4327}
[EnemyManager] Enemigos activos: 1
[EnemyRenderer] Dibujando enemigo en posición: {X:1301,5994 Y:1301,5994}
[EnemyRenderer] Enemigos activos para dibujar: 1
[Camera] Posición: {X:821,99976 Y:901,99976}, Zoom: 1
[EnemyManager] Enemigo activo en posición: {X:1301,5994 Y:1301,5994}
[EnemyManager] Enemigos activos: 1
[EnemyRenderer] Dibujando enemigo en posición: {X:1301,766 Y:1301,766}
[EnemyRenderer] Enemigos activos para dibujar: 1
[Camera] Posición: {X:821,99976 Y:901,99976}, Zoom: 1
[EnemyManager] Enemigo activo en posición: {X:1301,766 Y:1301,766}
[EnemyManager] Enemigos activos: 1
[EnemyRenderer] Dibujando enemigo en posición: {X:1301,9326 Y:1301,9326}
[EnemyRenderer] Enemigos activos para dibujar: 1
[Camera] Posición: {X:821,99976 Y:901,99976}, Zoom: 1
[EnemyManager] Enemigo activo en posición: {X:1301,9326 Y:1301,9326}
[EnemyManager] Enemigos activos: 1
[EnemyRenderer] Dibujando enemigo en posición: {X:1302,0992 Y:1302,0992}
[EnemyRenderer] Enemigos activos para dibujar: 1
[Camera] Posición: {X:821,99976 Y:901,99976}, Zoom: 1
[EnemyManager] Enemigo activo en posición: {X:1302,0992 Y:1302,0992}
[EnemyManager] Enemigos activos: 1
[EnemyRenderer] Dibujando enemigo en posición: {X:1302,2659 Y:1302,2659}
[EnemyRenderer] Enemigos activos para dibujar: 1
[Camera] Posición: {X:821,99976 Y:901,99976}, Zoom: 1
[EnemyManager] Enemigo activo en posición: {X:1302,2659 Y:1302,2659}
[EnemyManager] Enemigos activos: 1
[EnemyRenderer] Dibujando enemigo en posición: {X:1302,4325 Y:1302,4325}
[EnemyRenderer] Enemigos activos para dibujar: 1
[Camera] Posición: {X:821,99976 Y:901,99976}, Zoom: 1
[EnemyManager] Enemigo activo en posición: {X:1302,4325 Y:1302,4325}
[EnemyManager] Enemigos activos: 1
[EnemyRenderer] Dibujando enemigo en posición: {X:1302,5991 Y:1302,5991}
[EnemyRenderer] Enemigos activos para dibujar: 1
[Camera] Posición: {X:821,99976 Y:901,99976}, Zoom: 1
[EnemyManager] Enemigo activo en posición: {X:1302,5991 Y:1302,5991}
[EnemyManager] Enemigos activos: 1
[EnemyRenderer] Dibujando enemigo en posición: {X:1302,7657 Y:1302,7657}
[EnemyRenderer] Enemigos activos para dibujar: 1
[Camera] Posición: {X:821,99976 Y:901,99976}, Zoom: 1
[EnemyManager] Enemigo activo en posición: {X:1302,7657 Y:1302,7657}
[EnemyManager] Enemigos activos: 1
[EnemyRenderer] Dibujando enemigo en posición: {X:1302,9324 Y:1302,9324}
[EnemyRenderer] Enemigos activos para dibujar: 1
[Camera] Posición: {X:821,99976 Y:901,99976}, Zoom: 1
[EnemyManager] Enemigo activo en posición: {X:1302,9324 Y:1302,9324}
[EnemyManager] Enemigos activos: 1
[EnemyRenderer] Dibujando enemigo en posición: {X:1303,099 Y:1303,099}
[EnemyRenderer] Enemigos activos para dibujar: 1
[Camera] Posición: {X:821,99976 Y:901,99976}, Zoom: 1
[EnemyManager] Enemigo activo en posición: {X:1303,099 Y:1303,099}
[EnemyManager] Enemigos activos: 1
[EnemyRenderer] Dibujando enemigo en posición: {X:1303,2656 Y:1303,2656}
[EnemyRenderer] Enemigos activos para dibujar: 1
[Camera] Posición: {X:821,99976 Y:901,99976}, Zoom: 1
[EnemyManager] Enemigo activo en posición: {X:1303,2656 Y:1303,2656}
[EnemyManager] Enemigos activos: 1
[EnemyRenderer] Dibujando enemigo en posición: {X:1303,4323 Y:1303,4323}
[EnemyRenderer] Enemigos activos para dibujar: 1
[Camera] Posición: {X:821,99976 Y:901,99976}, Zoom: 1
[EnemyManager] Enemigo activo en posición: {X:1303,4323 Y:1303,4323}
[EnemyManager] Enemigos activos: 1
[EnemyRenderer] Dibujando enemigo en posición: {X:1303,5989 Y:1303,5989}
[EnemyRenderer] Enemigos activos para dibujar: 1
[Camera] Posición: {X:821,99976 Y:901,99976}, Zoom: 1
[EnemyManager] Enemigo activo en posición: {X:1303,5989 Y:1303,5989}
[EnemyManager] Enemigos activos: 1
[EnemyRenderer] Dibujando enemigo en posición: {X:1303,7655 Y:1303,7655}
[EnemyRenderer] Enemigos activos para dibujar: 1
[Camera] Posición: {X:821,99976 Y:901,99976}, Zoom: 1
[EnemyManager] Enemigo activo en posición: {X:1303,7655 Y:1303,7655}
[EnemyManager] Enemigos activos: 1
[EnemyRenderer] Dibujando enemigo en posición: {X:1303,9321 Y:1303,9321}
[EnemyRenderer] Enemigos activos para dibujar: 1
[Camera] Posición: {X:821,99976 Y:901,99976}, Zoom: 1
[EnemyManager] Enemigo activo en posición: {X:1303,9321 Y:1303,9321}
[EnemyManager] Enemigos activos: 1
[EnemyRenderer] Dibujando enemigo en posición: {X:1304,0988 Y:1304,0988}
[EnemyRenderer] Enemigos activos para dibujar: 1
[Camera] Posición: {X:821,99976 Y:901,99976}, Zoom: 1
[EnemyManager] Enemigo activo en posición: {X:1304,0988 Y:1304,0988}
[EnemyManager] Enemigos activos: 1
[EnemyRenderer] Dibujando enemigo en posición: {X:1304,2654 Y:1304,2654}
[EnemyRenderer] Enemigos activos para dibujar: 1
[Camera] Posición: {X:821,99976 Y:901,99976}, Zoom: 1
[EnemyManager] Enemigo activo en posición: {X:1304,2654 Y:1304,2654}
[EnemyManager] Enemigos activos: 1
[EnemyRenderer] Dibujando enemigo en posición: {X:1304,432 Y:1304,432}
[EnemyRenderer] Enemigos activos para dibujar: 1
[Camera] Posición: {X:821,99976 Y:901,99976}, Zoom: 1
[EnemyManager] Enemigo activo en posición: {X:1304,432 Y:1304,432}
[EnemyManager] Enemigos activos: 1
[EnemyRenderer] Dibujando enemigo en posición: {X:1304,5986 Y:1304,5986}
[EnemyRenderer] Enemigos activos para dibujar: 1
[Camera] Posición: {X:821,99976 Y:901,99976}, Zoom: 1
[EnemyManager] Enemigo activo en posición: {X:1304,5986 Y:1304,5986}
[EnemyManager] Enemigos activos: 1
[EnemyRenderer] Dibujando enemigo en posición: {X:1304,7653 Y:1304,7653}
[EnemyRenderer] Enemigos activos para dibujar: 1
[Camera] Posición: {X:821,99976 Y:901,99976}, Zoom: 1
[EnemyManager] Enemigo activo en posición: {X:1304,7653 Y:1304,7653}
[EnemyManager] Enemigos activos: 1
[EnemyRenderer] Dibujando enemigo en posición: {X:1304,9319 Y:1304,9319}
[EnemyRenderer] Enemigos activos para dibujar: 1
[Camera] Posición: {X:821,99976 Y:901,99976}, Zoom: 1
[EnemyManager] Enemigo activo en posición: {X:1304,9319 Y:1304,9319}
[EnemyManager] Enemigos activos: 1
[EnemyRenderer] Dibujando enemigo en posición: {X:1305,0985 Y:1305,0985}
[EnemyRenderer] Enemigos activos para dibujar: 1
[Camera] Posición: {X:821,99976 Y:901,99976}, Zoom: 1
[EnemyManager] Enemigo activo en posición: {X:1305,0985 Y:1305,0985}
[EnemyManager] Enemigos activos: 1
[EnemyRenderer] Dibujando enemigo en posición: {X:1305,2651 Y:1305,2651}
[EnemyRenderer] Enemigos activos para dibujar: 1
[Camera] Posición: {X:821,99976 Y:901,99976}, Zoom: 1
[EnemyManager] Enemigo activo en posición: {X:1305,2651 Y:1305,2651}
[EnemyManager] Enemigos activos: 1
[EnemyRenderer] Dibujando enemigo en posición: {X:1305,4318 Y:1305,4318}
[EnemyRenderer] Enemigos activos para dibujar: 1
[Camera] Posición: {X:821,99976 Y:901,99976}, Zoom: 1
[EnemyManager] Enemigo activo en posición: {X:1305,4318 Y:1305,4318}
[EnemyManager] Enemigos activos: 1
[EnemyRenderer] Dibujando enemigo en posición: {X:1305,5984 Y:1305,5984}
[EnemyRenderer] Enemigos activos para dibujar: 1
[Camera] Posición: {X:821,99976 Y:901,99976}, Zoom: 1
[EnemyManager] Enemigo activo en posición: {X:1305,5984 Y:1305,5984}
[EnemyManager] Enemigos activos: 1
[EnemyRenderer] Dibujando enemigo en posición: {X:1305,765 Y:1305,765}
[EnemyRenderer] Enemigos activos para dibujar: 1
[Camera] Posición: {X:821,99976 Y:901,99976}, Zoom: 1
[EnemyManager] Enemigo activo en posición: {X:1305,765 Y:1305,765}
[EnemyManager] Enemigos activos: 1
[EnemyRenderer] Dibujando enemigo en posición: {X:1305,9316 Y:1305,9316}
[EnemyRenderer] Enemigos activos para dibujar: 1
[Camera] Posición: {X:821,99976 Y:901,99976}, Zoom: 1
[EnemyManager] Enemigo activo en posición: {X:1305,9316 Y:1305,9316}
[EnemyManager] Enemigos activos: 1
[EnemyRenderer] Dibujando enemigo en posición: {X:1306,0983 Y:1306,0983}
[EnemyRenderer] Enemigos activos para dibujar: 1
[Camera] Posición: {X:821,99976 Y:901,99976}, Zoom: 1
[EnemyManager] Enemigo activo en posición: {X:1306,0983 Y:1306,0983}
[EnemyManager] Enemigos activos: 1
[EnemyRenderer] Dibujando enemigo en posición: {X:1306,2649 Y:1306,2649}
[EnemyRenderer] Enemigos activos para dibujar: 1
[Camera] Posición: {X:821,99976 Y:901,99976}, Zoom: 1
[EnemyManager] Enemigo activo en posición: {X:1306,2649 Y:1306,2649}
[EnemyManager] Enemigos activos: 1
[EnemyRenderer] Dibujando enemigo en posición: {X:1306,4315 Y:1306,4315}
[EnemyRenderer] Enemigos activos para dibujar: 1
[Camera] Posición: {X:821,99976 Y:901,99976}, Zoom: 1
[EnemyManager] Enemigo activo en posición: {X:1306,4315 Y:1306,4315}
[EnemyManager] Enemigos activos: 1
[EnemyRenderer] Dibujando enemigo en posición: {X:1306,5981 Y:1306,5981}
[EnemyRenderer] Enemigos activos para dibujar: 1
[Camera] Posición: {X:821,99976 Y:901,99976}, Zoom: 1
[EnemyManager] Enemigo activo en posición: {X:1306,5981 Y:1306,5981}
[EnemyManager] Enemigos activos: 1
[EnemyRenderer] Dibujando enemigo en posición: {X:1306,7648 Y:1306,7648}
[EnemyRenderer] Enemigos activos para dibujar: 1
[Camera] Posición: {X:821,99976 Y:901,99976}, Zoom: 1
[EnemyManager] Enemigo activo en posición: {X:1306,7648 Y:1306,7648}
[EnemyManager] Enemigos activos: 1
[EnemyRenderer] Dibujando enemigo en posición: {X:1306,9314 Y:1306,9314}
[EnemyRenderer] Enemigos activos para dibujar: 1
[Camera] Posición: {X:821,99976 Y:901,99976}, Zoom: 1
[EnemyManager] Enemigo activo en posición: {X:1306,9314 Y:1306,9314}
[EnemyManager] Enemigos activos: 1
[EnemyRenderer] Dibujando enemigo en posición: {X:1307,098 Y:1307,098}
[EnemyRenderer] Enemigos activos para dibujar: 1
[Camera] Posición: {X:821,99976 Y:901,99976}, Zoom: 1
[EnemyManager] Enemigo activo en posición: {X:1307,098 Y:1307,098}
[EnemyManager] Enemigos activos: 1
[EnemyRenderer] Dibujando enemigo en posición: {X:1307,2646 Y:1307,2646}
[EnemyRenderer] Enemigos activos para dibujar: 1
[Camera] Posición: {X:821,99976 Y:901,99976}, Zoom: 1
[EnemyManager] Enemigo activo en posición: {X:1307,2646 Y:1307,2646}
[EnemyManager] Enemigos activos: 1
[EnemyRenderer] Dibujando enemigo en posición: {X:1307,4313 Y:1307,4313}
[EnemyRenderer] Enemigos activos para dibujar: 1
[Camera] Posición: {X:821,99976 Y:901,99976}, Zoom: 1
[EnemyManager] Enemigo activo en posición: {X:1307,4313 Y:1307,4313}
[EnemyManager] Enemigos activos: 1
[EnemyRenderer] Dibujando enemigo en posición: {X:1307,5979 Y:1307,5979}
[EnemyRenderer] Enemigos activos para dibujar: 1
[Camera] Posición: {X:821,99976 Y:901,99976}, Zoom: 1
[EnemyManager] Enemigo activo en posición: {X:1307,5979 Y:1307,5979}
[EnemyManager] Enemigos activos: 1
[EnemyRenderer] Dibujando enemigo en posición: {X:1307,7645 Y:1307,7645}
[EnemyRenderer] Enemigos activos para dibujar: 1
[Camera] Posición: {X:821,99976 Y:901,99976}, Zoom: 1
[EnemyManager] Enemigo activo en posición: {X:1307,7645 Y:1307,7645}
[EnemyManager] Enemigos activos: 1
[EnemyRenderer] Dibujando enemigo en posición: {X:1307,9312 Y:1307,9312}
[EnemyRenderer] Enemigos activos para dibujar: 1
[Camera] Posición: {X:821,99976 Y:901,99976}, Zoom: 1
[EnemyManager] Enemigo activo en posición: {X:1307,9312 Y:1307,9312}
[EnemyManager] Enemigos activos: 1
[EnemyRenderer] Dibujando enemigo en posición: {X:1308,0978 Y:1308,0978}
[EnemyRenderer] Enemigos activos para dibujar: 1
[Camera] Posición: {X:821,99976 Y:901,99976}, Zoom: 1
[EnemyManager] Enemigo activo en posición: {X:1308,0978 Y:1308,0978}
[EnemyManager] Enemigos activos: 1
[EnemyRenderer] Dibujando enemigo en posición: {X:1308,2644 Y:1308,2644}
[EnemyRenderer] Enemigos activos para dibujar: 1
[Camera] Posición: {X:821,99976 Y:901,99976}, Zoom: 1
[EnemyManager] Enemigo activo en posición: {X:1308,2644 Y:1308,2644}
[EnemyManager] Enemigos activos: 1
[EnemyRenderer] Dibujando enemigo en posición: {X:1308,431 Y:1308,431}
[EnemyRenderer] Enemigos activos para dibujar: 1
[Camera] Posición: {X:821,99976 Y:901,99976}, Zoom: 1
[EnemyManager] Enemigo activo en posición: {X:1308,431 Y:1308,431}
[EnemyManager] Enemigos activos: 1
[EnemyRenderer] Dibujando enemigo en posición: {X:1308,5977 Y:1308,5977}
[EnemyRenderer] Enemigos activos para dibujar: 1
[Camera] Posición: {X:821,99976 Y:901,99976}, Zoom: 1
[EnemyManager] Enemigo activo en posición: {X:1308,5977 Y:1308,5977}
[EnemyManager] Enemigos activos: 1
[EnemyRenderer] Dibujando enemigo en posición: {X:1308,7643 Y:1308,7643}
[EnemyRenderer] Enemigos activos para dibujar: 1
[Camera] Posición: {X:821,99976 Y:901,99976}, Zoom: 1
[EnemyManager] Enemigo activo en posición: {X:1308,7643 Y:1308,7643}
[EnemyManager] Enemigos activos: 1
[EnemyRenderer] Dibujando enemigo en posición: {X:1308,9309 Y:1308,9309}
[EnemyRenderer] Enemigos activos para dibujar: 1
[Camera] Posición: {X:821,99976 Y:901,99976}, Zoom: 1
[EnemyManager] Enemigo activo en posición: {X:1308,9309 Y:1308,9309}
[EnemyManager] Enemigos activos: 1
[EnemyRenderer] Dibujando enemigo en posición: {X:1309,0975 Y:1309,0975}
[EnemyRenderer] Enemigos activos para dibujar: 1
[Camera] Posición: {X:821,99976 Y:901,99976}, Zoom: 1
[EnemyManager] Enemigo activo en posición: {X:1309,0975 Y:1309,0975}
[EnemyManager] Enemigos activos: 1
[EnemyRenderer] Dibujando enemigo en posición: {X:1309,2642 Y:1309,2642}
[EnemyRenderer] Enemigos activos para dibujar: 1
[Camera] Posición: {X:821,99976 Y:901,99976}, Zoom: 1
[EnemyManager] Enemigo activo en posición: {X:1309,2642 Y:1309,2642}
[EnemyManager] Enemigos activos: 1
[EnemyRenderer] Dibujando enemigo en posición: {X:1309,4308 Y:1309,4308}
[EnemyRenderer] Enemigos activos para dibujar: 1
[Camera] Posición: {X:821,99976 Y:901,99976}, Zoom: 1
[EnemyManager] Enemigo activo en posición: {X:1309,4308 Y:1309,4308}
[EnemyManager] Enemigos activos: 1
[EnemyRenderer] Dibujando enemigo en posición: {X:1309,5974 Y:1309,5974}
[EnemyRenderer] Enemigos activos para dibujar: 1
[Camera] Posición: {X:821,99976 Y:901,99976}, Zoom: 1
[EnemyManager] Enemigo activo en posición: {X:1309,5974 Y:1309,5974}
[EnemyManager] Enemigos activos: 1
[EnemyRenderer] Dibujando enemigo en posición: {X:1309,764 Y:1309,764}
[EnemyRenderer] Enemigos activos para dibujar: 1
[Camera] Posición: {X:821,99976 Y:901,99976}, Zoom: 1
[EnemyManager] Enemigo activo en posición: {X:1309,764 Y:1309,764}
[EnemyManager] Enemigos activos: 1
[EnemyRenderer] Dibujando enemigo en posición: {X:1309,9307 Y:1309,9307}
[EnemyRenderer] Enemigos activos para dibujar: 1
[Camera] Posición: {X:821,99976 Y:901,99976}, Zoom: 1
[EnemyManager] Enemigo activo en posición: {X:1309,9307 Y:1309,9307}
[EnemyManager] Enemigos activos: 1
[EnemyRenderer] Dibujando enemigo en posición: {X:1310,0973 Y:1310,0973}
[EnemyRenderer] Enemigos activos para dibujar: 1
[Camera] Posición: {X:821,99976 Y:901,99976}, Zoom: 1
[EnemyManager] Enemigo activo en posición: {X:1310,0973 Y:1310,0973}
[EnemyManager] Enemigos activos: 1
[EnemyRenderer] Dibujando enemigo en posición: {X:1310,2639 Y:1310,2639}
[EnemyRenderer] Enemigos activos para dibujar: 1
[Camera] Posición: {X:821,99976 Y:901,99976}, Zoom: 1
[EnemyManager] Enemigo activo en posición: {X:1310,2639 Y:1310,2639}
[EnemyManager] Enemigos activos: 1
[EnemyRenderer] Dibujando enemigo en posición: {X:1310,4305 Y:1310,4305}
[EnemyRenderer] Enemigos activos para dibujar: 1
[Camera] Posición: {X:821,99976 Y:901,99976}, Zoom: 1
[EnemyManager] Enemigo activo en posición: {X:1310,4305 Y:1310,4305}
[EnemyManager] Enemigos activos: 1
[EnemyRenderer] Dibujando enemigo en posición: {X:1310,5972 Y:1310,5972}
[EnemyRenderer] Enemigos activos para dibujar: 1
[Camera] Posición: {X:821,99976 Y:901,99976}, Zoom: 1
[EnemyManager] Enemigo activo en posición: {X:1310,5972 Y:1310,5972}
[EnemyManager] Enemigos activos: 1
[EnemyRenderer] Dibujando enemigo en posición: {X:1310,7638 Y:1310,7638}
[EnemyRenderer] Enemigos activos para dibujar: 1
[Camera] Posición: {X:821,99976 Y:901,99976}, Zoom: 1
[EnemyManager] Enemigo activo en posición: {X:1310,7638 Y:1310,7638}
[EnemyManager] Enemigos activos: 1
[EnemyRenderer] Dibujando enemigo en posición: {X:1310,9304 Y:1310,9304}
[EnemyRenderer] Enemigos activos para dibujar: 1
[Camera] Posición: {X:821,99976 Y:901,99976}, Zoom: 1
[EnemyManager] Enemigo activo en posición: {X:1310,9304 Y:1310,9304}
[EnemyManager] Enemigos activos: 1
[EnemyRenderer] Dibujando enemigo en posición: {X:1311,097 Y:1311,097}
[EnemyRenderer] Enemigos activos para dibujar: 1
[Camera] Posición: {X:821,99976 Y:901,99976}, Zoom: 1
[EnemyManager] Enemigo activo en posición: {X:1311,097 Y:1311,097}
[EnemyManager] Enemigos activos: 1
[EnemyRenderer] Dibujando enemigo en posición: {X:1311,2637 Y:1311,2637}
[EnemyRenderer] Enemigos activos para dibujar: 1
[Camera] Posición: {X:821,99976 Y:901,99976}, Zoom: 1
[EnemyManager] Enemigo activo en posición: {X:1311,2637 Y:1311,2637}
[EnemyManager] Enemigos activos: 1
[EnemyRenderer] Dibujando enemigo en posición: {X:1311,4303 Y:1311,4303}
[EnemyRenderer] Enemigos activos para dibujar: 1
[Camera] Posición: {X:821,99976 Y:901,99976}, Zoom: 1
[EnemyManager] Enemigo activo en posición: {X:1311,4303 Y:1311,4303}
[EnemyManager] Enemigos activos: 1
[EnemyRenderer] Dibujando enemigo en posición: {X:1311,5969 Y:1311,5969}
[EnemyRenderer] Enemigos activos para dibujar: 1
[Camera] Posición: {X:821,99976 Y:901,99976}, Zoom: 1
[EnemyManager] Enemigo activo en posición: {X:1311,5969 Y:1311,5969}
[EnemyManager] Enemigos activos: 1
[EnemyRenderer] Dibujando enemigo en posición: {X:1311,7635 Y:1311,7635}
[EnemyRenderer] Enemigos activos para dibujar: 1
[Camera] Posición: {X:821,99976 Y:901,99976}, Zoom: 1
[EnemyManager] Enemigo activo en posición: {X:1311,7635 Y:1311,7635}
[EnemyManager] Enemigos activos: 1
[EnemyRenderer] Dibujando enemigo en posición: {X:1311,9302 Y:1311,9302}
[EnemyRenderer] Enemigos activos para dibujar: 1
[Camera] Posición: {X:821,99976 Y:901,99976}, Zoom: 1
[EnemyManager] Enemigo activo en posición: {X:1311,9302 Y:1311,9302}
[EnemyManager] Enemigos activos: 1
[EnemyRenderer] Dibujando enemigo en posición: {X:1312,0968 Y:1312,0968}
[EnemyRenderer] Enemigos activos para dibujar: 1
[Camera] Posición: {X:821,99976 Y:901,99976}, Zoom: 1
[EnemyManager] Enemigo activo en posición: {X:1312,0968 Y:1312,0968}
[EnemyManager] Enemigos activos: 1
[EnemyRenderer] Dibujando enemigo en posición: {X:1312,2634 Y:1312,2634}
[EnemyRenderer] Enemigos activos para dibujar: 1
[Camera] Posición: {X:821,99976 Y:901,99976}, Zoom: 1
[EnemyManager] Enemigo activo en posición: {X:1312,2634 Y:1312,2634}
[EnemyManager] Enemigos activos: 1
[EnemyRenderer] Dibujando enemigo en posición: {X:1312,43 Y:1312,43}
[EnemyRenderer] Enemigos activos para dibujar: 1
[Camera] Posición: {X:821,99976 Y:901,99976}, Zoom: 1
[EnemyManager] Enemigo activo en posición: {X:1312,43 Y:1312,43}
[EnemyManager] Enemigos activos: 1
[EnemyRenderer] Dibujando enemigo en posición: {X:1312,5967 Y:1312,5967}
[EnemyRenderer] Enemigos activos para dibujar: 1
[Camera] Posición: {X:821,99976 Y:901,99976}, Zoom: 1
[EnemyManager] Enemigo activo en posición: {X:1312,5967 Y:1312,5967}
[EnemyManager] Enemigos activos: 1
[EnemyRenderer] Dibujando enemigo en posición: {X:1312,7633 Y:1312,7633}
[EnemyRenderer] Enemigos activos para dibujar: 1
[Camera] Posición: {X:821,99976 Y:901,99976}, Zoom: 1
[EnemyManager] Enemigo activo en posición: {X:1312,7633 Y:1312,7633}
[EnemyManager] Enemigos activos: 1
[EnemyRenderer] Dibujando enemigo en posición: {X:1312,9299 Y:1312,9299}
[EnemyRenderer] Enemigos activos para dibujar: 1
[Camera] Posición: {X:821,99976 Y:901,99976}, Zoom: 1
[EnemyManager] Enemigo activo en posición: {X:1312,9299 Y:1312,9299}
[EnemyManager] Enemigos activos: 1
[EnemyRenderer] Dibujando enemigo en posición: {X:1313,0966 Y:1313,0966}
[EnemyRenderer] Enemigos activos para dibujar: 1
[Camera] Posición: {X:821,99976 Y:901,99976}, Zoom: 1
[EnemyManager] Enemigo activo en posición: {X:1313,0966 Y:1313,0966}
[EnemyManager] Enemigos activos: 1
[EnemyRenderer] Dibujando enemigo en posición: {X:1313,2632 Y:1313,2632}
[EnemyRenderer] Enemigos activos para dibujar: 1
[Camera] Posición: {X:821,99976 Y:901,99976}, Zoom: 1
[EnemyManager] Enemigo activo en posición: {X:1313,2632 Y:1313,2632}
[EnemyManager] Enemigos activos: 1
[EnemyRenderer] Dibujando enemigo en posición: {X:1313,4298 Y:1313,4298}
[EnemyRenderer] Enemigos activos para dibujar: 1
[Camera] Posición: {X:821,99976 Y:901,99976}, Zoom: 1
[EnemyManager] Enemigo activo en posición: {X:1313,4298 Y:1313,4298}
[EnemyManager] Enemigos activos: 1
[EnemyRenderer] Dibujando enemigo en posición: {X:1313,5964 Y:1313,5964}
[EnemyRenderer] Enemigos activos para dibujar: 1
[Camera] Posición: {X:821,99976 Y:901,99976}, Zoom: 1
[EnemyManager] Enemigo activo en posición: {X:1313,5964 Y:1313,5964}
[EnemyManager] Enemigos activos: 1
[EnemyRenderer] Dibujando enemigo en posición: {X:1313,7631 Y:1313,7631}
[EnemyRenderer] Enemigos activos para dibujar: 1
[Camera] Posición: {X:821,99976 Y:901,99976}, Zoom: 1
[EnemyManager] Enemigo activo en posición: {X:1313,7631 Y:1313,7631}
[EnemyManager] Enemigos activos: 1
[EnemyRenderer] Dibujando enemigo en posición: {X:1313,9297 Y:1313,9297}
[EnemyRenderer] Enemigos activos para dibujar: 1
[Camera] Posición: {X:821,99976 Y:901,99976}, Zoom: 1
[EnemyManager] Enemigo activo en posición: {X:1313,9297 Y:1313,9297}
[EnemyManager] Enemigos activos: 1
[EnemyRenderer] Dibujando enemigo en posición: {X:1314,0963 Y:1314,0963}
[EnemyRenderer] Enemigos activos para dibujar: 1
[Camera] Posición: {X:821,99976 Y:901,99976}, Zoom: 1
[EnemyManager] Enemigo activo en posición: {X:1314,0963 Y:1314,0963}
[EnemyManager] Enemigos activos: 1
[EnemyRenderer] Dibujando enemigo en posición: {X:1314,263 Y:1314,263}
[EnemyRenderer] Enemigos activos para dibujar: 1
[Camera] Posición: {X:821,99976 Y:901,99976}, Zoom: 1
[EnemyManager] Enemigo activo en posición: {X:1314,263 Y:1314,263}
[EnemyManager] Enemigos activos: 1
[EnemyRenderer] Dibujando enemigo en posición: {X:1314,4296 Y:1314,4296}
[EnemyRenderer] Enemigos activos para dibujar: 1
[Camera] Posición: {X:821,99976 Y:901,99976}, Zoom: 1
[EnemyManager] Enemigo activo en posición: {X:1314,4296 Y:1314,4296}
[EnemyManager] Enemigos activos: 1
[EnemyRenderer] Dibujando enemigo en posición: {X:1314,5962 Y:1314,5962}
[EnemyRenderer] Enemigos activos para dibujar: 1
[Camera] Posición: {X:821,99976 Y:901,99976}, Zoom: 1
[EnemyManager] Enemigo activo en posición: {X:1314,5962 Y:1314,5962}
[EnemyManager] Enemigos activos: 1
[EnemyRenderer] Dibujando enemigo en posición: {X:1314,7628 Y:1314,7628}
[EnemyRenderer] Enemigos activos para dibujar: 1
[Camera] Posición: {X:821,99976 Y:901,99976}, Zoom: 1
[EnemyManager] Enemigo activo en posición: {X:1314,7628 Y:1314,7628}
[EnemyManager] Enemigos activos: 1
[EnemyRenderer] Dibujando enemigo en posición: {X:1314,9294 Y:1314,9294}
[EnemyRenderer] Enemigos activos para dibujar: 1
[Camera] Posición: {X:821,99976 Y:901,99976}, Zoom: 1
[EnemyManager] Enemigo activo en posición: {X:1314,9294 Y:1314,9294}
[EnemyManager] Enemigos activos: 1
[EnemyRenderer] Dibujando enemigo en posición: {X:1315,0961 Y:1315,0961}
[EnemyRenderer] Enemigos activos para dibujar: 1
[Camera] Posición: {X:821,99976 Y:901,99976}, Zoom: 1
[EnemyManager] Enemigo activo en posición: {X:1315,0961 Y:1315,0961}
[EnemyManager] Enemigos activos: 1
[EnemyRenderer] Dibujando enemigo en posición: {X:1315,2627 Y:1315,2627}
[EnemyRenderer] Enemigos activos para dibujar: 1
[Camera] Posición: {X:821,99976 Y:901,99976}, Zoom: 1
[EnemyManager] Enemigo activo en posición: {X:1315,2627 Y:1315,2627}
[EnemyManager] Enemigos activos: 1
[EnemyRenderer] Dibujando enemigo en posición: {X:1315,4293 Y:1315,4293}
[EnemyRenderer] Enemigos activos para dibujar: 1
[Camera] Posición: {X:821,99976 Y:901,99976}, Zoom: 1
[EnemyManager] Enemigo activo en posición: {X:1315,4293 Y:1315,4293}
[EnemyManager] Enemigos activos: 1
[EnemyRenderer] Dibujando enemigo en posición: {X:1315,596 Y:1315,596}
[EnemyRenderer] Enemigos activos para dibujar: 1
[Camera] Posición: {X:821,99976 Y:901,99976}, Zoom: 1
[EnemyManager] Enemigo activo en posición: {X:1315,596 Y:1315,596}
[EnemyManager] Enemigos activos: 1
[EnemyRenderer] Dibujando enemigo en posición: {X:1315,7626 Y:1315,7626}
[EnemyRenderer] Enemigos activos para dibujar: 1
[Camera] Posición: {X:821,99976 Y:901,99976}, Zoom: 1
[EnemyManager] Enemigo activo en posición: {X:1315,7626 Y:1315,7626}
[EnemyManager] Enemigos activos: 1
[EnemyRenderer] Dibujando enemigo en posición: {X:1315,9292 Y:1315,9292}
[EnemyRenderer] Enemigos activos para dibujar: 1
[Camera] Posición: {X:821,99976 Y:901,99976}, Zoom: 1
[EnemyManager] Enemigo activo en posición: {X:1315,9292 Y:1315,9292}
[EnemyManager] Enemigos activos: 1
[EnemyRenderer] Dibujando enemigo en posición: {X:1316,0958 Y:1316,0958}
[EnemyRenderer] Enemigos activos para dibujar: 1
[Camera] Posición: {X:821,99976 Y:901,99976}, Zoom: 1
[EnemyManager] Enemigo activo en posición: {X:1316,0958 Y:1316,0958}
[EnemyManager] Enemigos activos: 1
[EnemyRenderer] Dibujando enemigo en posición: {X:1316,2625 Y:1316,2625}
[EnemyRenderer] Enemigos activos para dibujar: 1
[Camera] Posición: {X:821,99976 Y:901,99976}, Zoom: 1
[EnemyManager] Enemigo activo en posición: {X:1316,2625 Y:1316,2625}
[EnemyManager] Enemigos activos: 1
[EnemyRenderer] Dibujando enemigo en posición: {X:1316,4291 Y:1316,4291}
[EnemyRenderer] Enemigos activos para dibujar: 1
[Camera] Posición: {X:821,99976 Y:901,99976}, Zoom: 1
[EnemyManager] Enemigo activo en posición: {X:1316,4291 Y:1316,4291}
[EnemyManager] Enemigos activos: 1
[EnemyRenderer] Dibujando enemigo en posición: {X:1316,5957 Y:1316,5957}
[EnemyRenderer] Enemigos activos para dibujar: 1
[Camera] Posición: {X:821,99976 Y:901,99976}, Zoom: 1
[EnemyManager] Enemigo activo en posición: {X:1316,5957 Y:1316,5957}
[EnemyManager] Enemigos activos: 1
[EnemyRenderer] Dibujando enemigo en posición: {X:1316,7623 Y:1316,7623}
[EnemyRenderer] Enemigos activos para dibujar: 1
[Camera] Posición: {X:821,99976 Y:901,99976}, Zoom: 1
[EnemyManager] Enemigo activo en posición: {X:1316,7623 Y:1316,7623}
[EnemyManager] Enemigos activos: 1
[EnemyRenderer] Dibujando enemigo en posición: {X:1316,929 Y:1316,929}
[EnemyRenderer] Enemigos activos para dibujar: 1
[Camera] Posición: {X:821,99976 Y:901,99976}, Zoom: 1
[EnemyManager] Enemigo activo en posición: {X:1316,929 Y:1316,929}
[EnemyManager] Enemigos activos: 1
[EnemyRenderer] Dibujando enemigo en posición: {X:1317,0956 Y:1317,0956}
[EnemyRenderer] Enemigos activos para dibujar: 1
[Camera] Posición: {X:821,99976 Y:901,99976}, Zoom: 1
[EnemyManager] Enemigo activo en posición: {X:1317,0956 Y:1317,0956}
[EnemyManager] Enemigos activos: 1
[EnemyRenderer] Dibujando enemigo en posición: {X:1317,2622 Y:1317,2622}
[EnemyRenderer] Enemigos activos para dibujar: 1
[Camera] Posición: {X:821,99976 Y:901,99976}, Zoom: 1
[EnemyManager] Enemigo activo en posición: {X:1317,2622 Y:1317,2622}
[EnemyManager] Enemigos activos: 1
[EnemyRenderer] Dibujando enemigo en posición: {X:1317,4288 Y:1317,4288}
[EnemyRenderer] Enemigos activos para dibujar: 1
[Camera] Posición: {X:821,99976 Y:901,99976}, Zoom: 1
[EnemyManager] Enemigo activo en posición: {X:1317,4288 Y:1317,4288}
[EnemyManager] Enemigos activos: 1
[EnemyRenderer] Dibujando enemigo en posición: {X:1317,5955 Y:1317,5955}
[EnemyRenderer] Enemigos activos para dibujar: 1
[Camera] Posición: {X:821,99976 Y:901,99976}, Zoom: 1
[EnemyManager] Enemigo activo en posición: {X:1317,5955 Y:1317,5955}
[EnemyManager] Enemigos activos: 1
[EnemyRenderer] Dibujando enemigo en posición: {X:1317,7621 Y:1317,7621}
[EnemyRenderer] Enemigos activos para dibujar: 1
[Camera] Posición: {X:821,99976 Y:901,99976}, Zoom: 1
[EnemyManager] Enemigo activo en posición: {X:1317,7621 Y:1317,7621}
[EnemyManager] Enemigos activos: 1
[EnemyRenderer] Dibujando enemigo en posición: {X:1317,9287 Y:1317,9287}
[EnemyRenderer] Enemigos activos para dibujar: 1
[Camera] Posición: {X:821,99976 Y:901,99976}, Zoom: 1
[EnemyManager] Enemigo activo en posición: {X:1317,9287 Y:1317,9287}
[EnemyManager] Enemigos activos: 1
[EnemyRenderer] Dibujando enemigo en posición: {X:1318,0953 Y:1318,0953}
[EnemyRenderer] Enemigos activos para dibujar: 1
[Camera] Posición: {X:821,99976 Y:901,99976}, Zoom: 1
[EnemyManager] Enemigo activo en posición: {X:1318,0953 Y:1318,0953}
[EnemyManager] Enemigos activos: 1
[EnemyRenderer] Dibujando enemigo en posición: {X:1318,262 Y:1318,262}
[EnemyRenderer] Enemigos activos para dibujar: 1
[Camera] Posición: {X:821,99976 Y:901,99976}, Zoom: 1
[EnemyManager] Enemigo activo en posición: {X:1318,262 Y:1318,262}
[EnemyManager] Enemigos activos: 1
[EnemyRenderer] Dibujando enemigo en posición: {X:1318,4286 Y:1318,4286}
[EnemyRenderer] Enemigos activos para dibujar: 1
[Camera] Posición: {X:821,99976 Y:901,99976}, Zoom: 1
[EnemyManager] Enemigo activo en posición: {X:1318,4286 Y:1318,4286}
[EnemyManager] Enemigos activos: 1
[EnemyRenderer] Dibujando enemigo en posición: {X:1318,5952 Y:1318,5952}
[EnemyRenderer] Enemigos activos para dibujar: 1
[Camera] Posición: {X:821,99976 Y:901,99976}, Zoom: 1
[EnemyManager] Enemigo activo en posición: {X:1318,5952 Y:1318,5952}
[EnemyManager] Enemigos activos: 1
[EnemyRenderer] Dibujando enemigo en posición: {X:1318,7618 Y:1318,7618}
[EnemyRenderer] Enemigos activos para dibujar: 1
[Camera] Posición: {X:821,99976 Y:901,99976}, Zoom: 1
[EnemyManager] Enemigo activo en posición: {X:1318,7618 Y:1318,7618}
[EnemyManager] Enemigos activos: 1
[EnemyRenderer] Dibujando enemigo en posición: {X:1318,9285 Y:1318,9285}
[EnemyRenderer] Enemigos activos para dibujar: 1
[Camera] Posición: {X:821,99976 Y:901,99976}, Zoom: 1
[EnemyManager] Enemigo activo en posición: {X:1318,9285 Y:1318,9285}
[EnemyManager] Enemigos activos: 1
[EnemyRenderer] Dibujando enemigo en posición: {X:1319,0951 Y:1319,0951}
[EnemyRenderer] Enemigos activos para dibujar: 1
[Camera] Posición: {X:821,99976 Y:901,99976}, Zoom: 1
[EnemyManager] Enemigo activo en posición: {X:1319,0951 Y:1319,0951}
[EnemyManager] Enemigos activos: 1
[EnemyRenderer] Dibujando enemigo en posición: {X:1319,2617 Y:1319,2617}
[EnemyRenderer] Enemigos activos para dibujar: 1
[Camera] Posición: {X:821,99976 Y:901,99976}, Zoom: 1
[EnemyManager] Enemigo activo en posición: {X:1319,2617 Y:1319,2617}
[EnemyManager] Enemigos activos: 1
[EnemyRenderer] Dibujando enemigo en posición: {X:1319,4283 Y:1319,4283}
[EnemyRenderer] Enemigos activos para dibujar: 1
[Camera] Posición: {X:821,99976 Y:901,99976}, Zoom: 1
[EnemyManager] Enemigo activo en posición: {X:1319,4283 Y:1319,4283}
[EnemyManager] Enemigos activos: 1
[EnemyRenderer] Dibujando enemigo en posición: {X:1319,595 Y:1319,595}
[EnemyRenderer] Enemigos activos para dibujar: 1
[Camera] Posición: {X:821,99976 Y:901,99976}, Zoom: 1
[EnemyManager] Enemigo activo en posición: {X:1319,595 Y:1319,595}
[EnemyManager] Enemigos activos: 1
[EnemyRenderer] Dibujando enemigo en posición: {X:1319,7616 Y:1319,7616}
[EnemyRenderer] Enemigos activos para dibujar: 1
[Camera] Posición: {X:821,99976 Y:901,99976}, Zoom: 1
[EnemyManager] Enemigo activo en posición: {X:1319,7616 Y:1319,7616}
[EnemyManager] Enemigos activos: 1
[EnemyRenderer] Dibujando enemigo en posición: {X:1319,9282 Y:1319,9282}
[EnemyRenderer] Enemigos activos para dibujar: 1
[Camera] Posición: {X:821,99976 Y:901,99976}, Zoom: 1
[EnemyManager] Enemigo activo en posición: {X:1319,9282 Y:1319,9282}
[EnemyManager] Enemigos activos: 1
[EnemyRenderer] Dibujando enemigo en posición: {X:1320,0948 Y:1320,0948}
[EnemyRenderer] Enemigos activos para dibujar: 1
[Camera] Posición: {X:821,99976 Y:901,99976}, Zoom: 1
[EnemyManager] Enemigo activo en posición: {X:1320,0948 Y:1320,0948}
[EnemyManager] Enemigos activos: 1
[EnemyRenderer] Dibujando enemigo en posición: {X:1320,2615 Y:1320,2615}
[EnemyRenderer] Enemigos activos para dibujar: 1
[Camera] Posición: {X:821,99976 Y:901,99976}, Zoom: 1
[EnemyManager] Enemigo activo en posición: {X:1320,2615 Y:1320,2615}
[EnemyManager] Enemigos activos: 1
[EnemyRenderer] Dibujando enemigo en posición: {X:1320,4281 Y:1320,4281}
[EnemyRenderer] Enemigos activos para dibujar: 1
[Camera] Posición: {X:821,99976 Y:901,99976}, Zoom: 1
[EnemyManager] Enemigo activo en posición: {X:1320,4281 Y:1320,4281}
[EnemyManager] Enemigos activos: 1
[EnemyRenderer] Dibujando enemigo en posición: {X:1320,5947 Y:1320,5947}
[EnemyRenderer] Enemigos activos para dibujar: 1
[Camera] Posición: {X:821,99976 Y:901,99976}, Zoom: 1
[EnemyManager] Enemigo activo en posición: {X:1320,5947 Y:1320,5947}
[EnemyManager] Enemigos activos: 1
[EnemyRenderer] Dibujando enemigo en posición: {X:1320,7614 Y:1320,7614}
[EnemyRenderer] Enemigos activos para dibujar: 1
[Camera] Posición: {X:821,99976 Y:901,99976}, Zoom: 1
[EnemyManager] Enemigo activo en posición: {X:1320,7614 Y:1320,7614}
[EnemyManager] Enemigos activos: 1
[EnemyRenderer] Dibujando enemigo en posición: {X:1320,928 Y:1320,928}
[EnemyRenderer] Enemigos activos para dibujar: 1
[Camera] Posición: {X:821,99976 Y:901,99976}, Zoom: 1
[EnemyManager] Enemigo activo en posición: {X:1320,928 Y:1320,928}
[EnemyManager] Enemigos activos: 1
[EnemyRenderer] Dibujando enemigo en posición: {X:1321,0946 Y:1321,0946}
[EnemyRenderer] Enemigos activos para dibujar: 1
[Camera] Posición: {X:821,99976 Y:901,99976}, Zoom: 1
[EnemyManager] Enemigo activo en posición: {X:1321,0946 Y:1321,0946}
[EnemyManager] Enemigos activos: 1
[EnemyRenderer] Dibujando enemigo en posición: {X:1321,2612 Y:1321,2612}
[EnemyRenderer] Enemigos activos para dibujar: 1
[Camera] Posición: {X:821,99976 Y:901,99976}, Zoom: 1
[EnemyManager] Enemigo activo en posición: {X:1321,2612 Y:1321,2612}
[EnemyManager] Enemigos activos: 1
[EnemyRenderer] Dibujando enemigo en posición: {X:1321,4279 Y:1321,4279}
[EnemyRenderer] Enemigos activos para dibujar: 1
[Camera] Posición: {X:821,99976 Y:901,99976}, Zoom: 1
[EnemyManager] Enemigo activo en posición: {X:1321,4279 Y:1321,4279}
[EnemyManager] Enemigos activos: 1
[EnemyRenderer] Dibujando enemigo en posición: {X:1321,5945 Y:1321,5945}
[EnemyRenderer] Enemigos activos para dibujar: 1
[Camera] Posición: {X:821,99976 Y:901,99976}, Zoom: 1
[EnemyManager] Enemigo activo en posición: {X:1321,5945 Y:1321,5945}
[EnemyManager] Enemigos activos: 1
[EnemyRenderer] Dibujando enemigo en posición: {X:1321,7611 Y:1321,7611}
[EnemyRenderer] Enemigos activos para dibujar: 1
[Camera] Posición: {X:821,99976 Y:901,99976}, Zoom: 1
[EnemyManager] Enemigo activo en posición: {X:1321,7611 Y:1321,7611}
[EnemyManager] Enemigos activos: 1
[EnemyRenderer] Dibujando enemigo en posición: {X:1321,9277 Y:1321,9277}
[EnemyRenderer] Enemigos activos para dibujar: 1
[Camera] Posición: {X:821,99976 Y:901,99976}, Zoom: 1
[EnemyManager] Enemigo activo en posición: {X:1321,9277 Y:1321,9277}
[EnemyManager] Enemigos activos: 1
[EnemyRenderer] Dibujando enemigo en posición: {X:1322,0944 Y:1322,0944}
[EnemyRenderer] Enemigos activos para dibujar: 1
[Camera] Posición: {X:821,99976 Y:901,99976}, Zoom: 1
[EnemyManager] Enemigo activo en posición: {X:1322,0944 Y:1322,0944}
[EnemyManager] Enemigos activos: 1
[EnemyRenderer] Dibujando enemigo en posición: {X:1322,261 Y:1322,261}
[EnemyRenderer] Enemigos activos para dibujar: 1
[Camera] Posición: {X:821,99976 Y:901,99976}, Zoom: 1
[EnemyManager] Enemigo activo en posición: {X:1322,261 Y:1322,261}
[EnemyManager] Enemigos activos: 1
[EnemyRenderer] Dibujando enemigo en posición: {X:1322,4276 Y:1322,4276}
[EnemyRenderer] Enemigos activos para dibujar: 1
[Camera] Posición: {X:821,99976 Y:901,99976}, Zoom: 1
[EnemyManager] Enemigo activo en posición: {X:1322,4276 Y:1322,4276}
[EnemyManager] Enemigos activos: 1
[EnemyRenderer] Dibujando enemigo en posición: {X:1322,5942 Y:1322,5942}
[EnemyRenderer] Enemigos activos para dibujar: 1
[Camera] Posición: {X:821,99976 Y:901,99976}, Zoom: 1
[EnemyManager] Enemigo activo en posición: {X:1322,5942 Y:1322,5942}
[EnemyManager] Enemigos activos: 1
[EnemyRenderer] Dibujando enemigo en posición: {X:1322,7609 Y:1322,7609}
[EnemyRenderer] Enemigos activos para dibujar: 1
[Camera] Posición: {X:821,99976 Y:901,99976}, Zoom: 1
[EnemyManager] Enemigo activo en posición: {X:1322,7609 Y:1322,7609}
[EnemyManager] Enemigos activos: 1
[EnemyRenderer] Dibujando enemigo en posición: {X:1322,9275 Y:1322,9275}
[EnemyRenderer] Enemigos activos para dibujar: 1
[Camera] Posición: {X:821,99976 Y:901,99976}, Zoom: 1
[EnemyManager] Enemigo activo en posición: {X:1322,9275 Y:1322,9275}
[EnemyManager] Enemigos activos: 1
[EnemyRenderer] Dibujando enemigo en posición: {X:1323,0941 Y:1323,0941}
[EnemyRenderer] Enemigos activos para dibujar: 1
[Camera] Posición: {X:821,99976 Y:901,99976}, Zoom: 1
[EnemyManager] Enemigo activo en posición: {X:1323,0941 Y:1323,0941}
[EnemyManager] Enemigos activos: 1
[EnemyRenderer] Dibujando enemigo en posición: {X:1323,2607 Y:1323,2607}
[EnemyRenderer] Enemigos activos para dibujar: 1
[Camera] Posición: {X:821,99976 Y:901,99976}, Zoom: 1
[EnemyManager] Enemigo activo en posición: {X:1323,2607 Y:1323,2607}
[EnemyManager] Enemigos activos: 1
[EnemyRenderer] Dibujando enemigo en posición: {X:1323,4274 Y:1323,4274}
[EnemyRenderer] Enemigos activos para dibujar: 1
[Camera] Posición: {X:821,99976 Y:901,99976}, Zoom: 1
[EnemyManager] Enemigo activo en posición: {X:1323,4274 Y:1323,4274}
[EnemyManager] Enemigos activos: 1
[EnemyRenderer] Dibujando enemigo en posición: {X:1323,594 Y:1323,594}
[EnemyRenderer] Enemigos activos para dibujar: 1
[Camera] Posición: {X:821,99976 Y:901,99976}, Zoom: 1
[EnemyManager] Enemigo activo en posición: {X:1323,594 Y:1323,594}
[EnemyManager] Enemigos activos: 1
[EnemyRenderer] Dibujando enemigo en posición: {X:1323,7606 Y:1323,7606}
[EnemyRenderer] Enemigos activos para dibujar: 1
[Camera] Posición: {X:821,99976 Y:901,99976}, Zoom: 1
[EnemyManager] Enemigo activo en posición: {X:1323,7606 Y:1323,7606}
[EnemyManager] Enemigos activos: 1
[EnemyRenderer] Dibujando enemigo en posición: {X:1323,9272 Y:1323,9272}
[EnemyRenderer] Enemigos activos para dibujar: 1
[Camera] Posición: {X:821,99976 Y:901,99976}, Zoom: 1
[EnemyManager] Enemigo activo en posición: {X:1323,9272 Y:1323,9272}
[EnemyManager] Enemigos activos: 1
[EnemyRenderer] Dibujando enemigo en posición: {X:1324,0939 Y:1324,0939}
[EnemyRenderer] Enemigos activos para dibujar: 1
[Camera] Posición: {X:821,99976 Y:901,99976}, Zoom: 1
[EnemyManager] Enemigo activo en posición: {X:1324,0939 Y:1324,0939}
[EnemyManager] Enemigos activos: 1
[EnemyRenderer] Dibujando enemigo en posición: {X:1324,2605 Y:1324,2605}
[EnemyRenderer] Enemigos activos para dibujar: 1
[Camera] Posición: {X:821,99976 Y:901,99976}, Zoom: 1
[EnemyManager] Enemigo activo en posición: {X:1324,2605 Y:1324,2605}
[EnemyManager] Enemigos activos: 1
[EnemyRenderer] Dibujando enemigo en posición: {X:1324,4271 Y:1324,4271}
[EnemyRenderer] Enemigos activos para dibujar: 1
[Camera] Posición: {X:821,99976 Y:901,99976}, Zoom: 1
[EnemyManager] Enemigo activo en posición: {X:1324,4271 Y:1324,4271}
[EnemyManager] Enemigos activos: 1
[EnemyRenderer] Dibujando enemigo en posición: {X:1324,5938 Y:1324,5938}
[EnemyRenderer] Enemigos activos para dibujar: 1
[Camera] Posición: {X:821,99976 Y:901,99976}, Zoom: 1
[EnemyManager] Enemigo activo en posición: {X:1324,5938 Y:1324,5938}
[EnemyManager] Enemigos activos: 1
[EnemyRenderer] Dibujando enemigo en posición: {X:1324,7604 Y:1324,7604}
[EnemyRenderer] Enemigos activos para dibujar: 1
[Camera] Posición: {X:821,99976 Y:901,99976}, Zoom: 1
[EnemyManager] Enemigo activo en posición: {X:1324,7604 Y:1324,7604}
[EnemyManager] Enemigos activos: 1
[EnemyRenderer] Dibujando enemigo en posición: {X:1324,927 Y:1324,927}
[EnemyRenderer] Enemigos activos para dibujar: 1
[Camera] Posición: {X:821,99976 Y:901,99976}, Zoom: 1
[EnemyManager] Enemigo activo en posición: {X:1324,927 Y:1324,927}
[EnemyManager] Enemigos activos: 1
[EnemyRenderer] Dibujando enemigo en posición: {X:1325,0936 Y:1325,0936}
[EnemyRenderer] Enemigos activos para dibujar: 1
[Camera] Posición: {X:821,99976 Y:901,99976}, Zoom: 1
[EnemyManager] Enemigo activo en posición: {X:1325,0936 Y:1325,0936}
[EnemyManager] Enemigos activos: 1
[EnemyRenderer] Dibujando enemigo en posición: {X:1325,2603 Y:1325,2603}
[EnemyRenderer] Enemigos activos para dibujar: 1
[Camera] Posición: {X:821,99976 Y:901,99976}, Zoom: 1
[EnemyManager] Enemigo activo en posición: {X:1325,2603 Y:1325,2603}
[EnemyManager] Enemigos activos: 1
[EnemyRenderer] Dibujando enemigo en posición: {X:1325,4269 Y:1325,4269}
[EnemyRenderer] Enemigos activos para dibujar: 1
[Camera] Posición: {X:821,99976 Y:901,99976}, Zoom: 1
[EnemyManager] Enemigo activo en posición: {X:1325,4269 Y:1325,4269}
[EnemyManager] Enemigos activos: 1
[EnemyRenderer] Dibujando enemigo en posición: {X:1325,5935 Y:1325,5935}
[EnemyRenderer] Enemigos activos para dibujar: 1
[Camera] Posición: {X:821,99976 Y:901,99976}, Zoom: 1
[EnemyManager] Enemigo activo en posición: {X:1325,5935 Y:1325,5935}
[EnemyManager] Enemigos activos: 1
[EnemyRenderer] Dibujando enemigo en posición: {X:1325,7601 Y:1325,7601}
[EnemyRenderer] Enemigos activos para dibujar: 1
[Camera] Posición: {X:821,99976 Y:901,99976}, Zoom: 1
[EnemyManager] Enemigo activo en posición: {X:1325,7601 Y:1325,7601}
[EnemyManager] Enemigos activos: 1
[EnemyRenderer] Dibujando enemigo en posición: {X:1325,9268 Y:1325,9268}
[EnemyRenderer] Enemigos activos para dibujar: 1
[Camera] Posición: {X:821,99976 Y:901,99976}, Zoom: 1
[EnemyManager] Enemigo activo en posición: {X:1325,9268 Y:1325,9268}
[EnemyManager] Enemigos activos: 1
[EnemyRenderer] Dibujando enemigo en posición: {X:1326,0934 Y:1326,0934}
[EnemyRenderer] Enemigos activos para dibujar: 1
[Camera] Posición: {X:821,99976 Y:901,99976}, Zoom: 1
[EnemyManager] Enemigo activo en posición: {X:1326,0934 Y:1326,0934}
[EnemyManager] Enemigos activos: 1
[EnemyRenderer] Dibujando enemigo en posición: {X:1326,26 Y:1326,26}
[EnemyRenderer] Enemigos activos para dibujar: 1
[Camera] Posición: {X:821,99976 Y:901,99976}, Zoom: 1
[EnemyManager] Enemigo activo en posición: {X:1326,26 Y:1326,26}
[EnemyManager] Enemigos activos: 1
[EnemyRenderer] Dibujando enemigo en posición: {X:1326,4266 Y:1326,4266}
[EnemyRenderer] Enemigos activos para dibujar: 1
[Camera] Posición: {X:821,99976 Y:901,99976}, Zoom: 1
[EnemyManager] Enemigo activo en posición: {X:1326,4266 Y:1326,4266}
[EnemyManager] Enemigos activos: 1
[EnemyRenderer] Dibujando enemigo en posición: {X:1326,5933 Y:1326,5933}
[EnemyRenderer] Enemigos activos para dibujar: 1
[Camera] Posición: {X:821,99976 Y:901,99976}, Zoom: 1
[EnemyManager] Enemigo activo en posición: {X:1326,5933 Y:1326,5933}
[EnemyManager] Enemigos activos: 1
[EnemyRenderer] Dibujando enemigo en posición: {X:1326,7599 Y:1326,7599}
[EnemyRenderer] Enemigos activos para dibujar: 1
[Camera] Posición: {X:821,99976 Y:901,99976}, Zoom: 1
[EnemyManager] Enemigo activo en posición: {X:1326,7599 Y:1326,7599}
[EnemyManager] Enemigos activos: 1
[EnemyRenderer] Dibujando enemigo en posición: {X:1326,9265 Y:1326,9265}
[EnemyRenderer] Enemigos activos para dibujar: 1
[Camera] Posición: {X:821,99976 Y:901,99976}, Zoom: 1
[EnemyManager] Enemigo activo en posición: {X:1326,9265 Y:1326,9265}
[EnemyManager] Enemigos activos: 1
[EnemyRenderer] Dibujando enemigo en posición: {X:1327,0931 Y:1327,0931}
[EnemyRenderer] Enemigos activos para dibujar: 1
[Camera] Posición: {X:821,99976 Y:901,99976}, Zoom: 1
[EnemyManager] Enemigo activo en posición: {X:1327,0931 Y:1327,0931}
[EnemyManager] Enemigos activos: 1
[EnemyRenderer] Dibujando enemigo en posición: {X:1327,2598 Y:1327,2598}
[EnemyRenderer] Enemigos activos para dibujar: 1
[Camera] Posición: {X:821,99976 Y:901,99976}, Zoom: 1
[EnemyManager] Enemigo activo en posición: {X:1327,2598 Y:1327,2598}
[EnemyManager] Enemigos activos: 1
[EnemyRenderer] Dibujando enemigo en posición: {X:1327,4264 Y:1327,4264}
[EnemyRenderer] Enemigos activos para dibujar: 1
[Camera] Posición: {X:821,99976 Y:901,99976}, Zoom: 1
[EnemyManager] Enemigo activo en posición: {X:1327,4264 Y:1327,4264}
[EnemyManager] Enemigos activos: 1
[EnemyRenderer] Dibujando enemigo en posición: {X:1327,593 Y:1327,593}
[EnemyRenderer] Enemigos activos para dibujar: 1
[Camera] Posición: {X:821,99976 Y:901,99976}, Zoom: 1
[EnemyManager] Enemigo activo en posición: {X:1327,593 Y:1327,593}
[EnemyManager] Enemigos activos: 1
[EnemyRenderer] Dibujando enemigo en posición: {X:1327,7596 Y:1327,7596}
[EnemyRenderer] Enemigos activos para dibujar: 1
[Camera] Posición: {X:821,99976 Y:901,99976}, Zoom: 1
[EnemyManager] Enemigo activo en posición: {X:1327,7596 Y:1327,7596}
[EnemyManager] Enemigos activos: 1
[EnemyRenderer] Dibujando enemigo en posición: {X:1327,9263 Y:1327,9263}
[EnemyRenderer] Enemigos activos para dibujar: 1
[Camera] Posición: {X:821,99976 Y:901,99976}, Zoom: 1
[EnemyManager] Enemigo activo en posición: {X:1327,9263 Y:1327,9263}
[EnemyManager] Enemigos activos: 1
[EnemyRenderer] Dibujando enemigo en posición: {X:1328,0929 Y:1328,0929}
[EnemyRenderer] Enemigos activos para dibujar: 1
[Camera] Posición: {X:821,99976 Y:901,99976}, Zoom: 1
[EnemyManager] Enemigo activo en posición: {X:1328,0929 Y:1328,0929}
[EnemyManager] Enemigos activos: 1
[EnemyRenderer] Dibujando enemigo en posición: {X:1328,2595 Y:1328,2595}
[EnemyRenderer] Enemigos activos para dibujar: 1
[Camera] Posición: {X:821,99976 Y:901,99976}, Zoom: 1
[EnemyManager] Enemigo activo en posición: {X:1328,2595 Y:1328,2595}
[EnemyManager] Enemigos activos: 1
[EnemyRenderer] Dibujando enemigo en posición: {X:1328,4261 Y:1328,4261}
[EnemyRenderer] Enemigos activos para dibujar: 1
[Camera] Posición: {X:821,99976 Y:901,99976}, Zoom: 1
[EnemyManager] Enemigo activo en posición: {X:1328,4261 Y:1328,4261}
[EnemyManager] Enemigos activos: 1
[EnemyRenderer] Dibujando enemigo en posición: {X:1328,5928 Y:1328,5928}
[EnemyRenderer] Enemigos activos para dibujar: 1
[Camera] Posición: {X:821,99976 Y:901,99976}, Zoom: 1
[EnemyManager] Enemigo activo en posición: {X:1328,5928 Y:1328,5928}
[EnemyManager] Enemigos activos: 1
[EnemyRenderer] Dibujando enemigo en posición: {X:1328,7594 Y:1328,7594}
[EnemyRenderer] Enemigos activos para dibujar: 1
[Camera] Posición: {X:821,99976 Y:901,99976}, Zoom: 1
[EnemyManager] Enemigo activo en posición: {X:1328,7594 Y:1328,7594}
[EnemyManager] Enemigos activos: 1
[EnemyRenderer] Dibujando enemigo en posición: {X:1328,926 Y:1328,926}
[EnemyRenderer] Enemigos activos para dibujar: 1
[Camera] Posición: {X:821,99976 Y:901,99976}, Zoom: 1
[EnemyManager] Enemigo activo en posición: {X:1328,926 Y:1328,926}
[EnemyManager] Enemigos activos: 1
[EnemyRenderer] Dibujando enemigo en posición: {X:1329,0927 Y:1329,0927}
[EnemyRenderer] Enemigos activos para dibujar: 1
[Camera] Posición: {X:821,99976 Y:901,99976}, Zoom: 1
[EnemyManager] Enemigo activo en posición: {X:1329,0927 Y:1329,0927}
[EnemyManager] Enemigos activos: 1
[EnemyRenderer] Dibujando enemigo en posición: {X:1329,2593 Y:1329,2593}
[EnemyRenderer] Enemigos activos para dibujar: 1
[Camera] Posición: {X:821,99976 Y:901,99976}, Zoom: 1
[EnemyManager] Enemigo activo en posición: {X:1329,2593 Y:1329,2593}
[EnemyManager] Enemigos activos: 1
[EnemyRenderer] Dibujando enemigo en posición: {X:1329,4259 Y:1329,4259}
[EnemyRenderer] Enemigos activos para dibujar: 1
[Camera] Posición: {X:821,99976 Y:901,99976}, Zoom: 1
[EnemyManager] Enemigo activo en posición: {X:1329,4259 Y:1329,4259}
[EnemyManager] Enemigos activos: 1
[EnemyRenderer] Dibujando enemigo en posición: {X:1329,5925 Y:1329,5925}
[EnemyRenderer] Enemigos activos para dibujar: 1
[Camera] Posición: {X:821,99976 Y:901,99976}, Zoom: 1
[EnemyManager] Enemigo activo en posición: {X:1329,5925 Y:1329,5925}
[EnemyManager] Enemigos activos: 1
[EnemyRenderer] Dibujando enemigo en posición: {X:1329,7592 Y:1329,7592}
[EnemyRenderer] Enemigos activos para dibujar: 1
[Camera] Posición: {X:821,99976 Y:901,99976}, Zoom: 1
[EnemyManager] Enemigo activo en posición: {X:1329,7592 Y:1329,7592}
[EnemyManager] Enemigos activos: 1
[EnemyRenderer] Dibujando enemigo en posición: {X:1329,9258 Y:1329,9258}
[EnemyRenderer] Enemigos activos para dibujar: 1
[Camera] Posición: {X:821,99976 Y:901,99976}, Zoom: 1
[EnemyManager] Enemigo activo en posición: {X:1329,9258 Y:1329,9258}
[EnemyManager] Enemigos activos: 1
[EnemyRenderer] Dibujando enemigo en posición: {X:1330,0924 Y:1330,0924}
[EnemyRenderer] Enemigos activos para dibujar: 1
[Camera] Posición: {X:821,99976 Y:901,99976}, Zoom: 1
[EnemyManager] Enemigo activo en posición: {X:1330,0924 Y:1330,0924}
[EnemyManager] Enemigos activos: 1
[EnemyRenderer] Dibujando enemigo en posición: {X:1330,259 Y:1330,259}
[EnemyRenderer] Enemigos activos para dibujar: 1
[Camera] Posición: {X:821,99976 Y:901,99976}, Zoom: 1
[EnemyManager] Enemigo activo en posición: {X:1330,259 Y:1330,259}
[EnemyManager] Enemigos activos: 1
[EnemyRenderer] Dibujando enemigo en posición: {X:1330,4257 Y:1330,4257}
[EnemyRenderer] Enemigos activos para dibujar: 1
[Camera] Posición: {X:821,99976 Y:901,99976}, Zoom: 1
[EnemyManager] Enemigo activo en posición: {X:1330,4257 Y:1330,4257}
[EnemyManager] Enemigos activos: 1
[EnemyRenderer] Dibujando enemigo en posición: {X:1330,5923 Y:1330,5923}
[EnemyRenderer] Enemigos activos para dibujar: 1
[Camera] Posición: {X:821,99976 Y:901,99976}, Zoom: 1
[EnemyManager] Enemigo activo en posición: {X:1330,5923 Y:1330,5923}
[EnemyManager] Enemigos activos: 1
[EnemyRenderer] Dibujando enemigo en posición: {X:1330,7589 Y:1330,7589}
[EnemyRenderer] Enemigos activos para dibujar: 1
[Camera] Posición: {X:821,99976 Y:901,99976}, Zoom: 1
[EnemyManager] Enemigo activo en posición: {X:1330,7589 Y:1330,7589}
[EnemyManager] Enemigos activos: 1
[EnemyRenderer] Dibujando enemigo en posición: {X:1330,9255 Y:1330,9255}
[EnemyRenderer] Enemigos activos para dibujar: 1
[Camera] Posición: {X:821,99976 Y:901,99976}, Zoom: 1
[EnemyManager] Enemigo activo en posición: {X:1330,9255 Y:1330,9255}
[EnemyManager] Enemigos activos: 1
[EnemyRenderer] Dibujando enemigo en posición: {X:1331,0922 Y:1331,0922}
[EnemyRenderer] Enemigos activos para dibujar: 1
[Camera] Posición: {X:821,99976 Y:901,99976}, Zoom: 1
[EnemyManager] Enemigo activo en posición: {X:1331,0922 Y:1331,0922}
[EnemyManager] Enemigos activos: 1
[EnemyRenderer] Dibujando enemigo en posición: {X:1331,2588 Y:1331,2588}
[EnemyRenderer] Enemigos activos para dibujar: 1
[Camera] Posición: {X:821,99976 Y:901,99976}, Zoom: 1
[EnemyManager] Enemigo activo en posición: {X:1331,2588 Y:1331,2588}
[EnemyManager] Enemigos activos: 1
[EnemyRenderer] Dibujando enemigo en posición: {X:1331,4254 Y:1331,4254}
[EnemyRenderer] Enemigos activos para dibujar: 1
[Camera] Posición: {X:821,99976 Y:901,99976}, Zoom: 1
[EnemyManager] Enemigo activo en posición: {X:1331,4254 Y:1331,4254}
[EnemyManager] Enemigos activos: 1
[EnemyRenderer] Dibujando enemigo en posición: {X:1331,592 Y:1331,592}
[EnemyRenderer] Enemigos activos para dibujar: 1
[Camera] Posición: {X:821,99976 Y:901,99976}, Zoom: 1
[EnemyManager] Enemigo activo en posición: {X:1331,592 Y:1331,592}
[EnemyManager] Enemigos activos: 1
[EnemyRenderer] Dibujando enemigo en posición: {X:1331,7587 Y:1331,7587}
[EnemyRenderer] Enemigos activos para dibujar: 1
[Camera] Posición: {X:821,99976 Y:901,99976}, Zoom: 1
[EnemyManager] Enemigo activo en posición: {X:1331,7587 Y:1331,7587}
[EnemyManager] Enemigos activos: 1
[EnemyRenderer] Dibujando enemigo en posición: {X:1331,9253 Y:1331,9253}
[EnemyRenderer] Enemigos activos para dibujar: 1
[Camera] Posición: {X:821,99976 Y:901,99976}, Zoom: 1
[EnemyManager] Enemigo activo en posición: {X:1331,9253 Y:1331,9253}
[EnemyManager] Enemigos activos: 1
[EnemyRenderer] Dibujando enemigo en posición: {X:1332,0919 Y:1332,0919}
[EnemyRenderer] Enemigos activos para dibujar: 1
[Camera] Posición: {X:821,99976 Y:901,99976}, Zoom: 1
[EnemyManager] Enemigo activo en posición: {X:1332,0919 Y:1332,0919}
[EnemyManager] Enemigos activos: 1
[EnemyRenderer] Dibujando enemigo en posición: {X:1332,2585 Y:1332,2585}
[EnemyRenderer] Enemigos activos para dibujar: 1
[Camera] Posición: {X:821,99976 Y:901,99976}, Zoom: 1
[EnemyManager] Enemigo activo en posición: {X:1332,2585 Y:1332,2585}
[EnemyManager] Enemigos activos: 1
[EnemyRenderer] Dibujando enemigo en posición: {X:1332,4252 Y:1332,4252}
[EnemyRenderer] Enemigos activos para dibujar: 1
[Camera] Posición: {X:821,99976 Y:901,99976}, Zoom: 1
[EnemyManager] Enemigo activo en posición: {X:1332,4252 Y:1332,4252}
[EnemyManager] Enemigos activos: 1
[EnemyRenderer] Dibujando enemigo en posición: {X:1332,5918 Y:1332,5918}
[EnemyRenderer] Enemigos activos para dibujar: 1
[Camera] Posición: {X:821,99976 Y:901,99976}, Zoom: 1
[EnemyManager] Enemigo activo en posición: {X:1332,5918 Y:1332,5918}
[EnemyManager] Enemigos activos: 1
[EnemyRenderer] Dibujando enemigo en posición: {X:1332,7584 Y:1332,7584}
[EnemyRenderer] Enemigos activos para dibujar: 1
[Camera] Posición: {X:821,99976 Y:901,99976}, Zoom: 1
[EnemyManager] Enemigo activo en posición: {X:1332,7584 Y:1332,7584}
[EnemyManager] Enemigos activos: 1
[EnemyRenderer] Dibujando enemigo en posición: {X:1332,925 Y:1332,925}
[EnemyRenderer] Enemigos activos para dibujar: 1
[Camera] Posición: {X:821,99976 Y:901,99976}, Zoom: 1
[EnemyManager] Enemigo activo en posición: {X:1332,925 Y:1332,925}
[EnemyManager] Enemigos activos: 1
[EnemyRenderer] Dibujando enemigo en posición: {X:1333,0917 Y:1333,0917}
[EnemyRenderer] Enemigos activos para dibujar: 1
[Camera] Posición: {X:821,99976 Y:901,99976}, Zoom: 1
[EnemyManager] Enemigo activo en posición: {X:1333,0917 Y:1333,0917}
[EnemyManager] Enemigos activos: 1
[EnemyRenderer] Dibujando enemigo en posición: {X:1333,2583 Y:1333,2583}
[EnemyRenderer] Enemigos activos para dibujar: 1
[Camera] Posición: {X:821,99976 Y:901,99976}, Zoom: 1
[EnemyManager] Enemigo activo en posición: {X:1333,2583 Y:1333,2583}
[EnemyManager] Enemigos activos: 1
[EnemyRenderer] Dibujando enemigo en posición: {X:1333,4249 Y:1333,4249}
[EnemyRenderer] Enemigos activos para dibujar: 1
[Camera] Posición: {X:821,99976 Y:901,99976}, Zoom: 1
[EnemyManager] Enemigo activo en posición: {X:1333,4249 Y:1333,4249}
[EnemyManager] Enemigos activos: 1
[EnemyRenderer] Dibujando enemigo en posición: {X:1333,5916 Y:1333,5916}
[EnemyRenderer] Enemigos activos para dibujar: 1
[Camera] Posición: {X:821,99976 Y:901,99976}, Zoom: 1
[EnemyManager] Enemigo activo en posición: {X:1333,5916 Y:1333,5916}
[EnemyManager] Enemigos activos: 1
[EnemyRenderer] Dibujando enemigo en posición: {X:1333,7582 Y:1333,7582}
[EnemyRenderer] Enemigos activos para dibujar: 1
[Camera] Posición: {X:821,99976 Y:901,99976}, Zoom: 1
[EnemyManager] Enemigo activo en posición: {X:1333,7582 Y:1333,7582}
[EnemyManager] Enemigos activos: 1
[EnemyRenderer] Dibujando enemigo en posición: {X:1333,9248 Y:1333,9248}
[EnemyRenderer] Enemigos activos para dibujar: 1
[Camera] Posición: {X:821,99976 Y:901,99976}, Zoom: 1
[EnemyManager] Enemigo activo en posición: {X:1333,9248 Y:1333,9248}
[EnemyManager] Enemigos activos: 1
[EnemyRenderer] Dibujando enemigo en posición: {X:1334,0914 Y:1334,0914}
[EnemyRenderer] Enemigos activos para dibujar: 1
[Camera] Posición: {X:821,99976 Y:901,99976}, Zoom: 1
[EnemyManager] Enemigo activo en posición: {X:1334,0914 Y:1334,0914}
[EnemyManager] Enemigos activos: 1
[EnemyRenderer] Dibujando enemigo en posición: {X:1334,258 Y:1334,258}
[EnemyRenderer] Enemigos activos para dibujar: 1
[Camera] Posición: {X:821,99976 Y:901,99976}, Zoom: 1
[EnemyManager] Enemigo activo en posición: {X:1334,258 Y:1334,258}
[EnemyManager] Enemigos activos: 1
[EnemyRenderer] Dibujando enemigo en posición: {X:1334,4247 Y:1334,4247}
[EnemyRenderer] Enemigos activos para dibujar: 1
[Camera] Posición: {X:821,99976 Y:901,99976}, Zoom: 1
[EnemyManager] Enemigo activo en posición: {X:1334,4247 Y:1334,4247}
[EnemyManager] Enemigos activos: 1
[EnemyRenderer] Dibujando enemigo en posición: {X:1334,5913 Y:1334,5913}
[EnemyRenderer] Enemigos activos para dibujar: 1
[Camera] Posición: {X:821,99976 Y:901,99976}, Zoom: 1
[EnemyManager] Enemigo activo en posición: {X:1334,5913 Y:1334,5913}
[EnemyManager] Enemigos activos: 1
[EnemyRenderer] Dibujando enemigo en posición: {X:1334,7579 Y:1334,7579}
[EnemyRenderer] Enemigos activos para dibujar: 1
[Camera] Posición: {X:821,99976 Y:901,99976}, Zoom: 1
[EnemyManager] Enemigo activo en posición: {X:1334,7579 Y:1334,7579}
[EnemyManager] Enemigos activos: 1
[EnemyRenderer] Dibujando enemigo en posición: {X:1334,9246 Y:1334,9246}
[EnemyRenderer] Enemigos activos para dibujar: 1
[Camera] Posición: {X:821,99976 Y:901,99976}, Zoom: 1
[EnemyManager] Enemigo activo en posición: {X:1334,9246 Y:1334,9246}
[EnemyManager] Enemigos activos: 1
[EnemyRenderer] Dibujando enemigo en posición: {X:1335,0912 Y:1335,0912}
[EnemyRenderer] Enemigos activos para dibujar: 1
[Camera] Posición: {X:821,99976 Y:901,99976}, Zoom: 1
[EnemyManager] Enemigo activo en posición: {X:1335,0912 Y:1335,0912}
[EnemyManager] Enemigos activos: 1
[EnemyRenderer] Dibujando enemigo en posición: {X:1335,2578 Y:1335,2578}
[EnemyRenderer] Enemigos activos para dibujar: 1
[Camera] Posición: {X:821,99976 Y:901,99976}, Zoom: 1
[EnemyManager] Enemigo activo en posición: {X:1335,2578 Y:1335,2578}
[EnemyManager] Enemigos activos: 1
[EnemyRenderer] Dibujando enemigo en posición: {X:1335,4244 Y:1335,4244}
[EnemyRenderer] Enemigos activos para dibujar: 1
[Camera] Posición: {X:821,99976 Y:901,99976}, Zoom: 1
[EnemyManager] Enemigo activo en posición: {X:1335,4244 Y:1335,4244}
[EnemyManager] Enemigos activos: 1
[EnemyRenderer] Dibujando enemigo en posición: {X:1335,5911 Y:1335,5911}
[EnemyRenderer] Enemigos activos para dibujar: 1
[Camera] Posición: {X:821,99976 Y:901,99976}, Zoom: 1
[EnemyManager] Enemigo activo en posición: {X:1335,5911 Y:1335,5911}
[EnemyManager] Enemigos activos: 1
[EnemyRenderer] Dibujando enemigo en posición: {X:1335,7577 Y:1335,7577}
[EnemyRenderer] Enemigos activos para dibujar: 1
[Camera] Posición: {X:821,99976 Y:901,99976}, Zoom: 1
[EnemyManager] Enemigo activo en posición: {X:1335,7577 Y:1335,7577}
[EnemyManager] Enemigos activos: 1
[EnemyRenderer] Dibujando enemigo en posición: {X:1335,9243 Y:1335,9243}
[EnemyRenderer] Enemigos activos para dibujar: 1
[Camera] Posición: {X:821,99976 Y:901,99976}, Zoom: 1
[EnemyManager] Enemigo activo en posición: {X:1335,9243 Y:1335,9243}
[EnemyManager] Enemigos activos: 1
[EnemyRenderer] Dibujando enemigo en posición: {X:1336,091 Y:1336,091}
[EnemyRenderer] Enemigos activos para dibujar: 1
[Camera] Posición: {X:821,99976 Y:901,99976}, Zoom: 1
[EnemyManager] Enemigo activo en posición: {X:1336,091 Y:1336,091}
[EnemyManager] Enemigos activos: 1
[EnemyRenderer] Dibujando enemigo en posición: {X:1336,2576 Y:1336,2576}
[EnemyRenderer] Enemigos activos para dibujar: 1
[Camera] Posición: {X:821,99976 Y:901,99976}, Zoom: 1
[EnemyManager] Enemigo activo en posición: {X:1336,2576 Y:1336,2576}
[EnemyManager] Enemigos activos: 1
[EnemyRenderer] Dibujando enemigo en posición: {X:1336,4242 Y:1336,4242}
[EnemyRenderer] Enemigos activos para dibujar: 1
[Camera] Posición: {X:821,99976 Y:901,99976}, Zoom: 1
[EnemyManager] Enemigo activo en posición: {X:1336,4242 Y:1336,4242}
[EnemyManager] Enemigos activos: 1
[EnemyRenderer] Dibujando enemigo en posición: {X:1336,5908 Y:1336,5908}
[EnemyRenderer] Enemigos activos para dibujar: 1
[Camera] Posición: {X:821,99976 Y:901,99976}, Zoom: 1
[EnemyManager] Enemigo activo en posición: {X:1336,5908 Y:1336,5908}
[EnemyManager] Enemigos activos: 1
[EnemyRenderer] Dibujando enemigo en posición: {X:1336,7574 Y:1336,7574}
[EnemyRenderer] Enemigos activos para dibujar: 1
[Camera] Posición: {X:821,99976 Y:901,99976}, Zoom: 1
[EnemyManager] Enemigo activo en posición: {X:1336,7574 Y:1336,7574}
[EnemyManager] Enemigos activos: 1
[EnemyRenderer] Dibujando enemigo en posición: {X:1336,9241 Y:1336,9241}
[EnemyRenderer] Enemigos activos para dibujar: 1
[Camera] Posición: {X:821,99976 Y:901,99976}, Zoom: 1
[EnemyManager] Enemigo activo en posición: {X:1336,9241 Y:1336,9241}
[EnemyManager] Enemigos activos: 1
[EnemyRenderer] Dibujando enemigo en posición: {X:1337,0907 Y:1337,0907}
[EnemyRenderer] Enemigos activos para dibujar: 1
[Camera] Posición: {X:821,99976 Y:901,99976}, Zoom: 1
[EnemyManager] Enemigo activo en posición: {X:1337,0907 Y:1337,0907}
[EnemyManager] Enemigos activos: 1
[EnemyRenderer] Dibujando enemigo en posición: {X:1337,2573 Y:1337,2573}
[EnemyRenderer] Enemigos activos para dibujar: 1
[Camera] Posición: {X:821,99976 Y:901,99976}, Zoom: 1
[EnemyManager] Enemigo activo en posición: {X:1337,2573 Y:1337,2573}
[EnemyManager] Enemigos activos: 1
[EnemyRenderer] Dibujando enemigo en posición: {X:1337,424 Y:1337,424}
[EnemyRenderer] Enemigos activos para dibujar: 1
[Camera] Posición: {X:821,99976 Y:901,99976}, Zoom: 1
[EnemyManager] Enemigo activo en posición: {X:1337,424 Y:1337,424}
[EnemyManager] Enemigos activos: 1
[EnemyRenderer] Dibujando enemigo en posición: {X:1337,5906 Y:1337,5906}
[EnemyRenderer] Enemigos activos para dibujar: 1
[Camera] Posición: {X:821,99976 Y:901,99976}, Zoom: 1
[EnemyManager] Enemigo activo en posición: {X:1337,5906 Y:1337,5906}
[EnemyManager] Enemigos activos: 1
[EnemyRenderer] Dibujando enemigo en posición: {X:1337,7572 Y:1337,7572}
[EnemyRenderer] Enemigos activos para dibujar: 1
[Camera] Posición: {X:821,99976 Y:901,99976}, Zoom: 1
[EnemyManager] Enemigo activo en posición: {X:1337,7572 Y:1337,7572}
[EnemyManager] Enemigos activos: 1
[EnemyRenderer] Dibujando enemigo en posición: {X:1337,9238 Y:1337,9238}
[EnemyRenderer] Enemigos activos para dibujar: 1
[Camera] Posición: {X:821,99976 Y:901,99976}, Zoom: 1
[EnemyManager] Enemigo activo en posición: {X:1337,9238 Y:1337,9238}
[EnemyManager] Enemigos activos: 1
[EnemyRenderer] Dibujando enemigo en posición: {X:1338,0905 Y:1338,0905}
[EnemyRenderer] Enemigos activos para dibujar: 1
[Camera] Posición: {X:821,99976 Y:901,99976}, Zoom: 1
[EnemyManager] Enemigo activo en posición: {X:1338,0905 Y:1338,0905}
[EnemyManager] Enemigos activos: 1
[EnemyRenderer] Dibujando enemigo en posición: {X:1338,2571 Y:1338,2571}
[EnemyRenderer] Enemigos activos para dibujar: 1
[Camera] Posición: {X:821,99976 Y:901,99976}, Zoom: 1
[EnemyManager] Enemigo activo en posición: {X:1338,2571 Y:1338,2571}
[EnemyManager] Enemigos activos: 1
[EnemyRenderer] Dibujando enemigo en posición: {X:1338,4237 Y:1338,4237}
[EnemyRenderer] Enemigos activos para dibujar: 1
[Camera] Posición: {X:821,99976 Y:901,99976}, Zoom: 1
[EnemyManager] Enemigo activo en posición: {X:1338,4237 Y:1338,4237}
[EnemyManager] Enemigos activos: 1
[EnemyRenderer] Dibujando enemigo en posición: {X:1338,5903 Y:1338,5903}
[EnemyRenderer] Enemigos activos para dibujar: 1
[Camera] Posición: {X:821,99976 Y:901,99976}, Zoom: 1
[EnemyManager] Enemigo activo en posición: {X:1338,5903 Y:1338,5903}
[EnemyManager] Enemigos activos: 1
[EnemyRenderer] Dibujando enemigo en posición: {X:1338,757 Y:1338,757}
[EnemyRenderer] Enemigos activos para dibujar: 1
[Camera] Posición: {X:821,99976 Y:901,99976}, Zoom: 1
[EnemyManager] Enemigo activo en posición: {X:1338,757 Y:1338,757}
[EnemyManager] Enemigos activos: 1
[EnemyRenderer] Dibujando enemigo en posición: {X:1338,9236 Y:1338,9236}
[EnemyRenderer] Enemigos activos para dibujar: 1
[Camera] Posición: {X:821,99976 Y:901,99976}, Zoom: 1
[EnemyManager] Enemigo activo en posición: {X:1338,9236 Y:1338,9236}
[EnemyManager] Enemigos activos: 1
[EnemyRenderer] Dibujando enemigo en posición: {X:1339,0902 Y:1339,0902}
[EnemyRenderer] Enemigos activos para dibujar: 1
[Camera] Posición: {X:821,99976 Y:901,99976}, Zoom: 1
[EnemyManager] Enemigo activo en posición: {X:1339,0902 Y:1339,0902}
[EnemyManager] Enemigos activos: 1
[EnemyRenderer] Dibujando enemigo en posición: {X:1339,2568 Y:1339,2568}
[EnemyRenderer] Enemigos activos para dibujar: 1
[Camera] Posición: {X:821,99976 Y:901,99976}, Zoom: 1
[EnemyManager] Enemigo activo en posición: {X:1339,2568 Y:1339,2568}
[EnemyManager] Enemigos activos: 1
[EnemyRenderer] Dibujando enemigo en posición: {X:1339,4235 Y:1339,4235}
[EnemyRenderer] Enemigos activos para dibujar: 1
[Camera] Posición: {X:821,99976 Y:901,99976}, Zoom: 1
[EnemyManager] Enemigo activo en posición: {X:1339,4235 Y:1339,4235}
[EnemyManager] Enemigos activos: 1
[EnemyRenderer] Dibujando enemigo en posición: {X:1339,5901 Y:1339,5901}
[EnemyRenderer] Enemigos activos para dibujar: 1
[Camera] Posición: {X:821,99976 Y:901,99976}, Zoom: 1
[EnemyManager] Enemigo activo en posición: {X:1339,5901 Y:1339,5901}
[EnemyManager] Enemigos activos: 1
[EnemyRenderer] Dibujando enemigo en posición: {X:1339,7567 Y:1339,7567}
[EnemyRenderer] Enemigos activos para dibujar: 1
[Camera] Posición: {X:821,99976 Y:901,99976}, Zoom: 1
[EnemyManager] Enemigo activo en posición: {X:1339,7567 Y:1339,7567}
[EnemyManager] Enemigos activos: 1
[EnemyRenderer] Dibujando enemigo en posición: {X:1339,9233 Y:1339,9233}
[EnemyRenderer] Enemigos activos para dibujar: 1
[Camera] Posición: {X:821,99976 Y:901,99976}, Zoom: 1
[EnemyManager] Enemigo activo en posición: {X:1339,9233 Y:1339,9233}
[EnemyManager] Enemigos activos: 1
[EnemyRenderer] Dibujando enemigo en posición: {X:1340,09 Y:1340,09}
[EnemyRenderer] Enemigos activos para dibujar: 1
[Camera] Posición: {X:821,99976 Y:901,99976}, Zoom: 1
[EnemyManager] Enemigo activo en posición: {X:1340,09 Y:1340,09}
[EnemyManager] Enemigos activos: 1
[EnemyRenderer] Dibujando enemigo en posición: {X:1340,2566 Y:1340,2566}
[EnemyRenderer] Enemigos activos para dibujar: 1
[Camera] Posición: {X:821,99976 Y:901,99976}, Zoom: 1
[EnemyManager] Enemigo activo en posición: {X:1340,2566 Y:1340,2566}
[EnemyManager] Enemigos activos: 1
[EnemyRenderer] Dibujando enemigo en posición: {X:1340,4232 Y:1340,4232}
[EnemyRenderer] Enemigos activos para dibujar: 1
[Camera] Posición: {X:821,99976 Y:901,99976}, Zoom: 1
[EnemyManager] Enemigo activo en posición: {X:1340,4232 Y:1340,4232}
[EnemyManager] Enemigos activos: 1
[EnemyRenderer] Dibujando enemigo en posición: {X:1340,5898 Y:1340,5898}
[EnemyRenderer] Enemigos activos para dibujar: 1
[Camera] Posición: {X:821,99976 Y:901,99976}, Zoom: 1
[EnemyManager] Enemigo activo en posición: {X:1340,5898 Y:1340,5898}
[EnemyManager] Enemigos activos: 1
[EnemyRenderer] Dibujando enemigo en posición: {X:1340,7565 Y:1340,7565}
[EnemyRenderer] Enemigos activos para dibujar: 1
[Camera] Posición: {X:821,99976 Y:901,99976}, Zoom: 1
[EnemyManager] Enemigo activo en posición: {X:1340,7565 Y:1340,7565}
[EnemyManager] Enemigos activos: 1
[EnemyRenderer] Dibujando enemigo en posición: {X:1340,9231 Y:1340,9231}
[EnemyRenderer] Enemigos activos para dibujar: 1
[Camera] Posición: {X:821,99976 Y:901,99976}, Zoom: 1
[EnemyManager] Enemigo activo en posición: {X:1340,9231 Y:1340,9231}
[EnemyManager] Enemigos activos: 1
[EnemyRenderer] Dibujando enemigo en posición: {X:1341,0897 Y:1341,0897}
[EnemyRenderer] Enemigos activos para dibujar: 1
[Camera] Posición: {X:821,99976 Y:901,99976}, Zoom: 1
[EnemyManager] Enemigo activo en posición: {X:1341,0897 Y:1341,0897}
[EnemyManager] Enemigos activos: 1
[EnemyRenderer] Dibujando enemigo en posición: {X:1341,2563 Y:1341,2563}
[EnemyRenderer] Enemigos activos para dibujar: 1
[Camera] Posición: {X:821,99976 Y:901,99976}, Zoom: 1
[EnemyManager] Enemigo activo en posición: {X:1341,2563 Y:1341,2563}
[EnemyManager] Enemigos activos: 1
[EnemyRenderer] Dibujando enemigo en posición: {X:1341,423 Y:1341,423}
[EnemyRenderer] Enemigos activos para dibujar: 1
[Camera] Posición: {X:821,99976 Y:901,99976}, Zoom: 1
[EnemyManager] Enemigo activo en posición: {X:1341,423 Y:1341,423}
[EnemyManager] Enemigos activos: 1
[EnemyRenderer] Dibujando enemigo en posición: {X:1341,5896 Y:1341,5896}
[EnemyRenderer] Enemigos activos para dibujar: 1
[Camera] Posición: {X:821,99976 Y:901,99976}, Zoom: 1
[EnemyManager] Enemigo activo en posición: {X:1341,5896 Y:1341,5896}
[EnemyManager] Enemigos activos: 1
[EnemyRenderer] Dibujando enemigo en posición: {X:1341,7562 Y:1341,7562}
[EnemyRenderer] Enemigos activos para dibujar: 1
[Camera] Posición: {X:821,99976 Y:901,99976}, Zoom: 1
[EnemyManager] Enemigo activo en posición: {X:1341,7562 Y:1341,7562}
[EnemyManager] Enemigos activos: 1
[EnemyRenderer] Dibujando enemigo en posición: {X:1341,9229 Y:1341,9229}
[EnemyRenderer] Enemigos activos para dibujar: 1
[Camera] Posición: {X:821,99976 Y:901,99976}, Zoom: 1
[EnemyManager] Enemigo activo en posición: {X:1341,9229 Y:1341,9229}
[EnemyManager] Enemigos activos: 1
[EnemyRenderer] Dibujando enemigo en posición: {X:1342,0895 Y:1342,0895}
[EnemyRenderer] Enemigos activos para dibujar: 1
[Camera] Posición: {X:821,99976 Y:901,99976}, Zoom: 1
[EnemyManager] Enemigo activo en posición: {X:1342,0895 Y:1342,0895}
[EnemyManager] Enemigos activos: 1
[EnemyRenderer] Dibujando enemigo en posición: {X:1342,2561 Y:1342,2561}
[EnemyRenderer] Enemigos activos para dibujar: 1
[Camera] Posición: {X:821,99976 Y:901,99976}, Zoom: 1
[EnemyManager] Enemigo activo en posición: {X:1342,2561 Y:1342,2561}
[EnemyManager] Enemigos activos: 1
[EnemyRenderer] Dibujando enemigo en posición: {X:1342,4227 Y:1342,4227}
[EnemyRenderer] Enemigos activos para dibujar: 1
[Camera] Posición: {X:821,99976 Y:901,99976}, Zoom: 1
[EnemyManager] Enemigo activo en posición: {X:1342,4227 Y:1342,4227}
[EnemyManager] Enemigos activos: 1
[EnemyRenderer] Dibujando enemigo en posición: {X:1342,5894 Y:1342,5894}
[EnemyRenderer] Enemigos activos para dibujar: 1
[Camera] Posición: {X:821,99976 Y:901,99976}, Zoom: 1
[EnemyManager] Enemigo activo en posición: {X:1342,5894 Y:1342,5894}
[EnemyManager] Enemigos activos: 1
[EnemyRenderer] Dibujando enemigo en posición: {X:1342,756 Y:1342,756}
[EnemyRenderer] Enemigos activos para dibujar: 1
[Camera] Posición: {X:821,99976 Y:901,99976}, Zoom: 1
[EnemyManager] Enemigo activo en posición: {X:1342,756 Y:1342,756}
[EnemyManager] Enemigos activos: 1
[EnemyRenderer] Dibujando enemigo en posición: {X:1342,9226 Y:1342,9226}
[EnemyRenderer] Enemigos activos para dibujar: 1
[Camera] Posición: {X:821,99976 Y:901,99976}, Zoom: 1
[EnemyManager] Enemigo activo en posición: {X:1342,9226 Y:1342,9226}
[EnemyManager] Enemigos activos: 1
[EnemyRenderer] Dibujando enemigo en posición: {X:1343,0892 Y:1343,0892}
[EnemyRenderer] Enemigos activos para dibujar: 1
[Camera] Posición: {X:821,99976 Y:901,99976}, Zoom: 1
[EnemyManager] Enemigo activo en posición: {X:1343,0892 Y:1343,0892}
[EnemyManager] Enemigos activos: 1
[EnemyRenderer] Dibujando enemigo en posición: {X:1343,2559 Y:1343,2559}
[EnemyRenderer] Enemigos activos para dibujar: 1
[Camera] Posición: {X:821,99976 Y:901,99976}, Zoom: 1
[EnemyManager] Enemigo activo en posición: {X:1343,2559 Y:1343,2559}
[EnemyManager] Enemigos activos: 1
[EnemyRenderer] Dibujando enemigo en posición: {X:1343,4225 Y:1343,4225}
[EnemyRenderer] Enemigos activos para dibujar: 1
[Camera] Posición: {X:821,99976 Y:901,99976}, Zoom: 1
[EnemyManager] Enemigo activo en posición: {X:1343,4225 Y:1343,4225}
[EnemyManager] Enemigos activos: 1
[EnemyRenderer] Dibujando enemigo en posición: {X:1343,5891 Y:1343,5891}
[EnemyRenderer] Enemigos activos para dibujar: 1
[Camera] Posición: {X:821,99976 Y:901,99976}, Zoom: 1
[EnemyManager] Enemigo activo en posición: {X:1343,5891 Y:1343,5891}
[EnemyManager] Enemigos activos: 1
[EnemyRenderer] Dibujando enemigo en posición: {X:1343,7557 Y:1343,7557}
[EnemyRenderer] Enemigos activos para dibujar: 1
[Camera] Posición: {X:821,99976 Y:901,99976}, Zoom: 1
[EnemyManager] Enemigo activo en posición: {X:1343,7557 Y:1343,7557}
[EnemyManager] Enemigos activos: 1
[EnemyRenderer] Dibujando enemigo en posición: {X:1343,9224 Y:1343,9224}
[EnemyRenderer] Enemigos activos para dibujar: 1
[Camera] Posición: {X:821,99976 Y:901,99976}, Zoom: 1
[EnemyManager] Enemigo activo en posición: {X:1343,9224 Y:1343,9224}
[EnemyManager] Enemigos activos: 1
[EnemyRenderer] Dibujando enemigo en posición: {X:1344,089 Y:1344,089}
[EnemyRenderer] Enemigos activos para dibujar: 1
[Camera] Posición: {X:821,99976 Y:901,99976}, Zoom: 1
[EnemyManager] Enemigo activo en posición: {X:1344,089 Y:1344,089}
[EnemyManager] Enemigos activos: 1
[EnemyRenderer] Dibujando enemigo en posición: {X:1344,2556 Y:1344,2556}
[EnemyRenderer] Enemigos activos para dibujar: 1
[Camera] Posición: {X:821,99976 Y:901,99976}, Zoom: 1
[EnemyManager] Enemigo activo en posición: {X:1344,2556 Y:1344,2556}
[EnemyManager] Enemigos activos: 1
[EnemyRenderer] Dibujando enemigo en posición: {X:1344,4222 Y:1344,4222}
[EnemyRenderer] Enemigos activos para dibujar: 1
[Camera] Posición: {X:821,99976 Y:901,99976}, Zoom: 1
[EnemyManager] Enemigo activo en posición: {X:1344,4222 Y:1344,4222}
[EnemyManager] Enemigos activos: 1
[EnemyRenderer] Dibujando enemigo en posición: {X:1344,5889 Y:1344,5889}
[EnemyRenderer] Enemigos activos para dibujar: 1
[Camera] Posición: {X:821,99976 Y:901,99976}, Zoom: 1
[EnemyManager] Enemigo activo en posición: {X:1344,5889 Y:1344,5889}
[EnemyManager] Enemigos activos: 1
[EnemyRenderer] Dibujando enemigo en posición: {X:1344,7555 Y:1344,7555}
[EnemyRenderer] Enemigos activos para dibujar: 1
[Camera] Posición: {X:821,99976 Y:901,99976}, Zoom: 1
[EnemyManager] Enemigo activo en posición: {X:1344,7555 Y:1344,7555}
[EnemyManager] Enemigos activos: 1
[EnemyRenderer] Dibujando enemigo en posición: {X:1344,9221 Y:1344,9221}
[EnemyRenderer] Enemigos activos para dibujar: 1
[Camera] Posición: {X:821,99976 Y:901,99976}, Zoom: 1
[EnemyManager] Enemigo activo en posición: {X:1344,9221 Y:1344,9221}
[EnemyManager] Enemigos activos: 1
[EnemyRenderer] Dibujando enemigo en posición: {X:1345,0887 Y:1345,0887}
[EnemyRenderer] Enemigos activos para dibujar: 1
[Camera] Posición: {X:821,99976 Y:901,99976}, Zoom: 1
[EnemyManager] Enemigo activo en posición: {X:1345,0887 Y:1345,0887}
[EnemyManager] Enemigos activos: 1
[EnemyRenderer] Dibujando enemigo en posición: {X:1345,2554 Y:1345,2554}
[EnemyRenderer] Enemigos activos para dibujar: 1
[Camera] Posición: {X:821,99976 Y:901,99976}, Zoom: 1
[EnemyManager] Enemigo activo en posición: {X:1345,2554 Y:1345,2554}
[EnemyManager] Enemigos activos: 1
[EnemyRenderer] Dibujando enemigo en posición: {X:1345,422 Y:1345,422}
[EnemyRenderer] Enemigos activos para dibujar: 1
[Camera] Posición: {X:821,99976 Y:901,99976}, Zoom: 1
[EnemyManager] Enemigo activo en posición: {X:1345,422 Y:1345,422}
[EnemyManager] Enemigos activos: 1
[EnemyRenderer] Dibujando enemigo en posición: {X:1345,5886 Y:1345,5886}
[EnemyRenderer] Enemigos activos para dibujar: 1
[Camera] Posición: {X:821,99976 Y:901,99976}, Zoom: 1
[EnemyManager] Enemigo activo en posición: {X:1345,5886 Y:1345,5886}
[EnemyManager] Enemigos activos: 1
[EnemyRenderer] Dibujando enemigo en posición: {X:1345,7552 Y:1345,7552}
[EnemyRenderer] Enemigos activos para dibujar: 1
[Camera] Posición: {X:821,99976 Y:901,99976}, Zoom: 1
[EnemyManager] Enemigo activo en posición: {X:1345,7552 Y:1345,7552}
[EnemyManager] Enemigos activos: 1
[EnemyRenderer] Dibujando enemigo en posición: {X:1345,9219 Y:1345,9219}
[EnemyRenderer] Enemigos activos para dibujar: 1
[Camera] Posición: {X:821,99976 Y:901,99976}, Zoom: 1
[EnemyManager] Enemigo activo en posición: {X:1345,9219 Y:1345,9219}
[EnemyManager] Enemigos activos: 1
[EnemyRenderer] Dibujando enemigo en posición: {X:1346,0885 Y:1346,0885}
[EnemyRenderer] Enemigos activos para dibujar: 1
[Camera] Posición: {X:821,99976 Y:901,99976}, Zoom: 1
[EnemyManager] Enemigo activo en posición: {X:1346,0885 Y:1346,0885}
[EnemyManager] Enemigos activos: 1
[EnemyRenderer] Dibujando enemigo en posición: {X:1346,2551 Y:1346,2551}
[EnemyRenderer] Enemigos activos para dibujar: 1
[Camera] Posición: {X:821,99976 Y:901,99976}, Zoom: 1
[EnemyManager] Enemigo activo en posición: {X:1346,2551 Y:1346,2551}
[EnemyManager] Enemigos activos: 1
[EnemyRenderer] Dibujando enemigo en posición: {X:1346,4218 Y:1346,4218}
[EnemyRenderer] Enemigos activos para dibujar: 1
[Camera] Posición: {X:821,99976 Y:901,99976}, Zoom: 1
[EnemyManager] Enemigo activo en posición: {X:1346,4218 Y:1346,4218}
[EnemyManager] Enemigos activos: 1
[EnemyRenderer] Dibujando enemigo en posición: {X:1346,5884 Y:1346,5884}
[EnemyRenderer] Enemigos activos para dibujar: 1
[Camera] Posición: {X:821,99976 Y:901,99976}, Zoom: 1
[EnemyManager] Enemigo activo en posición: {X:1346,5884 Y:1346,5884}
[EnemyManager] Enemigos activos: 1
[EnemyRenderer] Dibujando enemigo en posición: {X:1346,755 Y:1346,755}
[EnemyRenderer] Enemigos activos para dibujar: 1
[Camera] Posición: {X:821,99976 Y:901,99976}, Zoom: 1
[EnemyManager] Enemigo activo en posición: {X:1346,755 Y:1346,755}
[EnemyManager] Enemigos activos: 1
[EnemyRenderer] Dibujando enemigo en posición: {X:1346,9216 Y:1346,9216}
[EnemyRenderer] Enemigos activos para dibujar: 1
[Camera] Posición: {X:821,99976 Y:901,99976}, Zoom: 1
[EnemyManager] Enemigo activo en posición: {X:1346,9216 Y:1346,9216}
[EnemyManager] Enemigos activos: 1
[EnemyRenderer] Dibujando enemigo en posición: {X:1347,0883 Y:1347,0883}
[EnemyRenderer] Enemigos activos para dibujar: 1
[Camera] Posición: {X:821,99976 Y:901,99976}, Zoom: 1
[EnemyManager] Enemigo activo en posición: {X:1347,0883 Y:1347,0883}
[EnemyManager] Enemigos activos: 1
[EnemyRenderer] Dibujando enemigo en posición: {X:1347,2549 Y:1347,2549}
[EnemyRenderer] Enemigos activos para dibujar: 1
[Camera] Posición: {X:821,99976 Y:901,99976}, Zoom: 1
[EnemyManager] Enemigo activo en posición: {X:1347,2549 Y:1347,2549}
[EnemyManager] Enemigos activos: 1
[EnemyRenderer] Dibujando enemigo en posición: {X:1347,4215 Y:1347,4215}
[EnemyRenderer] Enemigos activos para dibujar: 1
[Camera] Posición: {X:821,99976 Y:901,99976}, Zoom: 1
[EnemyManager] Enemigo activo en posición: {X:1347,4215 Y:1347,4215}
[EnemyManager] Enemigos activos: 1
[EnemyRenderer] Dibujando enemigo en posición: {X:1347,5881 Y:1347,5881}
[EnemyRenderer] Enemigos activos para dibujar: 1
[Camera] Posición: {X:821,99976 Y:901,99976}, Zoom: 1
[EnemyManager] Enemigo activo en posición: {X:1347,5881 Y:1347,5881}
[EnemyManager] Enemigos activos: 1
[EnemyRenderer] Dibujando enemigo en posición: {X:1347,7548 Y:1347,7548}
[EnemyRenderer] Enemigos activos para dibujar: 1
[Camera] Posición: {X:821,99976 Y:901,99976}, Zoom: 1
[EnemyManager] Enemigo activo en posición: {X:1347,7548 Y:1347,7548}
[EnemyManager] Enemigos activos: 1
[EnemyRenderer] Dibujando enemigo en posición: {X:1347,9214 Y:1347,9214}
[EnemyRenderer] Enemigos activos para dibujar: 1
[Camera] Posición: {X:821,99976 Y:901,99976}, Zoom: 1
[EnemyManager] Enemigo activo en posición: {X:1347,9214 Y:1347,9214}
[EnemyManager] Enemigo desactivado por colisión o fuera del mundo.
[EnemyManager] Enemigos activos: 1
[EnemyRenderer] Enemigos activos para dibujar: 0
[EnemyRenderer] No hay enemigos para dibujar.
[Camera] Posición: {X:821,99976 Y:901,99976}, Zoom: 1
[EnemyManager] Enemigos activos: 0
[EnemyRenderer] Enemigos activos para dibujar: 0
[EnemyRenderer] No hay enemigos para dibujar.
[Camera] Posición: {X:821,99976 Y:901,99976}, Zoom: 1
[EnemyManager] Enemigos activos: 0
[EnemyRenderer] Enemigos activos para dibujar: 0
[EnemyRenderer] No hay enemigos para dibujar.
[Camera] Posición: {X:821,99976 Y:901,99976}, Zoom: 1
[EnemyManager] Enemigos activos: 0
[EnemyRenderer] Enemigos activos para dibujar: 0
[EnemyRenderer] No hay enemigos para dibujar.
[Camera] Posición: {X:821,99976 Y:901,99976}, Zoom: 1
[EnemyManager] Enemigos activos: 0
[EnemyRenderer] Enemigos activos para dibujar: 0
[EnemyRenderer] No hay enemigos para dibujar.
[Camera] Posición: {X:821,99976 Y:901,99976}, Zoom: 1
[EnemyManager] Enemigos activos: 0
[EnemyRenderer] Enemigos activos para dibujar: 0
[EnemyRenderer] No hay enemigos para dibujar.
[Camera] Posición: {X:821,99976 Y:901,99976}, Zoom: 1
[EnemyManager] Enemigos activos: 0
[EnemyRenderer] Enemigos activos para dibujar: 0
[EnemyRenderer] No hay enemigos para dibujar.
[Camera] Posición: {X:821,99976 Y:901,99976}, Zoom: 1
[EnemyManager] Enemigos activos: 0
[EnemyRenderer] Enemigos activos para dibujar: 0
[EnemyRenderer] No hay enemigos para dibujar.
[Camera] Posición: {X:821,99976 Y:901,99976}, Zoom: 1
[EnemyManager] Enemigos activos: 0
[EnemyRenderer] Enemigos activos para dibujar: 0
[EnemyRenderer] No hay enemigos para dibujar.
[Camera] Posición: {X:821,99976 Y:901,99976}, Zoom: 1
[EnemyManager] Enemigos activos: 0
[EnemyRenderer] Enemigos activos para dibujar: 0
[EnemyRenderer] No hay enemigos para dibujar.
[Camera] Posición: {X:821,99976 Y:901,99976}, Zoom: 1
[EnemyManager] Enemigos activos: 0
[EnemyRenderer] Enemigos activos para dibujar: 0
[EnemyRenderer] No hay enemigos para dibujar.
[Camera] Posición: {X:821,99976 Y:901,99976}, Zoom: 1
[EnemyManager] Enemigos activos: 0
[EnemyRenderer] Enemigos activos para dibujar: 0
[EnemyRenderer] No hay enemigos para dibujar.
[Camera] Posición: {X:821,99976 Y:901,99976}, Zoom: 1
[EnemyManager] Enemigos activos: 0
[EnemyRenderer] Enemigos activos para dibujar: 0
[EnemyRenderer] No hay enemigos para dibujar.
[Camera] Posición: {X:821,99976 Y:901,99976}, Zoom: 1
[EnemyManager] Enemigos activos: 0
[EnemyRenderer] Enemigos activos para dibujar: 0
[EnemyRenderer] No hay enemigos para dibujar.
[Camera] Posición: {X:821,99976 Y:901,99976}, Zoom: 1
[EnemyManager] Enemigos activos: 0
[EnemyRenderer] Enemigos activos para dibujar: 0
[EnemyRenderer] No hay enemigos para dibujar.
[Camera] Posición: {X:821,99976 Y:901,99976}, Zoom: 1
[EnemyManager] Enemigos activos: 0
[EnemyRenderer] Enemigos activos para dibujar: 0
[EnemyRenderer] No hay enemigos para dibujar.
[Camera] Posición: {X:821,99976 Y:901,99976}, Zoom: 1
[EnemyManager] Enemigos activos: 0
[EnemyRenderer] Enemigos activos para dibujar: 0
[EnemyRenderer] No hay enemigos para dibujar.
[Camera] Posición: {X:821,99976 Y:901,99976}, Zoom: 1
[EnemyManager] Enemigos activos: 0
[EnemyRenderer] Enemigos activos para dibujar: 0
[EnemyRenderer] No hay enemigos para dibujar.
[Camera] Posición: {X:821,99976 Y:901,99976}, Zoom: 1
[EnemyManager] Enemigos activos: 0
[EnemyRenderer] Enemigos activos para dibujar: 0
[EnemyRenderer] No hay enemigos para dibujar.
[Camera] Posición: {X:821,99976 Y:901,99976}, Zoom: 1
[EnemyManager] Enemigos activos: 0
[EnemyRenderer] Enemigos activos para dibujar: 0
[EnemyRenderer] No hay enemigos para dibujar.
[Camera] Posición: {X:821,99976 Y:901,99976}, Zoom: 1
[EnemyManager] Enemigos activos: 0
[EnemyRenderer] Enemigos activos para dibujar: 0
[EnemyRenderer] No hay enemigos para dibujar.
[Camera] Posición: {X:821,99976 Y:901,99976}, Zoom: 1
[EnemyManager] Enemigos activos: 0
[EnemyRenderer] Enemigos activos para dibujar: 0
[EnemyRenderer] No hay enemigos para dibujar.
[Camera] Posición: {X:821,99976 Y:901,99976}, Zoom: 1
[EnemyManager] Enemigos activos: 0
[EnemyRenderer] Enemigos activos para dibujar: 0
[EnemyRenderer] No hay enemigos para dibujar.
[Camera] Posición: {X:821,99976 Y:901,99976}, Zoom: 1
[EnemyManager] Enemigos activos: 0
[EnemyRenderer] Enemigos activos para dibujar: 0
[EnemyRenderer] No hay enemigos para dibujar.
[Camera] Posición: {X:821,99976 Y:901,99976}, Zoom: 1
[EnemyManager] Enemigos activos: 0
[EnemyRenderer] Enemigos activos para dibujar: 0
[EnemyRenderer] No hay enemigos para dibujar.
[Camera] Posición: {X:821,99976 Y:901,99976}, Zoom: 1
[EnemyManager] Enemigos activos: 0
[EnemyRenderer] Enemigos activos para dibujar: 0
[EnemyRenderer] No hay enemigos para dibujar.
[Camera] Posición: {X:821,99976 Y:901,99976}, Zoom: 1
[EnemyManager] Enemigos activos: 0
[EnemyRenderer] Enemigos activos para dibujar: 0
[EnemyRenderer] No hay enemigos para dibujar.
[Camera] Posición: {X:821,99976 Y:901,99976}, Zoom: 1
[EnemyManager] Enemigos activos: 0
[EnemyRenderer] Enemigos activos para dibujar: 0
[EnemyRenderer] No hay enemigos para dibujar.
[Camera] Posición: {X:821,99976 Y:901,99976}, Zoom: 1
[EnemyManager] Enemigos activos: 0
[EnemyRenderer] Enemigos activos para dibujar: 0
[EnemyRenderer] No hay enemigos para dibujar.
[Camera] Posición: {X:821,99976 Y:901,99976}, Zoom: 1
[EnemyManager] Enemigos activos: 0
[EnemyRenderer] Enemigos activos para dibujar: 0
[EnemyRenderer] No hay enemigos para dibujar.
[Camera] Posición: {X:821,99976 Y:901,99976}, Zoom: 1
[EnemyManager] Enemigos activos: 0
[EnemyRenderer] Enemigos activos para dibujar: 0
[EnemyRenderer] No hay enemigos para dibujar.
[Camera] Posición: {X:821,99976 Y:901,99976}, Zoom: 1
[EnemyManager] Enemigos activos: 0
[EnemyRenderer] Enemigos activos para dibujar: 0
[EnemyRenderer] No hay enemigos para dibujar.
[Camera] Posición: {X:821,99976 Y:901,99976}, Zoom: 1
[EnemyManager] Enemigos activos: 0
[EnemyRenderer] Enemigos activos para dibujar: 0
[EnemyRenderer] No hay enemigos para dibujar.
[Camera] Posición: {X:821,99976 Y:901,99976}, Zoom: 1
[EnemyManager] Enemigos activos: 0
[EnemyRenderer] Enemigos activos para dibujar: 0
[EnemyRenderer] No hay enemigos para dibujar.
[Camera] Posición: {X:821,99976 Y:901,99976}, Zoom: 1
[EnemyManager] Enemigos activos: 0
[EnemyRenderer] Enemigos activos para dibujar: 0
[EnemyRenderer] No hay enemigos para dibujar.
[Camera] Posición: {X:821,99976 Y:901,99976}, Zoom: 1
[EnemyManager] Enemigos activos: 0
[EnemyRenderer] Enemigos activos para dibujar: 0
[EnemyRenderer] No hay enemigos para dibujar.
[Camera] Posición: {X:821,99976 Y:901,99976}, Zoom: 1
[EnemyManager] Enemigos activos: 0
[EnemyRenderer] Enemigos activos para dibujar: 0
[EnemyRenderer] No hay enemigos para dibujar.
[Camera] Posición: {X:821,99976 Y:901,99976}, Zoom: 1
[EnemyManager] Enemigos activos: 0
[EnemyRenderer] Enemigos activos para dibujar: 0
[EnemyRenderer] No hay enemigos para dibujar.
[Camera] Posición: {X:821,99976 Y:901,99976}, Zoom: 1
[EnemyManager] Enemigos activos: 0
[EnemyRenderer] Enemigos activos para dibujar: 0
[EnemyRenderer] No hay enemigos para dibujar.
[Camera] Posición: {X:821,99976 Y:901,99976}, Zoom: 1
[EnemyManager] Enemigos activos: 0
[EnemyRenderer] Enemigos activos para dibujar: 0
[EnemyRenderer] No hay enemigos para dibujar.
[Camera] Posición: {X:821,99976 Y:901,99976}, Zoom: 1
[EnemyManager] Enemigos activos: 0
[EnemyRenderer] Enemigos activos para dibujar: 0
[EnemyRenderer] No hay enemigos para dibujar.
[Camera] Posición: {X:821,99976 Y:901,99976}, Zoom: 1
[EnemyManager] Enemigos activos: 0
[EnemyRenderer] Enemigos activos para dibujar: 0
[EnemyRenderer] No hay enemigos para dibujar.
[Camera] Posición: {X:821,99976 Y:901,99976}, Zoom: 1
[EnemyManager] Enemigos activos: 0
[EnemyRenderer] Enemigos activos para dibujar: 0
[EnemyRenderer] No hay enemigos para dibujar.
[Camera] Posición: {X:821,99976 Y:901,99976}, Zoom: 1
[EnemyManager] Enemigos activos: 0
[EnemyRenderer] Enemigos activos para dibujar: 0
[EnemyRenderer] No hay enemigos para dibujar.
[Camera] Posición: {X:821,99976 Y:901,99976}, Zoom: 1
[EnemyManager] Enemigos activos: 0
[EnemyRenderer] Enemigos activos para dibujar: 0
[EnemyRenderer] No hay enemigos para dibujar.
[Camera] Posición: {X:821,99976 Y:901,99976}, Zoom: 1
[EnemyManager] Enemigos activos: 0
[EnemyRenderer] Enemigos activos para dibujar: 0
[EnemyRenderer] No hay enemigos para dibujar.
[Camera] Posición: {X:821,99976 Y:901,99976}, Zoom: 1
[EnemyManager] Enemigos activos: 0
[EnemyRenderer] Enemigos activos para dibujar: 0
[EnemyRenderer] No hay enemigos para dibujar.
[Camera] Posición: {X:821,99976 Y:901,99976}, Zoom: 1
[EnemyManager] Enemigos activos: 0
[EnemyRenderer] Enemigos activos para dibujar: 0
[EnemyRenderer] No hay enemigos para dibujar.
[Camera] Posición: {X:821,99976 Y:901,99976}, Zoom: 1
[EnemyManager] Enemigos activos: 0
[EnemyRenderer] Enemigos activos para dibujar: 0
[EnemyRenderer] No hay enemigos para dibujar.
[Camera] Posición: {X:821,99976 Y:901,99976}, Zoom: 1
[EnemyManager] Enemigos activos: 0
[EnemyRenderer] Enemigos activos para dibujar: 0
[EnemyRenderer] No hay enemigos para dibujar.
[Camera] Posición: {X:821,99976 Y:901,99976}, Zoom: 1
[EnemyManager] Enemigos activos: 0
[EnemyRenderer] Enemigos activos para dibujar: 0
[EnemyRenderer] No hay enemigos para dibujar.
[Camera] Posición: {X:821,99976 Y:901,99976}, Zoom: 1
[EnemyManager] Enemigos activos: 0
[EnemyRenderer] Enemigos activos para dibujar: 0
[EnemyRenderer] No hay enemigos para dibujar.
[Camera] Posición: {X:821,99976 Y:901,99976}, Zoom: 1
[EnemyManager] Enemigos activos: 0
[EnemyRenderer] Enemigos activos para dibujar: 0
[EnemyRenderer] No hay enemigos para dibujar.
[Camera] Posición: {X:821,99976 Y:901,99976}, Zoom: 1
[EnemyManager] Enemigos activos: 0
[EnemyRenderer] Enemigos activos para dibujar: 0
[EnemyRenderer] No hay enemigos para dibujar.
[Camera] Posición: {X:821,99976 Y:901,99976}, Zoom: 1
[EnemyManager] Enemigos activos: 0
[EnemyRenderer] Enemigos activos para dibujar: 0
[EnemyRenderer] No hay enemigos para dibujar.
[Camera] Posición: {X:821,99976 Y:901,99976}, Zoom: 1
[EnemyManager] Enemigos activos: 0
[EnemyRenderer] Enemigos activos para dibujar: 0
[EnemyRenderer] No hay enemigos para dibujar.
[Camera] Posición: {X:821,99976 Y:901,99976}, Zoom: 1
[EnemyManager] Enemigos activos: 0
[EnemyRenderer] Enemigos activos para dibujar: 0
[EnemyRenderer] No hay enemigos para dibujar.
[Camera] Posición: {X:821,99976 Y:901,99976}, Zoom: 1
[EnemyManager] Enemigos activos: 0
[EnemyRenderer] Enemigos activos para dibujar: 0
[EnemyRenderer] No hay enemigos para dibujar.
[Camera] Posición: {X:821,99976 Y:901,99976}, Zoom: 1
[EnemyManager] Enemigos activos: 0
[EnemyRenderer] Enemigos activos para dibujar: 0
[EnemyRenderer] No hay enemigos para dibujar.
[Camera] Posición: {X:821,99976 Y:901,99976}, Zoom: 1
[EnemyManager] Enemigos activos: 0
[EnemyRenderer] Enemigos activos para dibujar: 0
[EnemyRenderer] No hay enemigos para dibujar.
[Camera] Posición: {X:821,99976 Y:901,99976}, Zoom: 1
[EnemyManager] Enemigos activos: 0
[EnemyRenderer] Enemigos activos para dibujar: 0
[EnemyRenderer] No hay enemigos para dibujar.
[Camera] Posición: {X:821,99976 Y:901,99976}, Zoom: 1
[EnemyManager] Enemigos activos: 0
[EnemyRenderer] Enemigos activos para dibujar: 0
[EnemyRenderer] No hay enemigos para dibujar.
[Camera] Posición: {X:821,99976 Y:901,99976}, Zoom: 1
[EnemyManager] Enemigos activos: 0
[EnemyRenderer] Enemigos activos para dibujar: 0
[EnemyRenderer] No hay enemigos para dibujar.
[Camera] Posición: {X:821,99976 Y:901,99976}, Zoom: 1
[EnemyManager] Enemigos activos: 0
[EnemyRenderer] Enemigos activos para dibujar: 0
[EnemyRenderer] No hay enemigos para dibujar.
[Camera] Posición: {X:821,99976 Y:901,99976}, Zoom: 1
[EnemyManager] Enemigos activos: 0
[EnemyRenderer] Enemigos activos para dibujar: 0
[EnemyRenderer] No hay enemigos para dibujar.
[Camera] Posición: {X:821,99976 Y:901,99976}, Zoom: 1
[EnemyManager] Enemigos activos: 0
[EnemyRenderer] Enemigos activos para dibujar: 0
[EnemyRenderer] No hay enemigos para dibujar.
[Camera] Posición: {X:821,99976 Y:901,99976}, Zoom: 1
[EnemyManager] Enemigos activos: 0
[EnemyRenderer] Enemigos activos para dibujar: 0
[EnemyRenderer] No hay enemigos para dibujar.
[Camera] Posición: {X:821,99976 Y:901,99976}, Zoom: 1
[EnemyManager] Enemigos activos: 0
[EnemyRenderer] Enemigos activos para dibujar: 0
[EnemyRenderer] No hay enemigos para dibujar.
[Camera] Posición: {X:821,99976 Y:901,99976}, Zoom: 1
[EnemyManager] Enemigos activos: 0
[EnemyRenderer] Enemigos activos para dibujar: 0
[EnemyRenderer] No hay enemigos para dibujar.
[Camera] Posición: {X:821,99976 Y:901,99976}, Zoom: 1
[EnemyManager] Enemigos activos: 0
[EnemyRenderer] Enemigos activos para dibujar: 0
[EnemyRenderer] No hay enemigos para dibujar.
[Camera] Posición: {X:821,99976 Y:901,99976}, Zoom: 1
[EnemyManager] Enemigos activos: 0
[EnemyRenderer] Enemigos activos para dibujar: 0
[EnemyRenderer] No hay enemigos para dibujar.
[Camera] Posición: {X:821,99976 Y:901,99976}, Zoom: 1
[EnemyManager] Enemigos activos: 0
[EnemyRenderer] Enemigos activos para dibujar: 0
[EnemyRenderer] No hay enemigos para dibujar.
[Camera] Posición: {X:821,99976 Y:901,99976}, Zoom: 1
[EnemyManager] Enemigos activos: 0
[EnemyRenderer] Enemigos activos para dibujar: 0
[EnemyRenderer] No hay enemigos para dibujar.
[Camera] Posición: {X:821,99976 Y:901,99976}, Zoom: 1
[EnemyManager] Enemigos activos: 0
[EnemyRenderer] Enemigos activos para dibujar: 0
[EnemyRenderer] No hay enemigos para dibujar.
[Camera] Posición: {X:821,99976 Y:901,99976}, Zoom: 1
[EnemyManager] Enemigos activos: 0
[EnemyRenderer] Enemigos activos para dibujar: 0
[EnemyRenderer] No hay enemigos para dibujar.
[Camera] Posición: {X:821,99976 Y:901,99976}, Zoom: 1
[EnemyManager] Enemigos activos: 0
[EnemyRenderer] Enemigos activos para dibujar: 0
[EnemyRenderer] No hay enemigos para dibujar.
[Camera] Posición: {X:821,99976 Y:901,99976}, Zoom: 1
[EnemyManager] Enemigos activos: 0
[EnemyRenderer] Enemigos activos para dibujar: 0
[EnemyRenderer] No hay enemigos para dibujar.
[Camera] Posición: {X:821,99976 Y:901,99976}, Zoom: 1
[EnemyManager] Enemigos activos: 0
[EnemyRenderer] Enemigos activos para dibujar: 0
[EnemyRenderer] No hay enemigos para dibujar.
[Camera] Posición: {X:821,99976 Y:901,99976}, Zoom: 1
[EnemyManager] Enemigos activos: 0
[EnemyRenderer] Enemigos activos para dibujar: 0
[EnemyRenderer] No hay enemigos para dibujar.
[Camera] Posición: {X:821,99976 Y:901,99976}, Zoom: 1
[EnemyManager] Enemigos activos: 0
[EnemyRenderer] Enemigos activos para dibujar: 0
[EnemyRenderer] No hay enemigos para dibujar.
[Camera] Posición: {X:821,99976 Y:901,99976}, Zoom: 1
[EnemyManager] Enemigos activos: 0
[EnemyRenderer] Enemigos activos para dibujar: 0
[EnemyRenderer] No hay enemigos para dibujar.
[Camera] Posición: {X:821,99976 Y:901,99976}, Zoom: 1
[EnemyManager] Enemigos activos: 0
[EnemyRenderer] Enemigos activos para dibujar: 0
[EnemyRenderer] No hay enemigos para dibujar.
[Camera] Posición: {X:821,99976 Y:901,99976}, Zoom: 1
[EnemyManager] Enemigos activos: 0
[EnemyRenderer] Enemigos activos para dibujar: 0
[EnemyRenderer] No hay enemigos para dibujar.
[Camera] Posición: {X:821,99976 Y:901,99976}, Zoom: 1
[EnemyManager] Enemigos activos: 0
[EnemyRenderer] Enemigos activos para dibujar: 0
[EnemyRenderer] No hay enemigos para dibujar.
[Camera] Posición: {X:821,99976 Y:901,99976}, Zoom: 1
[EnemyManager] Enemigos activos: 0
[EnemyRenderer] Enemigos activos para dibujar: 0
[EnemyRenderer] No hay enemigos para dibujar.
[Camera] Posición: {X:821,99976 Y:901,99976}, Zoom: 1
[EnemyManager] Enemigos activos: 0
[EnemyRenderer] Enemigos activos para dibujar: 0
[EnemyRenderer] No hay enemigos para dibujar.
[Camera] Posición: {X:821,99976 Y:901,99976}, Zoom: 1
[EnemyManager] Enemigos activos: 0
[EnemyRenderer] Enemigos activos para dibujar: 0
[EnemyRenderer] No hay enemigos para dibujar.
[Camera] Posición: {X:821,99976 Y:901,99976}, Zoom: 1
[EnemyManager] Enemigos activos: 0
[EnemyRenderer] Enemigos activos para dibujar: 0
[EnemyRenderer] No hay enemigos para dibujar.
[Camera] Posición: {X:821,99976 Y:901,99976}, Zoom: 1
[EnemyManager] Enemigos activos: 0
[EnemyRenderer] Enemigos activos para dibujar: 0
[EnemyRenderer] No hay enemigos para dibujar.
[Camera] Posición: {X:821,99976 Y:901,99976}, Zoom: 1
[EnemyManager] Enemigos activos: 0
[EnemyRenderer] Enemigos activos para dibujar: 0
[EnemyRenderer] No hay enemigos para dibujar.
[Camera] Posición: {X:821,99976 Y:901,99976}, Zoom: 1
[EnemyManager] Enemigos activos: 0
[EnemyRenderer] Enemigos activos para dibujar: 0
[EnemyRenderer] No hay enemigos para dibujar.
[Camera] Posición: {X:821,99976 Y:901,99976}, Zoom: 1
[EnemyManager] Enemigos activos: 0
[EnemyRenderer] Enemigos activos para dibujar: 0
[EnemyRenderer] No hay enemigos para dibujar.
[Camera] Posición: {X:821,99976 Y:901,99976}, Zoom: 1
[EnemyManager] Enemigos activos: 0
[EnemyRenderer] Enemigos activos para dibujar: 0
[EnemyRenderer] No hay enemigos para dibujar.
[Camera] Posición: {X:821,99976 Y:901,99976}, Zoom: 1
[EnemyManager] Enemigos activos: 0
[EnemyRenderer] Enemigos activos para dibujar: 0
[EnemyRenderer] No hay enemigos para dibujar.
[Camera] Posición: {X:821,99976 Y:901,99976}, Zoom: 1
[EnemyManager] Enemigos activos: 0
[EnemyRenderer] Enemigos activos para dibujar: 0
[EnemyRenderer] No hay enemigos para dibujar.
[Camera] Posición: {X:821,99976 Y:901,99976}, Zoom: 1
[EnemyManager] Enemigos activos: 0
[EnemyRenderer] Enemigos activos para dibujar: 0
[EnemyRenderer] No hay enemigos para dibujar.
[Camera] Posición: {X:821,99976 Y:901,99976}, Zoom: 1
[EnemyManager] Enemigos activos: 0
[EnemyRenderer] Enemigos activos para dibujar: 0
[EnemyRenderer] No hay enemigos para dibujar.
[Camera] Posición: {X:821,99976 Y:901,99976}, Zoom: 1
[EnemyManager] Enemigos activos: 0
[EnemyRenderer] Enemigos activos para dibujar: 0
[EnemyRenderer] No hay enemigos para dibujar.
[Camera] Posición: {X:821,99976 Y:901,99976}, Zoom: 1
[EnemyManager] Enemigos activos: 0
[EnemyRenderer] Enemigos activos para dibujar: 0
[EnemyRenderer] No hay enemigos para dibujar.
[Camera] Posición: {X:821,99976 Y:901,99976}, Zoom: 1
[EnemyManager] Enemigos activos: 0
[EnemyRenderer] Enemigos activos para dibujar: 0
[EnemyRenderer] No hay enemigos para dibujar.
[Camera] Posición: {X:821,99976 Y:901,99976}, Zoom: 1
[EnemyManager] Enemigos activos: 0
[EnemyRenderer] Enemigos activos para dibujar: 0
[EnemyRenderer] No hay enemigos para dibujar.
[Camera] Posición: {X:821,99976 Y:901,99976}, Zoom: 1
[EnemyManager] Enemigos activos: 0
[EnemyRenderer] Enemigos activos para dibujar: 0
[EnemyRenderer] No hay enemigos para dibujar.
[Camera] Posición: {X:821,99976 Y:901,99976}, Zoom: 1
[EnemyManager] Enemigos activos: 0
[EnemyRenderer] Enemigos activos para dibujar: 0
[EnemyRenderer] No hay enemigos para dibujar.
[Camera] Posición: {X:821,99976 Y:901,99976}, Zoom: 1
[EnemyManager] Enemigos activos: 0
[EnemyRenderer] Enemigos activos para dibujar: 0
[EnemyRenderer] No hay enemigos para dibujar.
[Camera] Posición: {X:821,99976 Y:901,99976}, Zoom: 1
[EnemyManager] Enemigos activos: 0
[EnemyRenderer] Enemigos activos para dibujar: 0
[EnemyRenderer] No hay enemigos para dibujar.
[Camera] Posición: {X:821,99976 Y:901,99976}, Zoom: 1
[EnemyManager] Enemigos activos: 0
[EnemyRenderer] Enemigos activos para dibujar: 0
[EnemyRenderer] No hay enemigos para dibujar.
[Camera] Posición: {X:821,99976 Y:901,99976}, Zoom: 1
[EnemyManager] Enemigos activos: 0
[EnemyRenderer] Enemigos activos para dibujar: 0
[EnemyRenderer] No hay enemigos para dibujar.
[Camera] Posición: {X:821,99976 Y:901,99976}, Zoom: 1
[EnemyManager] Enemigos activos: 0
[EnemyRenderer] Enemigos activos para dibujar: 0
[EnemyRenderer] No hay enemigos para dibujar.
[Camera] Posición: {X:821,99976 Y:901,99976}, Zoom: 1
[EnemyManager] Enemigos activos: 0
[EnemyRenderer] Enemigos activos para dibujar: 0
[EnemyRenderer] No hay enemigos para dibujar.
[Camera] Posición: {X:821,99976 Y:901,99976}, Zoom: 1
[EnemyManager] Enemigos activos: 0
[EnemyRenderer] Enemigos activos para dibujar: 0
[EnemyRenderer] No hay enemigos para dibujar.
[Camera] Posición: {X:821,99976 Y:901,99976}, Zoom: 1
[EnemyManager] Enemigos activos: 0
[EnemyRenderer] Enemigos activos para dibujar: 0
[EnemyRenderer] No hay enemigos para dibujar.
[Camera] Posición: {X:821,99976 Y:901,99976}, Zoom: 1
[EnemyManager] Enemigos activos: 0
[EnemyRenderer] Enemigos activos para dibujar: 0
[EnemyRenderer] No hay enemigos para dibujar.
[Camera] Posición: {X:821,99976 Y:901,99976}, Zoom: 1
[EnemyManager] Enemigos activos: 0
[EnemyRenderer] Enemigos activos para dibujar: 0
[EnemyRenderer] No hay enemigos para dibujar.
[Camera] Posición: {X:821,99976 Y:901,99976}, Zoom: 1
[EnemyManager] Enemigos activos: 0
[EnemyRenderer] Enemigos activos para dibujar: 0
[EnemyRenderer] No hay enemigos para dibujar.
[Camera] Posición: {X:821,99976 Y:901,99976}, Zoom: 1
[EnemyManager] Enemigos activos: 0
[EnemyRenderer] Enemigos activos para dibujar: 0
[EnemyRenderer] No hay enemigos para dibujar.
[Camera] Posición: {X:821,99976 Y:901,99976}, Zoom: 1
[EnemyManager] Enemigos activos: 0
[EnemyRenderer] Enemigos activos para dibujar: 0
[EnemyRenderer] No hay enemigos para dibujar.
[Camera] Posición: {X:821,99976 Y:901,99976}, Zoom: 1
[EnemyManager] Enemigos activos: 0
[EnemyRenderer] Enemigos activos para dibujar: 0
[EnemyRenderer] No hay enemigos para dibujar.
[Camera] Posición: {X:821,99976 Y:901,99976}, Zoom: 1
[EnemyManager] Enemigos activos: 0
[EnemyRenderer] Enemigos activos para dibujar: 0
[EnemyRenderer] No hay enemigos para dibujar.
[Camera] Posición: {X:821,99976 Y:901,99976}, Zoom: 1
[EnemyManager] Enemigos activos: 0
[EnemyRenderer] Enemigos activos para dibujar: 0
[EnemyRenderer] No hay enemigos para dibujar.
[Camera] Posición: {X:821,99976 Y:901,99976}, Zoom: 1
[EnemyManager] Enemigos activos: 0
[EnemyRenderer] Enemigos activos para dibujar: 0
[EnemyRenderer] No hay enemigos para dibujar.
[Camera] Posición: {X:821,99976 Y:901,99976}, Zoom: 1
[EnemyManager] Enemigos activos: 0
[EnemyRenderer] Enemigos activos para dibujar: 0
[EnemyRenderer] No hay enemigos para dibujar.
[Camera] Posición: {X:821,99976 Y:901,99976}, Zoom: 1
[EnemyManager] Enemigos activos: 0
[EnemyRenderer] Enemigos activos para dibujar: 0
[EnemyRenderer] No hay enemigos para dibujar.
[Camera] Posición: {X:821,99976 Y:901,99976}, Zoom: 1
[EnemyManager] Enemigos activos: 0
[EnemyRenderer] Enemigos activos para dibujar: 0
[EnemyRenderer] No hay enemigos para dibujar.
[Camera] Posición: {X:821,99976 Y:901,99976}, Zoom: 1
[EnemyManager] Enemigos activos: 0
[EnemyRenderer] Enemigos activos para dibujar: 0
[EnemyRenderer] No hay enemigos para dibujar.
[Camera] Posición: {X:821,99976 Y:901,99976}, Zoom: 1
[EnemyManager] Enemigos activos: 0
[EnemyRenderer] Enemigos activos para dibujar: 0
[EnemyRenderer] No hay enemigos para dibujar.
[Camera] Posición: {X:821,99976 Y:901,99976}, Zoom: 1
[EnemyManager] Enemigos activos: 0
[EnemyRenderer] Enemigos activos para dibujar: 0
[EnemyRenderer] No hay enemigos para dibujar.
[Camera] Posición: {X:821,99976 Y:901,99976}, Zoom: 1
[EnemyManager] Enemigos activos: 0
[EnemyRenderer] Enemigos activos para dibujar: 0
[EnemyRenderer] No hay enemigos para dibujar.
[Camera] Posición: {X:821,99976 Y:901,99976}, Zoom: 1
[EnemyManager] Enemigos activos: 0
[EnemyRenderer] Enemigos activos para dibujar: 0
[EnemyRenderer] No hay enemigos para dibujar.
[Camera] Posición: {X:821,99976 Y:901,99976}, Zoom: 1
[EnemyManager] Enemigos activos: 0
[EnemyRenderer] Enemigos activos para dibujar: 0
[EnemyRenderer] No hay enemigos para dibujar.
[Camera] Posición: {X:821,99976 Y:901,99976}, Zoom: 1
[EnemyManager] Enemigos activos: 0
[EnemyRenderer] Enemigos activos para dibujar: 0
[EnemyRenderer] No hay enemigos para dibujar.
[Camera] Posición: {X:821,99976 Y:901,99976}, Zoom: 1
[EnemyManager] Enemigos activos: 0
[EnemyRenderer] Enemigos activos para dibujar: 0
[EnemyRenderer] No hay enemigos para dibujar.
[Camera] Posición: {X:821,99976 Y:901,99976}, Zoom: 1
[EnemyManager] Enemigos activos: 0
[EnemyRenderer] Enemigos activos para dibujar: 0
[EnemyRenderer] No hay enemigos para dibujar.
[Camera] Posición: {X:821,99976 Y:901,99976}, Zoom: 1
[EnemyManager] Enemigos activos: 0
[EnemyRenderer] Enemigos activos para dibujar: 0
[EnemyRenderer] No hay enemigos para dibujar.
[Camera] Posición: {X:821,99976 Y:901,99976}, Zoom: 1
[EnemyManager] Enemigos activos: 0
[EnemyRenderer] Enemigos activos para dibujar: 0
[EnemyRenderer] No hay enemigos para dibujar.
[Camera] Posición: {X:821,99976 Y:901,99976}, Zoom: 1
[EnemyManager] Enemigos activos: 0
[EnemyRenderer] Enemigos activos para dibujar: 0
[EnemyRenderer] No hay enemigos para dibujar.
[Camera] Posición: {X:821,99976 Y:901,99976}, Zoom: 1
[EnemyManager] Enemigos activos: 0
[EnemyRenderer] Enemigos activos para dibujar: 0
[EnemyRenderer] No hay enemigos para dibujar.
[Camera] Posición: {X:821,99976 Y:901,99976}, Zoom: 1
[EnemyManager] Enemigos activos: 0
[EnemyRenderer] Enemigos activos para dibujar: 0
[EnemyRenderer] No hay enemigos para dibujar.
[Camera] Posición: {X:821,99976 Y:901,99976}, Zoom: 1
[EnemyManager] Enemigos activos: 0
[EnemyRenderer] Enemigos activos para dibujar: 0
[EnemyRenderer] No hay enemigos para dibujar.
[Camera] Posición: {X:821,99976 Y:901,99976}, Zoom: 1
[EnemyManager] Enemigos activos: 0
[EnemyRenderer] Enemigos activos para dibujar: 0
[EnemyRenderer] No hay enemigos para dibujar.
[Camera] Posición: {X:821,99976 Y:901,99976}, Zoom: 1
[EnemyManager] Enemigos activos: 0
[EnemyRenderer] Enemigos activos para dibujar: 0
[EnemyRenderer] No hay enemigos para dibujar.
[Camera] Posición: {X:821,99976 Y:901,99976}, Zoom: 1
[EnemyManager] Enemigos activos: 0
[EnemyRenderer] Enemigos activos para dibujar: 0
[EnemyRenderer] No hay enemigos para dibujar.
[Camera] Posición: {X:821,99976 Y:901,99976}, Zoom: 1
[EnemyManager] Enemigos activos: 0
[EnemyRenderer] Enemigos activos para dibujar: 0
[EnemyRenderer] No hay enemigos para dibujar.
[Camera] Posición: {X:821,99976 Y:901,99976}, Zoom: 1
[EnemyManager] Enemigos activos: 0
[EnemyRenderer] Enemigos activos para dibujar: 0
[EnemyRenderer] No hay enemigos para dibujar.
[Camera] Posición: {X:821,99976 Y:901,99976}, Zoom: 1
[EnemyManager] Enemigos activos: 0
[EnemyRenderer] Enemigos activos para dibujar: 0
[EnemyRenderer] No hay enemigos para dibujar.
[Camera] Posición: {X:821,99976 Y:901,99976}, Zoom: 1
[EnemyManager] Enemigos activos: 0
[EnemyRenderer] Enemigos activos para dibujar: 0
[EnemyRenderer] No hay enemigos para dibujar.
[Camera] Posición: {X:821,99976 Y:901,99976}, Zoom: 1
[EnemyManager] Enemigos activos: 0
[EnemyRenderer] Enemigos activos para dibujar: 0
[EnemyRenderer] No hay enemigos para dibujar.
[Camera] Posición: {X:821,99976 Y:901,99976}, Zoom: 1
[EnemyManager] Enemigos activos: 0
[EnemyRenderer] Enemigos activos para dibujar: 0
[EnemyRenderer] No hay enemigos para dibujar.
[Camera] Posición: {X:821,99976 Y:901,99976}, Zoom: 1
[EnemyManager] Enemigos activos: 0
[EnemyRenderer] Enemigos activos para dibujar: 0
[EnemyRenderer] No hay enemigos para dibujar.
[Camera] Posición: {X:821,99976 Y:901,99976}, Zoom: 1
[EnemyManager] Enemigos activos: 0
[EnemyRenderer] Enemigos activos para dibujar: 0
[EnemyRenderer] No hay enemigos para dibujar.
[Camera] Posición: {X:821,99976 Y:901,99976}, Zoom: 1
[EnemyManager] Enemigos activos: 0
[EnemyRenderer] Enemigos activos para dibujar: 0
[EnemyRenderer] No hay enemigos para dibujar.
[Camera] Posición: {X:821,99976 Y:901,99976}, Zoom: 1
[EnemyManager] Enemigos activos: 0
[EnemyRenderer] Enemigos activos para dibujar: 0
[EnemyRenderer] No hay enemigos para dibujar.
[Camera] Posición: {X:821,99976 Y:901,99976}, Zoom: 1
[EnemyManager] Enemigos activos: 0
[EnemyRenderer] Enemigos activos para dibujar: 0
[EnemyRenderer] No hay enemigos para dibujar.
[Camera] Posición: {X:821,99976 Y:901,99976}, Zoom: 1
[EnemyManager] Enemigos activos: 0
[EnemyRenderer] Enemigos activos para dibujar: 0
[EnemyRenderer] No hay enemigos para dibujar.
[Camera] Posición: {X:821,99976 Y:901,99976}, Zoom: 1
[EnemyManager] Enemigos activos: 0
[EnemyRenderer] Enemigos activos para dibujar: 0
[EnemyRenderer] No hay enemigos para dibujar.
[Camera] Posición: {X:821,99976 Y:901,99976}, Zoom: 1
[EnemyManager] Enemigos activos: 0
[EnemyRenderer] Enemigos activos para dibujar: 0
[EnemyRenderer] No hay enemigos para dibujar.
[Camera] Posición: {X:821,99976 Y:901,99976}, Zoom: 1
[EnemyManager] Enemigos activos: 0
[EnemyRenderer] Enemigos activos para dibujar: 0
[EnemyRenderer] No hay enemigos para dibujar.
[Camera] Posición: {X:821,99976 Y:901,99976}, Zoom: 1
[EnemyManager] Enemigos activos: 0
[EnemyRenderer] Enemigos activos para dibujar: 0
[EnemyRenderer] No hay enemigos para dibujar.
[Camera] Posición: {X:821,99976 Y:901,99976}, Zoom: 1
[EnemyManager] Enemigos activos: 0
[EnemyRenderer] Enemigos activos para dibujar: 0
[EnemyRenderer] No hay enemigos para dibujar.
[Camera] Posición: {X:821,99976 Y:901,99976}, Zoom: 1
[EnemyManager] Enemigos activos: 0
[EnemyRenderer] Enemigos activos para dibujar: 0
[EnemyRenderer] No hay enemigos para dibujar.
[Camera] Posición: {X:821,99976 Y:901,99976}, Zoom: 1
[EnemyManager] Enemigos activos: 0
[EnemyRenderer] Enemigos activos para dibujar: 0
[EnemyRenderer] No hay enemigos para dibujar.
[Camera] Posición: {X:821,99976 Y:901,99976}, Zoom: 1
[EnemyManager] Enemigos activos: 0
[EnemyRenderer] Enemigos activos para dibujar: 0
[EnemyRenderer] No hay enemigos para dibujar.
[Camera] Posición: {X:821,99976 Y:901,99976}, Zoom: 1
[EnemyManager] Enemigos activos: 0
[EnemyRenderer] Enemigos activos para dibujar: 0
[EnemyRenderer] No hay enemigos para dibujar.
[Camera] Posición: {X:821,99976 Y:901,99976}, Zoom: 1
[EnemyManager] Enemigos activos: 0
[EnemyRenderer] Enemigos activos para dibujar: 0
[EnemyRenderer] No hay enemigos para dibujar.
[Camera] Posición: {X:821,99976 Y:901,99976}, Zoom: 1
[EnemyManager] Enemigos activos: 0
[EnemyRenderer] Enemigos activos para dibujar: 0
[EnemyRenderer] No hay enemigos para dibujar.
[Camera] Posición: {X:821,99976 Y:901,99976}, Zoom: 1
[EnemyManager] Enemigos activos: 0
[EnemyRenderer] Enemigos activos para dibujar: 0
[EnemyRenderer] No hay enemigos para dibujar.
[Camera] Posición: {X:821,99976 Y:901,99976}, Zoom: 1
[EnemyManager] Enemigos activos: 0
[EnemyRenderer] Enemigos activos para dibujar: 0
[EnemyRenderer] No hay enemigos para dibujar.
[Camera] Posición: {X:821,99976 Y:901,99976}, Zoom: 1
[EnemyManager] Enemigos activos: 0
[EnemyRenderer] Enemigos activos para dibujar: 0
[EnemyRenderer] No hay enemigos para dibujar.
[Camera] Posición: {X:821,99976 Y:901,99976}, Zoom: 1
[EnemyManager] Enemigos activos: 0
[EnemyRenderer] Enemigos activos para dibujar: 0
[EnemyRenderer] No hay enemigos para dibujar.
[Camera] Posición: {X:821,99976 Y:901,99976}, Zoom: 1
[EnemyManager] Enemigos activos: 0
[EnemyRenderer] Enemigos activos para dibujar: 0
[EnemyRenderer] No hay enemigos para dibujar.
[Camera] Posición: {X:821,99976 Y:901,99976}, Zoom: 1
[EnemyManager] Enemigos activos: 0
[EnemyRenderer] Enemigos activos para dibujar: 0
[EnemyRenderer] No hay enemigos para dibujar.
[Camera] Posición: {X:821,99976 Y:901,99976}, Zoom: 1
[EnemyManager] Enemigos activos: 0
[EnemyRenderer] Enemigos activos para dibujar: 0
[EnemyRenderer] No hay enemigos para dibujar.
[Camera] Posición: {X:821,99976 Y:901,99976}, Zoom: 1
[EnemyManager] Enemigos activos: 0
[EnemyRenderer] Enemigos activos para dibujar: 0
[EnemyRenderer] No hay enemigos para dibujar.
[Camera] Posición: {X:821,99976 Y:901,99976}, Zoom: 1
[EnemyManager] Enemigos activos: 0
[EnemyRenderer] Enemigos activos para dibujar: 0
[EnemyRenderer] No hay enemigos para dibujar.
[Camera] Posición: {X:821,99976 Y:901,99976}, Zoom: 1
[EnemyManager] Enemigos activos: 0
[EnemyRenderer] Enemigos activos para dibujar: 0
[EnemyRenderer] No hay enemigos para dibujar.
[Camera] Posición: {X:821,99976 Y:901,99976}, Zoom: 1
[EnemyManager] Enemigos activos: 0
[EnemyRenderer] Enemigos activos para dibujar: 0
[EnemyRenderer] No hay enemigos para dibujar.
[Camera] Posición: {X:821,99976 Y:901,99976}, Zoom: 1
[EnemyManager] Enemigos activos: 0
[EnemyRenderer] Enemigos activos para dibujar: 0
[EnemyRenderer] No hay enemigos para dibujar.
[Camera] Posición: {X:821,99976 Y:901,99976}, Zoom: 1
[EnemyManager] Enemigos activos: 0
[EnemyRenderer] Enemigos activos para dibujar: 0
[EnemyRenderer] No hay enemigos para dibujar.
[Camera] Posición: {X:821,99976 Y:901,99976}, Zoom: 1
[EnemyManager] Enemigos activos: 0
[EnemyRenderer] Enemigos activos para dibujar: 0
[EnemyRenderer] No hay enemigos para dibujar.
[Camera] Posición: {X:821,99976 Y:901,99976}, Zoom: 1
[EnemyManager] Enemigos activos: 0
[EnemyRenderer] Enemigos activos para dibujar: 0
[EnemyRenderer] No hay enemigos para dibujar.
[Camera] Posición: {X:821,99976 Y:901,99976}, Zoom: 1
[EnemyManager] Enemigos activos: 0
[EnemyRenderer] Enemigos activos para dibujar: 0
[EnemyRenderer] No hay enemigos para dibujar.
[Camera] Posición: {X:821,99976 Y:901,99976}, Zoom: 1
[EnemyManager] Enemigos activos: 0
[EnemyRenderer] Enemigos activos para dibujar: 0
[EnemyRenderer] No hay enemigos para dibujar.
[Camera] Posición: {X:821,99976 Y:901,99976}, Zoom: 1
[EnemyManager] Enemigos activos: 0
[EnemyRenderer] Enemigos activos para dibujar: 0
[EnemyRenderer] No hay enemigos para dibujar.
[Camera] Posición: {X:821,99976 Y:901,99976}, Zoom: 1
[EnemyManager] Enemigos activos: 0
[EnemyRenderer] Enemigos activos para dibujar: 0
[EnemyRenderer] No hay enemigos para dibujar.
[Camera] Posición: {X:821,99976 Y:901,99976}, Zoom: 1
[EnemyManager] Enemigos activos: 0
[EnemyRenderer] Enemigos activos para dibujar: 0
[EnemyRenderer] No hay enemigos para dibujar.
[Camera] Posición: {X:821,99976 Y:901,99976}, Zoom: 1
[EnemyManager] Enemigos activos: 0
[EnemyRenderer] Enemigos activos para dibujar: 0
[EnemyRenderer] No hay enemigos para dibujar.
[Camera] Posición: {X:821,99976 Y:901,99976}, Zoom: 1
[EnemyManager] Enemigos activos: 0
[EnemyRenderer] Enemigos activos para dibujar: 0
[EnemyRenderer] No hay enemigos para dibujar.
[Camera] Posición: {X:821,99976 Y:901,99976}, Zoom: 1
[EnemyManager] Enemigos activos: 0
[EnemyRenderer] Enemigos activos para dibujar: 0
[EnemyRenderer] No hay enemigos para dibujar.
[Camera] Posición: {X:821,99976 Y:901,99976}, Zoom: 1
[EnemyManager] Enemigos activos: 0
[EnemyRenderer] Enemigos activos para dibujar: 0
[EnemyRenderer] No hay enemigos para dibujar.
[Camera] Posición: {X:821,99976 Y:901,99976}, Zoom: 1
[EnemyManager] Enemigos activos: 0
[EnemyRenderer] Enemigos activos para dibujar: 0
[EnemyRenderer] No hay enemigos para dibujar.
[Camera] Posición: {X:821,99976 Y:901,99976}, Zoom: 1
[EnemyManager] Enemigos activos: 0
[EnemyRenderer] Enemigos activos para dibujar: 0
[EnemyRenderer] No hay enemigos para dibujar.
[Camera] Posición: {X:821,99976 Y:901,99976}, Zoom: 1
[EnemyManager] Enemigos activos: 0
[EnemyRenderer] Enemigos activos para dibujar: 0
[EnemyRenderer] No hay enemigos para dibujar.
[Camera] Posición: {X:821,99976 Y:901,99976}, Zoom: 1
[EnemyManager] Enemigos activos: 0
[EnemyRenderer] Enemigos activos para dibujar: 0
[EnemyRenderer] No hay enemigos para dibujar.
[Camera] Posición: {X:821,99976 Y:901,99976}, Zoom: 1
[EnemyManager] Enemigos activos: 0
[EnemyRenderer] Enemigos activos para dibujar: 0
[EnemyRenderer] No hay enemigos para dibujar.
[Camera] Posición: {X:821,99976 Y:901,99976}, Zoom: 1
[EnemyManager] Enemigos activos: 0
[EnemyRenderer] Enemigos activos para dibujar: 0
[EnemyRenderer] No hay enemigos para dibujar.
[Camera] Posición: {X:821,99976 Y:901,99976}, Zoom: 1
[EnemyManager] Enemigos activos: 0
[EnemyRenderer] Enemigos activos para dibujar: 0
[EnemyRenderer] No hay enemigos para dibujar.
[Camera] Posición: {X:821,99976 Y:901,99976}, Zoom: 1
[EnemyManager] Enemigos activos: 0
[EnemyRenderer] Enemigos activos para dibujar: 0
[EnemyRenderer] No hay enemigos para dibujar.
[Camera] Posición: {X:821,99976 Y:901,99976}, Zoom: 1
[EnemyManager] Enemigos activos: 0
[EnemyRenderer] Enemigos activos para dibujar: 0
[EnemyRenderer] No hay enemigos para dibujar.
[Camera] Posición: {X:821,99976 Y:901,99976}, Zoom: 1
[EnemyManager] Enemigos activos: 0
[EnemyRenderer] Enemigos activos para dibujar: 0
[EnemyRenderer] No hay enemigos para dibujar.
[Camera] Posición: {X:821,99976 Y:901,99976}, Zoom: 1
[EnemyManager] Enemigos activos: 0
[EnemyRenderer] Enemigos activos para dibujar: 0
[EnemyRenderer] No hay enemigos para dibujar.
[Camera] Posición: {X:821,99976 Y:901,99976}, Zoom: 1
[EnemyManager] Enemigos activos: 0
[EnemyRenderer] Enemigos activos para dibujar: 0
[EnemyRenderer] No hay enemigos para dibujar.
[Camera] Posición: {X:821,99976 Y:901,99976}, Zoom: 1
[EnemyManager] Enemigos activos: 0
[EnemyRenderer] Enemigos activos para dibujar: 0
[EnemyRenderer] No hay enemigos para dibujar.
[Camera] Posición: {X:821,99976 Y:901,99976}, Zoom: 1
[EnemyManager] Enemigos activos: 0
[EnemyRenderer] Enemigos activos para dibujar: 0
[EnemyRenderer] No hay enemigos para dibujar.
[Camera] Posición: {X:821,99976 Y:901,99976}, Zoom: 1
[EnemyManager] Enemigos activos: 0
[EnemyRenderer] Enemigos activos para dibujar: 0
[EnemyRenderer] No hay enemigos para dibujar.
[Camera] Posición: {X:821,99976 Y:901,99976}, Zoom: 1
[EnemyManager] Enemigos activos: 0
[EnemyRenderer] Enemigos activos para dibujar: 0
[EnemyRenderer] No hay enemigos para dibujar.
[Camera] Posición: {X:821,99976 Y:901,99976}, Zoom: 1
[EnemyManager] Enemigos activos: 0
[EnemyRenderer] Enemigos activos para dibujar: 0
[EnemyRenderer] No hay enemigos para dibujar.
[Camera] Posición: {X:821,99976 Y:901,99976}, Zoom: 1
[EnemyManager] Enemigos activos: 0
[EnemyRenderer] Enemigos activos para dibujar: 0
[EnemyRenderer] No hay enemigos para dibujar.
[Camera] Posición: {X:821,99976 Y:901,99976}, Zoom: 1
[EnemyManager] Enemigos activos: 0
[EnemyRenderer] Enemigos activos para dibujar: 0
[EnemyRenderer] No hay enemigos para dibujar.
[Camera] Posición: {X:821,99976 Y:901,99976}, Zoom: 1
[EnemyManager] Enemigos activos: 0
[EnemyRenderer] Enemigos activos para dibujar: 0
[EnemyRenderer] No hay enemigos para dibujar.
[Camera] Posición: {X:821,99976 Y:901,99976}, Zoom: 1
[EnemyManager] Enemigos activos: 0
[EnemyRenderer] Enemigos activos para dibujar: 0
[EnemyRenderer] No hay enemigos para dibujar.
[Camera] Posición: {X:821,99976 Y:901,99976}, Zoom: 1
[EnemyManager] Enemigos activos: 0
[EnemyRenderer] Enemigos activos para dibujar: 0
[EnemyRenderer] No hay enemigos para dibujar.
[Camera] Posición: {X:821,99976 Y:901,99976}, Zoom: 1
[EnemyManager] Enemigos activos: 0
[EnemyRenderer] Enemigos activos para dibujar: 0
[EnemyRenderer] No hay enemigos para dibujar.
[Camera] Posición: {X:821,99976 Y:901,99976}, Zoom: 1
[EnemyManager] Enemigos activos: 0
[EnemyRenderer] Enemigos activos para dibujar: 0
[EnemyRenderer] No hay enemigos para dibujar.
[Camera] Posición: {X:821,99976 Y:901,99976}, Zoom: 1
[EnemyManager] Enemigos activos: 0
[EnemyRenderer] Enemigos activos para dibujar: 0
[EnemyRenderer] No hay enemigos para dibujar.
[Camera] Posición: {X:821,99976 Y:901,99976}, Zoom: 1
[EnemyManager] Enemigos activos: 0
[EnemyRenderer] Enemigos activos para dibujar: 0
[EnemyRenderer] No hay enemigos para dibujar.
[Camera] Posición: {X:821,99976 Y:901,99976}, Zoom: 1
[EnemyManager] Enemigos activos: 0
[EnemyRenderer] Enemigos activos para dibujar: 0
[EnemyRenderer] No hay enemigos para dibujar.
[Camera] Posición: {X:821,99976 Y:901,99976}, Zoom: 1
[EnemyManager] Enemigos activos: 0
[EnemyRenderer] Enemigos activos para dibujar: 0
[EnemyRenderer] No hay enemigos para dibujar.
[Camera] Posición: {X:821,99976 Y:901,99976}, Zoom: 1
[EnemyManager] Enemigos activos: 0
[EnemyRenderer] Enemigos activos para dibujar: 0
[EnemyRenderer] No hay enemigos para dibujar.
[Camera] Posición: {X:821,99976 Y:901,99976}, Zoom: 1
[EnemyManager] Enemigos activos: 0
[EnemyRenderer] Enemigos activos para dibujar: 0
[EnemyRenderer] No hay enemigos para dibujar.
[Camera] Posición: {X:821,99976 Y:901,99976}, Zoom: 1
[EnemyManager] Enemigos activos: 0
[EnemyRenderer] Enemigos activos para dibujar: 0
[EnemyRenderer] No hay enemigos para dibujar.
[Camera] Posición: {X:821,99976 Y:901,99976}, Zoom: 1
[EnemyManager] Enemigos activos: 0
[EnemyRenderer] Enemigos activos para dibujar: 0
[EnemyRenderer] No hay enemigos para dibujar.
[Camera] Posición: {X:821,99976 Y:901,99976}, Zoom: 1
[EnemyManager] Enemigos activos: 0
[EnemyRenderer] Enemigos activos para dibujar: 0
[EnemyRenderer] No hay enemigos para dibujar.
[Camera] Posición: {X:821,99976 Y:901,99976}, Zoom: 1
[EnemyManager] Enemigos activos: 0
[EnemyRenderer] Enemigos activos para dibujar: 0
[EnemyRenderer] No hay enemigos para dibujar.
[Camera] Posición: {X:821,99976 Y:901,99976}, Zoom: 1
[EnemyManager] Enemigos activos: 0
[EnemyRenderer] Enemigos activos para dibujar: 0
[EnemyRenderer] No hay enemigos para dibujar.
[Camera] Posición: {X:821,99976 Y:901,99976}, Zoom: 1
[EnemyManager] Enemigos activos: 0
[EnemyRenderer] Enemigos activos para dibujar: 0
[EnemyRenderer] No hay enemigos para dibujar.
[Camera] Posición: {X:821,99976 Y:901,99976}, Zoom: 1
[EnemyManager] Enemigos activos: 0
[EnemyRenderer] Enemigos activos para dibujar: 0
[EnemyRenderer] No hay enemigos para dibujar.
[Camera] Posición: {X:821,99976 Y:901,99976}, Zoom: 1
[EnemyManager] Enemigos activos: 0
[EnemyRenderer] Enemigos activos para dibujar: 0
[EnemyRenderer] No hay enemigos para dibujar.
[Camera] Posición: {X:821,99976 Y:901,99976}, Zoom: 1
[EnemyManager] Enemigos activos: 0
[EnemyRenderer] Enemigos activos para dibujar: 0
[EnemyRenderer] No hay enemigos para dibujar.
[Camera] Posición: {X:821,99976 Y:901,99976}, Zoom: 1
[EnemyManager] Enemigos activos: 0
[EnemyRenderer] Enemigos activos para dibujar: 0
[EnemyRenderer] No hay enemigos para dibujar.
[Camera] Posición: {X:821,99976 Y:901,99976}, Zoom: 1
[EnemyManager] Enemigos activos: 0
[EnemyRenderer] Enemigos activos para dibujar: 0
[EnemyRenderer] No hay enemigos para dibujar.
[Camera] Posición: {X:821,99976 Y:901,99976}, Zoom: 1
[EnemyManager] Enemigos activos: 0
[EnemyRenderer] Enemigos activos para dibujar: 0
[EnemyRenderer] No hay enemigos para dibujar.
[Camera] Posición: {X:821,99976 Y:901,99976}, Zoom: 1
[EnemyManager] Enemigos activos: 0
[EnemyRenderer] Enemigos activos para dibujar: 0
[EnemyRenderer] No hay enemigos para dibujar.
[Camera] Posición: {X:821,99976 Y:901,99976}, Zoom: 1
[EnemyManager] Enemigos activos: 0
[EnemyRenderer] Enemigos activos para dibujar: 0
[EnemyRenderer] No hay enemigos para dibujar.
[Camera] Posición: {X:821,99976 Y:901,99976}, Zoom: 1
[EnemyManager] Enemigos activos: 0
[EnemyRenderer] Enemigos activos para dibujar: 0
[EnemyRenderer] No hay enemigos para dibujar.
[Camera] Posición: {X:821,99976 Y:901,99976}, Zoom: 1
[EnemyManager] Enemigos activos: 0
[EnemyRenderer] Enemigos activos para dibujar: 0
[EnemyRenderer] No hay enemigos para dibujar.
[Camera] Posición: {X:821,99976 Y:901,99976}, Zoom: 1
[EnemyManager] Enemigos activos: 0
[EnemyRenderer] Enemigos activos para dibujar: 0
[EnemyRenderer] No hay enemigos para dibujar.
[Camera] Posición: {X:821,99976 Y:901,99976}, Zoom: 1
[EnemyManager] Enemigos activos: 0
[EnemyRenderer] Enemigos activos para dibujar: 0
[EnemyRenderer] No hay enemigos para dibujar.
[Camera] Posición: {X:821,99976 Y:901,99976}, Zoom: 1
[EnemyManager] Enemigos activos: 0
[EnemyRenderer] Enemigos activos para dibujar: 0
[EnemyRenderer] No hay enemigos para dibujar.
[Camera] Posición: {X:821,99976 Y:901,99976}, Zoom: 1
[EnemyManager] Enemigos activos: 0
[EnemyRenderer] Enemigos activos para dibujar: 0
[EnemyRenderer] No hay enemigos para dibujar.
[Camera] Posición: {X:821,99976 Y:901,99976}, Zoom: 1
[EnemyManager] Enemigos activos: 0
[EnemyRenderer] Enemigos activos para dibujar: 0
[EnemyRenderer] No hay enemigos para dibujar.
[Camera] Posición: {X:821,99976 Y:901,99976}, Zoom: 1
[EnemyManager] Enemigos activos: 0
[EnemyRenderer] Enemigos activos para dibujar: 0
[EnemyRenderer] No hay enemigos para dibujar.
[Camera] Posición: {X:821,99976 Y:901,99976}, Zoom: 1
[EnemyManager] Enemigos activos: 0
[EnemyRenderer] Enemigos activos para dibujar: 0
[EnemyRenderer] No hay enemigos para dibujar.
[Camera] Posición: {X:821,99976 Y:901,99976}, Zoom: 1
[EnemyManager] Enemigos activos: 0
[EnemyRenderer] Enemigos activos para dibujar: 0
[EnemyRenderer] No hay enemigos para dibujar.
[Camera] Posición: {X:821,99976 Y:901,99976}, Zoom: 1
[EnemyManager] Enemigos activos: 0
[EnemyRenderer] Enemigos activos para dibujar: 0
[EnemyRenderer] No hay enemigos para dibujar.
[Camera] Posición: {X:821,99976 Y:901,99976}, Zoom: 1
[EnemyManager] Enemigos activos: 0
[EnemyRenderer] Enemigos activos para dibujar: 0
[EnemyRenderer] No hay enemigos para dibujar.
[Camera] Posición: {X:821,99976 Y:901,99976}, Zoom: 1
[EnemyManager] Enemigos activos: 0
[EnemyRenderer] Enemigos activos para dibujar: 0
[EnemyRenderer] No hay enemigos para dibujar.
[Camera] Posición: {X:821,99976 Y:901,99976}, Zoom: 1
[EnemyManager] Enemigos activos: 0
[EnemyRenderer] Enemigos activos para dibujar: 0
[EnemyRenderer] No hay enemigos para dibujar.
[Camera] Posición: {X:821,99976 Y:901,99976}, Zoom: 1
[EnemyManager] Enemigos activos: 0
[EnemyRenderer] Enemigos activos para dibujar: 0
[EnemyRenderer] No hay enemigos para dibujar.
[Camera] Posición: {X:821,99976 Y:901,99976}, Zoom: 1
[EnemyManager] Enemigos activos: 0
[EnemyRenderer] Enemigos activos para dibujar: 0
[EnemyRenderer] No hay enemigos para dibujar.
[Camera] Posición: {X:821,99976 Y:901,99976}, Zoom: 1
[EnemyManager] Enemigos activos: 0
[EnemyRenderer] Enemigos activos para dibujar: 0
[EnemyRenderer] No hay enemigos para dibujar.
[Camera] Posición: {X:821,99976 Y:901,99976}, Zoom: 1
[EnemyManager] Enemigos activos: 0
[EnemyRenderer] Enemigos activos para dibujar: 0
[EnemyRenderer] No hay enemigos para dibujar.
[Camera] Posición: {X:821,99976 Y:901,99976}, Zoom: 1
[EnemyManager] Enemigos activos: 0
[EnemyRenderer] Enemigos activos para dibujar: 0
[EnemyRenderer] No hay enemigos para dibujar.
[Camera] Posición: {X:821,99976 Y:901,99976}, Zoom: 1
[EnemyManager] Enemigos activos: 0
[EnemyRenderer] Enemigos activos para dibujar: 0
[EnemyRenderer] No hay enemigos para dibujar.
[Camera] Posición: {X:821,99976 Y:901,99976}, Zoom: 1
[EnemyManager] Enemigos activos: 0
[EnemyRenderer] Enemigos activos para dibujar: 0
[EnemyRenderer] No hay enemigos para dibujar.
[Camera] Posición: {X:821,99976 Y:901,99976}, Zoom: 1
[EnemyManager] Enemigos activos: 0
[EnemyRenderer] Enemigos activos para dibujar: 0
[EnemyRenderer] No hay enemigos para dibujar.
[Camera] Posición: {X:821,99976 Y:901,99976}, Zoom: 1
[EnemyManager] Enemigos activos: 0
[EnemyRenderer] Enemigos activos para dibujar: 0
[EnemyRenderer] No hay enemigos para dibujar.
[Camera] Posición: {X:821,99976 Y:901,99976}, Zoom: 1
[EnemyManager] Enemigos activos: 0
[EnemyRenderer] Enemigos activos para dibujar: 0
[EnemyRenderer] No hay enemigos para dibujar.
[Camera] Posición: {X:821,99976 Y:901,99976}, Zoom: 1
[EnemyManager] Enemigos activos: 0
[EnemyRenderer] Enemigos activos para dibujar: 0
[EnemyRenderer] No hay enemigos para dibujar.
[Camera] Posición: {X:821,99976 Y:901,99976}, Zoom: 1
[EnemyManager] Enemigos activos: 0
[EnemyRenderer] Enemigos activos para dibujar: 0
[EnemyRenderer] No hay enemigos para dibujar.
[Camera] Posición: {X:821,99976 Y:901,99976}, Zoom: 1
[EnemyManager] Enemigos activos: 0
[EnemyRenderer] Enemigos activos para dibujar: 0
[EnemyRenderer] No hay enemigos para dibujar.
[Camera] Posición: {X:821,99976 Y:901,99976}, Zoom: 1
[EnemyManager] Enemigos activos: 0
[EnemyRenderer] Enemigos activos para dibujar: 0
[EnemyRenderer] No hay enemigos para dibujar.
[Camera] Posición: {X:821,99976 Y:901,99976}, Zoom: 1
[EnemyManager] Enemigos activos: 0
[EnemyRenderer] Enemigos activos para dibujar: 0
[EnemyRenderer] No hay enemigos para dibujar.
[Camera] Posición: {X:821,99976 Y:901,99976}, Zoom: 1
[EnemyManager] Enemigos activos: 0
[EnemyRenderer] Enemigos activos para dibujar: 0
[EnemyRenderer] No hay enemigos para dibujar.
[Camera] Posición: {X:821,99976 Y:901,99976}, Zoom: 1
[EnemyManager] Enemigos activos: 0
[EnemyRenderer] Enemigos activos para dibujar: 0
[EnemyRenderer] No hay enemigos para dibujar.
[Camera] Posición: {X:821,99976 Y:901,99976}, Zoom: 1
[EnemyManager] Enemigos activos: 0
[EnemyRenderer] Enemigos activos para dibujar: 0
[EnemyRenderer] No hay enemigos para dibujar.
[Camera] Posición: {X:821,99976 Y:901,99976}, Zoom: 1
[EnemyManager] Enemigos activos: 0
[EnemyRenderer] Enemigos activos para dibujar: 0
[EnemyRenderer] No hay enemigos para dibujar.
[Camera] Posición: {X:821,99976 Y:901,99976}, Zoom: 1
[EnemyManager] Enemigos activos: 0
[EnemyRenderer] Enemigos activos para dibujar: 0
[EnemyRenderer] No hay enemigos para dibujar.
[Camera] Posición: {X:821,99976 Y:901,99976}, Zoom: 1
[EnemyManager] Enemigos activos: 0
[EnemyRenderer] Enemigos activos para dibujar: 0
[EnemyRenderer] No hay enemigos para dibujar.
[Camera] Posición: {X:821,99976 Y:901,99976}, Zoom: 1
[EnemyManager] Enemigos activos: 0
[EnemyRenderer] Enemigos activos para dibujar: 0
[EnemyRenderer] No hay enemigos para dibujar.
[Camera] Posición: {X:821,99976 Y:901,99976}, Zoom: 1
[EnemyManager] Enemigos activos: 0
[EnemyRenderer] Enemigos activos para dibujar: 0
[EnemyRenderer] No hay enemigos para dibujar.
[Camera] Posición: {X:821,99976 Y:901,99976}, Zoom: 1
[EnemyManager] Enemigos activos: 0
[EnemyRenderer] Enemigos activos para dibujar: 0
[EnemyRenderer] No hay enemigos para dibujar.
[Camera] Posición: {X:821,99976 Y:901,99976}, Zoom: 1
[EnemyManager] Enemigos activos: 0
[EnemyRenderer] Enemigos activos para dibujar: 0
[EnemyRenderer] No hay enemigos para dibujar.
[Camera] Posición: {X:821,99976 Y:901,99976}, Zoom: 1
[EnemyManager] Enemigos activos: 0
[EnemyRenderer] Enemigos activos para dibujar: 0
[EnemyRenderer] No hay enemigos para dibujar.
[Camera] Posición: {X:821,99976 Y:901,99976}, Zoom: 1
[EnemyManager] Enemigos activos: 0
[EnemyRenderer] Enemigos activos para dibujar: 0
[EnemyRenderer] No hay enemigos para dibujar.
[Camera] Posición: {X:821,99976 Y:901,99976}, Zoom: 1
[EnemyManager] Enemigos activos: 0
[EnemyRenderer] Enemigos activos para dibujar: 0
[EnemyRenderer] No hay enemigos para dibujar.
[Camera] Posición: {X:821,99976 Y:901,99976}, Zoom: 1
[EnemyManager] Enemigos activos: 0
[EnemyRenderer] Enemigos activos para dibujar: 0
[EnemyRenderer] No hay enemigos para dibujar.
[Camera] Posición: {X:821,99976 Y:901,99976}, Zoom: 1
[EnemyManager] Enemigos activos: 0
[EnemyRenderer] Enemigos activos para dibujar: 0
[EnemyRenderer] No hay enemigos para dibujar.
[Camera] Posición: {X:821,99976 Y:901,99976}, Zoom: 1
[EnemyManager] Enemigos activos: 0
[EnemyRenderer] Enemigos activos para dibujar: 0
[EnemyRenderer] No hay enemigos para dibujar.
[Camera] Posición: {X:821,99976 Y:901,99976}, Zoom: 1
[EnemyManager] Enemigos activos: 0
[EnemyRenderer] Enemigos activos para dibujar: 0
[EnemyRenderer] No hay enemigos para dibujar.
[Camera] Posición: {X:821,99976 Y:901,99976}, Zoom: 1
[EnemyManager] Enemigos activos: 0
[EnemyRenderer] Enemigos activos para dibujar: 0
[EnemyRenderer] No hay enemigos para dibujar.
[Camera] Posición: {X:821,99976 Y:901,99976}, Zoom: 1
[EnemyManager] Enemigos activos: 0
[EnemyRenderer] Enemigos activos para dibujar: 0
[EnemyRenderer] No hay enemigos para dibujar.
[Camera] Posición: {X:821,99976 Y:901,99976}, Zoom: 1
[EnemyManager] Enemigos activos: 0
[EnemyRenderer] Enemigos activos para dibujar: 0
[EnemyRenderer] No hay enemigos para dibujar.
[Camera] Posición: {X:821,99976 Y:901,99976}, Zoom: 1
[EnemyManager] Enemigos activos: 0
[EnemyRenderer] Enemigos activos para dibujar: 0
[EnemyRenderer] No hay enemigos para dibujar.
[Camera] Posición: {X:821,99976 Y:901,99976}, Zoom: 1
[EnemyManager] Enemigos activos: 0
[EnemyRenderer] Enemigos activos para dibujar: 0
[EnemyRenderer] No hay enemigos para dibujar.
[Camera] Posición: {X:821,99976 Y:901,99976}, Zoom: 1
[EnemyManager] Enemigos activos: 0
[EnemyRenderer] Enemigos activos para dibujar: 0
[EnemyRenderer] No hay enemigos para dibujar.
[Camera] Posición: {X:821,99976 Y:901,99976}, Zoom: 1
[EnemyManager] Enemigos activos: 0
[EnemyRenderer] Enemigos activos para dibujar: 0
[EnemyRenderer] No hay enemigos para dibujar.
[Camera] Posición: {X:821,99976 Y:901,99976}, Zoom: 1
[EnemyManager] Enemigos activos: 0
[EnemyRenderer] Enemigos activos para dibujar: 0
[EnemyRenderer] No hay enemigos para dibujar.
[Camera] Posición: {X:821,99976 Y:901,99976}, Zoom: 1
[EnemyManager] Enemigos activos: 0
[EnemyRenderer] Enemigos activos para dibujar: 0
[EnemyRenderer] No hay enemigos para dibujar.
[Camera] Posición: {X:821,99976 Y:901,99976}, Zoom: 1
[EnemyManager] Enemigos activos: 0
[EnemyRenderer] Enemigos activos para dibujar: 0
[EnemyRenderer] No hay enemigos para dibujar.
[Camera] Posición: {X:821,99976 Y:901,99976}, Zoom: 1
[EnemyManager] Enemigos activos: 0
[EnemyRenderer] Enemigos activos para dibujar: 0
[EnemyRenderer] No hay enemigos para dibujar.
[Camera] Posición: {X:821,99976 Y:901,99976}, Zoom: 1
[EnemyManager] Enemigos activos: 0
[EnemyRenderer] Enemigos activos para dibujar: 0
[EnemyRenderer] No hay enemigos para dibujar.
[Camera] Posición: {X:821,99976 Y:901,99976}, Zoom: 1
[EnemyManager] Enemigos activos: 0
[EnemyRenderer] Enemigos activos para dibujar: 0
[EnemyRenderer] No hay enemigos para dibujar.
[Camera] Posición: {X:821,99976 Y:901,99976}, Zoom: 1
[EnemyManager] Enemigos activos: 0
[EnemyRenderer] Enemigos activos para dibujar: 0
[EnemyRenderer] No hay enemigos para dibujar.
[Camera] Posición: {X:821,99976 Y:901,99976}, Zoom: 1
[EnemyManager] Enemigos activos: 0
[EnemyRenderer] Enemigos activos para dibujar: 0
[EnemyRenderer] No hay enemigos para dibujar.
[Camera] Posición: {X:821,99976 Y:901,99976}, Zoom: 1
[EnemyManager] Enemigos activos: 0
[EnemyRenderer] Enemigos activos para dibujar: 0
[EnemyRenderer] No hay enemigos para dibujar.
[Camera] Posición: {X:821,99976 Y:901,99976}, Zoom: 1
[EnemyManager] Enemigos activos: 0
[EnemyRenderer] Enemigos activos para dibujar: 0
[EnemyRenderer] No hay enemigos para dibujar.
[Camera] Posición: {X:821,99976 Y:901,99976}, Zoom: 1
[EnemyManager] Enemigos activos: 0
[EnemyRenderer] Enemigos activos para dibujar: 0
[EnemyRenderer] No hay enemigos para dibujar.
[Camera] Posición: {X:821,99976 Y:901,99976}, Zoom: 1
[EnemyManager] Enemigos activos: 0
[EnemyRenderer] Enemigos activos para dibujar: 0
[EnemyRenderer] No hay enemigos para dibujar.
[Camera] Posición: {X:821,99976 Y:901,99976}, Zoom: 1
[EnemyManager] Enemigos activos: 0
[EnemyRenderer] Enemigos activos para dibujar: 0
[EnemyRenderer] No hay enemigos para dibujar.
[Camera] Posición: {X:821,99976 Y:901,99976}, Zoom: 1
[EnemyManager] Enemigos activos: 0
[EnemyRenderer] Enemigos activos para dibujar: 0
[EnemyRenderer] No hay enemigos para dibujar.
[Camera] Posición: {X:821,99976 Y:901,99976}, Zoom: 1
[EnemyManager] Enemigos activos: 0
[EnemyRenderer] Enemigos activos para dibujar: 0
[EnemyRenderer] No hay enemigos para dibujar.
[Camera] Posición: {X:821,99976 Y:901,99976}, Zoom: 1
[EnemyManager] Enemigos activos: 0
[EnemyRenderer] Enemigos activos para dibujar: 0
[EnemyRenderer] No hay enemigos para dibujar.
[Camera] Posición: {X:821,99976 Y:901,99976}, Zoom: 1
[EnemyManager] Enemigos activos: 0
[EnemyRenderer] Enemigos activos para dibujar: 0
[EnemyRenderer] No hay enemigos para dibujar.
[Camera] Posición: {X:821,99976 Y:901,99976}, Zoom: 1
[EnemyManager] Enemigos activos: 0
[EnemyRenderer] Enemigos activos para dibujar: 0
[EnemyRenderer] No hay enemigos para dibujar.
[Camera] Posición: {X:821,99976 Y:901,99976}, Zoom: 1
[EnemyManager] Enemigos activos: 0
[EnemyRenderer] Enemigos activos para dibujar: 0
[EnemyRenderer] No hay enemigos para dibujar.
[Camera] Posición: {X:821,99976 Y:901,99976}, Zoom: 1
[EnemyManager] Enemigos activos: 0
[EnemyRenderer] Enemigos activos para dibujar: 0
[EnemyRenderer] No hay enemigos para dibujar.
[Camera] Posición: {X:821,99976 Y:901,99976}, Zoom: 1
[EnemyManager] Enemigos activos: 0
[EnemyRenderer] Enemigos activos para dibujar: 0
[EnemyRenderer] No hay enemigos para dibujar.
[Camera] Posición: {X:821,99976 Y:901,99976}, Zoom: 1
[EnemyManager] Enemigos activos: 0
[EnemyRenderer] Enemigos activos para dibujar: 0
[EnemyRenderer] No hay enemigos para dibujar.
[Camera] Posición: {X:821,99976 Y:901,99976}, Zoom: 1
[EnemyManager] Enemigos activos: 0
[EnemyRenderer] Enemigos activos para dibujar: 0
[EnemyRenderer] No hay enemigos para dibujar.
[Camera] Posición: {X:821,99976 Y:901,99976}, Zoom: 1
[EnemyManager] Enemigos activos: 0
[EnemyRenderer] Enemigos activos para dibujar: 0
[EnemyRenderer] No hay enemigos para dibujar.
[Camera] Posición: {X:821,99976 Y:901,99976}, Zoom: 1
[EnemyManager] Enemigos activos: 0
[EnemyRenderer] Enemigos activos para dibujar: 0
[EnemyRenderer] No hay enemigos para dibujar.
[Camera] Posición: {X:821,99976 Y:901,99976}, Zoom: 1
[EnemyManager] Enemigos activos: 0
[EnemyRenderer] Enemigos activos para dibujar: 0
[EnemyRenderer] No hay enemigos para dibujar.
[Camera] Posición: {X:821,99976 Y:901,99976}, Zoom: 1
[EnemyManager] Enemigos activos: 0
[EnemyRenderer] Enemigos activos para dibujar: 0
[EnemyRenderer] No hay enemigos para dibujar.
[Camera] Posición: {X:821,99976 Y:901,99976}, Zoom: 1
[EnemyManager] Enemigos activos: 0
[EnemyRenderer] Enemigos activos para dibujar: 0
[EnemyRenderer] No hay enemigos para dibujar.
[Camera] Posición: {X:821,99976 Y:901,99976}, Zoom: 1
[EnemyManager] Enemigos activos: 0
[EnemyRenderer] Enemigos activos para dibujar: 0
[EnemyRenderer] No hay enemigos para dibujar.
[Camera] Posición: {X:821,99976 Y:901,99976}, Zoom: 1
[EnemyManager] Enemigos activos: 0
[EnemyRenderer] Enemigos activos para dibujar: 0
[EnemyRenderer] No hay enemigos para dibujar.
[Camera] Posición: {X:821,99976 Y:901,99976}, Zoom: 1
[EnemyManager] Enemigos activos: 0
[EnemyRenderer] Enemigos activos para dibujar: 0
[EnemyRenderer] No hay enemigos para dibujar.
[Camera] Posición: {X:821,99976 Y:901,99976}, Zoom: 1
[EnemyManager] Enemigos activos: 0
[EnemyRenderer] Enemigos activos para dibujar: 0
[EnemyRenderer] No hay enemigos para dibujar.
[Camera] Posición: {X:821,99976 Y:901,99976}, Zoom: 1
[EnemyManager] Enemigos activos: 0
[EnemyRenderer] Enemigos activos para dibujar: 0
[EnemyRenderer] No hay enemigos para dibujar.
[Camera] Posición: {X:821,99976 Y:901,99976}, Zoom: 1
[EnemyManager] Enemigos activos: 0
[EnemyRenderer] Enemigos activos para dibujar: 0
[EnemyRenderer] No hay enemigos para dibujar.
[Camera] Posición: {X:821,99976 Y:901,99976}, Zoom: 1
[EnemyManager] Enemigos activos: 0
[EnemyRenderer] Enemigos activos para dibujar: 0
[EnemyRenderer] No hay enemigos para dibujar.
[Camera] Posición: {X:821,99976 Y:901,99976}, Zoom: 1
[EnemyManager] Enemigos activos: 0
[EnemyRenderer] Enemigos activos para dibujar: 0
[EnemyRenderer] No hay enemigos para dibujar.
[Camera] Posición: {X:821,99976 Y:901,99976}, Zoom: 1
[EnemyManager] Enemigos activos: 0
[EnemyRenderer] Enemigos activos para dibujar: 0
[EnemyRenderer] No hay enemigos para dibujar.
[Camera] Posición: {X:821,99976 Y:901,99976}, Zoom: 1
[EnemyManager] Enemigos activos: 0
[EnemyRenderer] Enemigos activos para dibujar: 0
[EnemyRenderer] No hay enemigos para dibujar.
[Camera] Posición: {X:821,99976 Y:901,99976}, Zoom: 1
[EnemyManager] Enemigos activos: 0
[EnemyRenderer] Enemigos activos para dibujar: 0
[EnemyRenderer] No hay enemigos para dibujar.
[Camera] Posición: {X:821,99976 Y:901,99976}, Zoom: 1
[EnemyManager] Enemigos activos: 0
[EnemyRenderer] Enemigos activos para dibujar: 0
[EnemyRenderer] No hay enemigos para dibujar.
[Camera] Posición: {X:821,99976 Y:901,99976}, Zoom: 1
[EnemyManager] Enemigos activos: 0
[EnemyRenderer] Enemigos activos para dibujar: 0
[EnemyRenderer] No hay enemigos para dibujar.
[Camera] Posición: {X:821,99976 Y:901,99976}, Zoom: 1
[EnemyManager] Enemigos activos: 0
[EnemyRenderer] Enemigos activos para dibujar: 0
[EnemyRenderer] No hay enemigos para dibujar.
[Camera] Posición: {X:821,99976 Y:901,99976}, Zoom: 1
[EnemyManager] Enemigos activos: 0
[EnemyRenderer] Enemigos activos para dibujar: 0
[EnemyRenderer] No hay enemigos para dibujar.
[Camera] Posición: {X:821,99976 Y:901,99976}, Zoom: 1
[EnemyManager] Enemigos activos: 0
[EnemyRenderer] Enemigos activos para dibujar: 0
[EnemyRenderer] No hay enemigos para dibujar.
[Camera] Posición: {X:821,99976 Y:901,99976}, Zoom: 1
[EnemyManager] Enemigos activos: 0
[EnemyRenderer] Enemigos activos para dibujar: 0
[EnemyRenderer] No hay enemigos para dibujar.
[Camera] Posición: {X:821,99976 Y:901,99976}, Zoom: 1
[EnemyManager] Enemigos activos: 0
[EnemyRenderer] Enemigos activos para dibujar: 0
[EnemyRenderer] No hay enemigos para dibujar.
[Camera] Posición: {X:821,99976 Y:901,99976}, Zoom: 1
[EnemyManager] Enemigos activos: 0
[EnemyRenderer] Enemigos activos para dibujar: 0
[EnemyRenderer] No hay enemigos para dibujar.
[Camera] Posición: {X:821,99976 Y:901,99976}, Zoom: 1
[EnemyManager] Enemigos activos: 0
[EnemyRenderer] Enemigos activos para dibujar: 0
[EnemyRenderer] No hay enemigos para dibujar.
[Camera] Posición: {X:821,99976 Y:901,99976}, Zoom: 1
[EnemyManager] Enemigos activos: 0
[EnemyRenderer] Enemigos activos para dibujar: 0
[EnemyRenderer] No hay enemigos para dibujar.
[Camera] Posición: {X:821,99976 Y:901,99976}, Zoom: 1
[EnemyManager] Enemigos activos: 0
[EnemyRenderer] Enemigos activos para dibujar: 0
[EnemyRenderer] No hay enemigos para dibujar.
[Camera] Posición: {X:821,99976 Y:901,99976}, Zoom: 1
[EnemyManager] Enemigos activos: 0
[EnemyRenderer] Enemigos activos para dibujar: 0
[EnemyRenderer] No hay enemigos para dibujar.
[Camera] Posición: {X:821,99976 Y:901,99976}, Zoom: 1
[EnemyManager] Enemigos activos: 0
[EnemyRenderer] Enemigos activos para dibujar: 0
[EnemyRenderer] No hay enemigos para dibujar.
[Camera] Posición: {X:821,99976 Y:901,99976}, Zoom: 1
[EnemyManager] Enemigos activos: 0
[EnemyRenderer] Enemigos activos para dibujar: 0
[EnemyRenderer] No hay enemigos para dibujar.
[Camera] Posición: {X:821,99976 Y:901,99976}, Zoom: 1
[EnemyManager] Enemigos activos: 0
[EnemyRenderer] Enemigos activos para dibujar: 0
[EnemyRenderer] No hay enemigos para dibujar.
[Camera] Posición: {X:821,99976 Y:901,99976}, Zoom: 1
[EnemyManager] Enemigos activos: 0
[EnemyRenderer] Enemigos activos para dibujar: 0
[EnemyRenderer] No hay enemigos para dibujar.
[Camera] Posición: {X:821,99976 Y:901,99976}, Zoom: 1
[EnemyManager] Enemigos activos: 0
[EnemyRenderer] Enemigos activos para dibujar: 0
[EnemyRenderer] No hay enemigos para dibujar.
[Camera] Posición: {X:821,99976 Y:901,99976}, Zoom: 1
[EnemyManager] Enemigos activos: 0
[EnemyRenderer] Enemigos activos para dibujar: 0
[EnemyRenderer] No hay enemigos para dibujar.
[Camera] Posición: {X:821,99976 Y:901,99976}, Zoom: 1
[EnemyManager] Enemigos activos: 0
[EnemyRenderer] Enemigos activos para dibujar: 0
[EnemyRenderer] No hay enemigos para dibujar.
[Camera] Posición: {X:821,99976 Y:901,99976}, Zoom: 1
[EnemyManager] Enemigos activos: 0
[EnemyRenderer] Enemigos activos para dibujar: 0
[EnemyRenderer] No hay enemigos para dibujar.
[Camera] Posición: {X:821,99976 Y:901,99976}, Zoom: 1
[EnemyManager] Enemigos activos: 0
[EnemyRenderer] Enemigos activos para dibujar: 0
[EnemyRenderer] No hay enemigos para dibujar.
[Camera] Posición: {X:821,99976 Y:901,99976}, Zoom: 1
[EnemyManager] Enemigos activos: 0
[EnemyRenderer] Enemigos activos para dibujar: 0
[EnemyRenderer] No hay enemigos para dibujar.
[Camera] Posición: {X:821,99976 Y:901,99976}, Zoom: 1
[EnemyManager] Enemigos activos: 0
[EnemyRenderer] Enemigos activos para dibujar: 0
[EnemyRenderer] No hay enemigos para dibujar.
[Camera] Posición: {X:821,99976 Y:901,99976}, Zoom: 1
[EnemyManager] Enemigos activos: 0
[EnemyRenderer] Enemigos activos para dibujar: 0
[EnemyRenderer] No hay enemigos para dibujar.
[Camera] Posición: {X:821,99976 Y:901,99976}, Zoom: 1
[EnemyManager] Enemigos activos: 0
[EnemyRenderer] Enemigos activos para dibujar: 0
[EnemyRenderer] No hay enemigos para dibujar.
[Camera] Posición: {X:821,99976 Y:901,99976}, Zoom: 1
[EnemyManager] Enemigos activos: 0
[EnemyRenderer] Enemigos activos para dibujar: 0
[EnemyRenderer] No hay enemigos para dibujar.
[Camera] Posición: {X:821,99976 Y:901,99976}, Zoom: 1
[EnemyManager] Enemigos activos: 0
[EnemyRenderer] Enemigos activos para dibujar: 0
[EnemyRenderer] No hay enemigos para dibujar.
[Camera] Posición: {X:821,99976 Y:901,99976}, Zoom: 1
[EnemyManager] Enemigos activos: 0
[EnemyRenderer] Enemigos activos para dibujar: 0
[EnemyRenderer] No hay enemigos para dibujar.
[Camera] Posición: {X:821,99976 Y:901,99976}, Zoom: 1
[EnemyManager] Enemigos activos: 0
[EnemyRenderer] Enemigos activos para dibujar: 0
[EnemyRenderer] No hay enemigos para dibujar.
[Camera] Posición: {X:821,99976 Y:901,99976}, Zoom: 1
[EnemyManager] Enemigos activos: 0
[EnemyRenderer] Enemigos activos para dibujar: 0
[EnemyRenderer] No hay enemigos para dibujar.
[Camera] Posición: {X:821,99976 Y:901,99976}, Zoom: 1
[EnemyManager] Enemigos activos: 0
[EnemyRenderer] Enemigos activos para dibujar: 0
[EnemyRenderer] No hay enemigos para dibujar.
[Camera] Posición: {X:821,99976 Y:901,99976}, Zoom: 1
[EnemyManager] Enemigos activos: 0
[EnemyRenderer] Enemigos activos para dibujar: 0
[EnemyRenderer] No hay enemigos para dibujar.
[Camera] Posición: {X:821,99976 Y:901,99976}, Zoom: 1
[EnemyManager] Enemigos activos: 0
[EnemyRenderer] Enemigos activos para dibujar: 0
[EnemyRenderer] No hay enemigos para dibujar.
[Camera] Posición: {X:821,99976 Y:901,99976}, Zoom: 1
[EnemyManager] Enemigos activos: 0
[EnemyRenderer] Enemigos activos para dibujar: 0
[EnemyRenderer] No hay enemigos para dibujar.
[Camera] Posición: {X:821,99976 Y:901,99976}, Zoom: 1
[EnemyManager] Enemigos activos: 0
[EnemyRenderer] Enemigos activos para dibujar: 0
[EnemyRenderer] No hay enemigos para dibujar.
[Camera] Posición: {X:821,99976 Y:901,99976}, Zoom: 1
[EnemyManager] Enemigos activos: 0
[EnemyRenderer] Enemigos activos para dibujar: 0
[EnemyRenderer] No hay enemigos para dibujar.
[Camera] Posición: {X:821,99976 Y:901,99976}, Zoom: 1
[EnemyManager] Enemigos activos: 0
[EnemyRenderer] Enemigos activos para dibujar: 0
[EnemyRenderer] No hay enemigos para dibujar.
[Camera] Posición: {X:821,99976 Y:901,99976}, Zoom: 1
[EnemyManager] Enemigos activos: 0
[EnemyRenderer] Enemigos activos para dibujar: 0
[EnemyRenderer] No hay enemigos para dibujar.
[Camera] Posición: {X:821,99976 Y:901,99976}, Zoom: 1
[EnemyManager] Enemigos activos: 0
[EnemyRenderer] Enemigos activos para dibujar: 0
[EnemyRenderer] No hay enemigos para dibujar.
[Camera] Posición: {X:821,99976 Y:901,99976}, Zoom: 1
[EnemyManager] Enemigos activos: 0
[EnemyRenderer] Enemigos activos para dibujar: 0
[EnemyRenderer] No hay enemigos para dibujar.
[Camera] Posición: {X:821,99976 Y:901,99976}, Zoom: 1
[EnemyManager] Enemigos activos: 0
[EnemyRenderer] Enemigos activos para dibujar: 0
[EnemyRenderer] No hay enemigos para dibujar.
[Camera] Posición: {X:821,99976 Y:901,99976}, Zoom: 1
[EnemyManager] Enemigos activos: 0
[EnemyRenderer] Enemigos activos para dibujar: 0
[EnemyRenderer] No hay enemigos para dibujar.
[Camera] Posición: {X:821,99976 Y:901,99976}, Zoom: 1
[EnemyManager] Enemigos activos: 0
[EnemyRenderer] Enemigos activos para dibujar: 0
[EnemyRenderer] No hay enemigos para dibujar.
[Camera] Posición: {X:821,99976 Y:901,99976}, Zoom: 1
[EnemyManager] Enemigos activos: 0
[EnemyRenderer] Enemigos activos para dibujar: 0
[EnemyRenderer] No hay enemigos para dibujar.
[Camera] Posición: {X:821,99976 Y:901,99976}, Zoom: 1
[EnemyManager] Enemigos activos: 0
[EnemyRenderer] Enemigos activos para dibujar: 0
[EnemyRenderer] No hay enemigos para dibujar.
[Camera] Posición: {X:821,99976 Y:901,99976}, Zoom: 1
[EnemyManager] Enemigos activos: 0
[EnemyRenderer] Enemigos activos para dibujar: 0
[EnemyRenderer] No hay enemigos para dibujar.
[Camera] Posición: {X:821,99976 Y:901,99976}, Zoom: 1
[EnemyManager] Enemigos activos: 0
[EnemyRenderer] Enemigos activos para dibujar: 0
[EnemyRenderer] No hay enemigos para dibujar.
[Camera] Posición: {X:821,99976 Y:901,99976}, Zoom: 1
[EnemyManager] Enemigos activos: 0
[EnemyRenderer] Enemigos activos para dibujar: 0
[EnemyRenderer] No hay enemigos para dibujar.
[Camera] Posición: {X:821,99976 Y:901,99976}, Zoom: 1
[EnemyManager] Enemigos activos: 0
[EnemyRenderer] Enemigos activos para dibujar: 0
[EnemyRenderer] No hay enemigos para dibujar.
[Camera] Posición: {X:821,99976 Y:901,99976}, Zoom: 1
[EnemyManager] Enemigos activos: 0
[EnemyRenderer] Enemigos activos para dibujar: 0
[EnemyRenderer] No hay enemigos para dibujar.
[Camera] Posición: {X:821,99976 Y:901,99976}, Zoom: 1
[EnemyManager] Enemigos activos: 0
[EnemyRenderer] Enemigos activos para dibujar: 0
[EnemyRenderer] No hay enemigos para dibujar.
[Camera] Posición: {X:821,99976 Y:901,99976}, Zoom: 1
[EnemyManager] Enemigos activos: 0
[EnemyRenderer] Enemigos activos para dibujar: 0
[EnemyRenderer] No hay enemigos para dibujar.
[Camera] Posición: {X:821,99976 Y:901,99976}, Zoom: 1
[EnemyManager] Enemigos activos: 0
[EnemyRenderer] Enemigos activos para dibujar: 0
[EnemyRenderer] No hay enemigos para dibujar.
[Camera] Posición: {X:821,99976 Y:901,99976}, Zoom: 1
[EnemyManager] Enemigos activos: 0
[EnemyRenderer] Enemigos activos para dibujar: 0
[EnemyRenderer] No hay enemigos para dibujar.
[Camera] Posición: {X:821,99976 Y:901,99976}, Zoom: 1
[EnemyManager] Enemigos activos: 0
[EnemyRenderer] Enemigos activos para dibujar: 0
[EnemyRenderer] No hay enemigos para dibujar.
[Camera] Posición: {X:821,99976 Y:901,99976}, Zoom: 1
[EnemyManager] Enemigos activos: 0
[EnemyRenderer] Enemigos activos para dibujar: 0
[EnemyRenderer] No hay enemigos para dibujar.
[Camera] Posición: {X:821,99976 Y:901,99976}, Zoom: 1
[EnemyManager] Enemigos activos: 0
[EnemyRenderer] Enemigos activos para dibujar: 0
[EnemyRenderer] No hay enemigos para dibujar.
[Camera] Posición: {X:821,99976 Y:901,99976}, Zoom: 1
[EnemyManager] Enemigos activos: 0
[EnemyRenderer] Enemigos activos para dibujar: 0
[EnemyRenderer] No hay enemigos para dibujar.
[Camera] Posición: {X:821,99976 Y:901,99976}, Zoom: 1
[EnemyManager] Enemigos activos: 0
[EnemyRenderer] Enemigos activos para dibujar: 0
[EnemyRenderer] No hay enemigos para dibujar.
[Camera] Posición: {X:821,99976 Y:901,99976}, Zoom: 1
[EnemyManager] Enemigos activos: 0
[EnemyRenderer] Enemigos activos para dibujar: 0
[EnemyRenderer] No hay enemigos para dibujar.
[Camera] Posición: {X:821,99976 Y:901,99976}, Zoom: 1
[EnemyManager] Enemigos activos: 0
[EnemyRenderer] Enemigos activos para dibujar: 0
[EnemyRenderer] No hay enemigos para dibujar.
[Camera] Posición: {X:821,99976 Y:901,99976}, Zoom: 1
[EnemyManager] Enemigos activos: 0
[EnemyRenderer] Enemigos activos para dibujar: 0
[EnemyRenderer] No hay enemigos para dibujar.
[Camera] Posición: {X:821,99976 Y:901,99976}, Zoom: 1
[EnemyManager] Enemigos activos: 0
[EnemyRenderer] Enemigos activos para dibujar: 0
[EnemyRenderer] No hay enemigos para dibujar.
[Camera] Posición: {X:821,99976 Y:901,99976}, Zoom: 1
[EnemyManager] Enemigos activos: 0
[EnemyRenderer] Enemigos activos para dibujar: 0
[EnemyRenderer] No hay enemigos para dibujar.
[Camera] Posición: {X:821,99976 Y:901,99976}, Zoom: 1
[EnemyManager] Enemigos activos: 0
[EnemyRenderer] Enemigos activos para dibujar: 0
[EnemyRenderer] No hay enemigos para dibujar.
[Camera] Posición: {X:821,99976 Y:901,99976}, Zoom: 1
[EnemyManager] Enemigos activos: 0
[EnemyRenderer] Enemigos activos para dibujar: 0
[EnemyRenderer] No hay enemigos para dibujar.
[Camera] Posición: {X:821,99976 Y:901,99976}, Zoom: 1
[EnemyManager] Enemigos activos: 0
[EnemyRenderer] Enemigos activos para dibujar: 0
[EnemyRenderer] No hay enemigos para dibujar.
[Camera] Posición: {X:821,99976 Y:901,99976}, Zoom: 1
[EnemyManager] Enemigos activos: 0
[EnemyRenderer] Enemigos activos para dibujar: 0
[EnemyRenderer] No hay enemigos para dibujar.
[Camera] Posición: {X:821,99976 Y:901,99976}, Zoom: 1
[EnemyManager] Enemigos activos: 0
[EnemyRenderer] Enemigos activos para dibujar: 0
[EnemyRenderer] No hay enemigos para dibujar.
[Camera] Posición: {X:821,99976 Y:901,99976}, Zoom: 1
[EnemyManager] Enemigos activos: 0
[EnemyRenderer] Enemigos activos para dibujar: 0
[EnemyRenderer] No hay enemigos para dibujar.
[Camera] Posición: {X:821,99976 Y:901,99976}, Zoom: 1
[EnemyManager] Enemigos activos: 0
[EnemyRenderer] Enemigos activos para dibujar: 0
[EnemyRenderer] No hay enemigos para dibujar.
[Camera] Posición: {X:821,99976 Y:901,99976}, Zoom: 1
[EnemyManager] Enemigos activos: 0
[EnemyRenderer] Enemigos activos para dibujar: 0
[EnemyRenderer] No hay enemigos para dibujar.
[Camera] Posición: {X:821,99976 Y:901,99976}, Zoom: 1
[EnemyManager] Enemigos activos: 0
[EnemyRenderer] Enemigos activos para dibujar: 0
[EnemyRenderer] No hay enemigos para dibujar.
[Camera] Posición: {X:821,99976 Y:901,99976}, Zoom: 1
[EnemyManager] Enemigos activos: 0
[EnemyRenderer] Enemigos activos para dibujar: 0
[EnemyRenderer] No hay enemigos para dibujar.
[Camera] Posición: {X:821,99976 Y:901,99976}, Zoom: 1
[EnemyManager] Enemigos activos: 0
[EnemyRenderer] Enemigos activos para dibujar: 0
[EnemyRenderer] No hay enemigos para dibujar.
[Camera] Posición: {X:821,99976 Y:901,99976}, Zoom: 1
[EnemyManager] Enemigos activos: 0
[EnemyRenderer] Enemigos activos para dibujar: 0
[EnemyRenderer] No hay enemigos para dibujar.
[Camera] Posición: {X:821,99976 Y:901,99976}, Zoom: 1
[EnemyManager] Enemigos activos: 0
[EnemyRenderer] Enemigos activos para dibujar: 0
[EnemyRenderer] No hay enemigos para dibujar.
[Camera] Posición: {X:821,99976 Y:901,99976}, Zoom: 1
[EnemyManager] Enemigos activos: 0
[EnemyRenderer] Enemigos activos para dibujar: 0
[EnemyRenderer] No hay enemigos para dibujar.
[Camera] Posición: {X:821,99976 Y:901,99976}, Zoom: 1
[EnemyManager] Enemigos activos: 0
[EnemyRenderer] Enemigos activos para dibujar: 0
[EnemyRenderer] No hay enemigos para dibujar.
[Camera] Posición: {X:821,99976 Y:901,99976}, Zoom: 1
[EnemyManager] Enemigos activos: 0
[EnemyRenderer] Enemigos activos para dibujar: 0
[EnemyRenderer] No hay enemigos para dibujar.
[Camera] Posición: {X:821,99976 Y:901,99976}, Zoom: 1
[EnemyManager] Enemigos activos: 0
[EnemyRenderer] Enemigos activos para dibujar: 0
[EnemyRenderer] No hay enemigos para dibujar.
[Camera] Posición: {X:821,99976 Y:901,99976}, Zoom: 1
[EnemyManager] Enemigos activos: 0
[EnemyRenderer] Enemigos activos para dibujar: 0
[EnemyRenderer] No hay enemigos para dibujar.
[Camera] Posición: {X:821,99976 Y:901,99976}, Zoom: 1
[EnemyManager] Enemigos activos: 0
[EnemyRenderer] Enemigos activos para dibujar: 0
[EnemyRenderer] No hay enemigos para dibujar.
[Camera] Posición: {X:821,99976 Y:901,99976}, Zoom: 1
[EnemyManager] Enemigos activos: 0
[EnemyRenderer] Enemigos activos para dibujar: 0
[EnemyRenderer] No hay enemigos para dibujar.
[Camera] Posición: {X:821,99976 Y:901,99976}, Zoom: 1
[EnemyManager] Enemigos activos: 0
[EnemyRenderer] Enemigos activos para dibujar: 0
[EnemyRenderer] No hay enemigos para dibujar.
[Camera] Posición: {X:821,99976 Y:901,99976}, Zoom: 1
[EnemyManager] Enemigos activos: 0
[EnemyRenderer] Enemigos activos para dibujar: 0
[EnemyRenderer] No hay enemigos para dibujar.
[Camera] Posición: {X:821,99976 Y:901,99976}, Zoom: 1
[EnemyManager] Enemigos activos: 0
[EnemyRenderer] Enemigos activos para dibujar: 0
[EnemyRenderer] No hay enemigos para dibujar.
[Camera] Posición: {X:821,99976 Y:901,99976}, Zoom: 1
[EnemyManager] Enemigos activos: 0
[EnemyRenderer] Enemigos activos para dibujar: 0
[EnemyRenderer] No hay enemigos para dibujar.
[Camera] Posición: {X:821,99976 Y:901,99976}, Zoom: 1
[EnemyManager] Enemigos activos: 0
[EnemyRenderer] Enemigos activos para dibujar: 0
[EnemyRenderer] No hay enemigos para dibujar.
[Camera] Posición: {X:821,99976 Y:901,99976}, Zoom: 1
[EnemyManager] Enemigos activos: 0
[EnemyRenderer] Enemigos activos para dibujar: 0
[EnemyRenderer] No hay enemigos para dibujar.
[Camera] Posición: {X:821,99976 Y:901,99976}, Zoom: 1
[EnemyManager] Enemigos activos: 0
[EnemyRenderer] Enemigos activos para dibujar: 0
[EnemyRenderer] No hay enemigos para dibujar.
[Camera] Posición: {X:821,99976 Y:901,99976}, Zoom: 1
[EnemyManager] Enemigos activos: 0
[EnemyRenderer] Enemigos activos para dibujar: 0
[EnemyRenderer] No hay enemigos para dibujar.
[Camera] Posición: {X:821,99976 Y:901,99976}, Zoom: 1
[EnemyManager] Enemigos activos: 0
[EnemyRenderer] Enemigos activos para dibujar: 0
[EnemyRenderer] No hay enemigos para dibujar.
[Camera] Posición: {X:821,99976 Y:901,99976}, Zoom: 1
[EnemyManager] Enemigos activos: 0
[EnemyRenderer] Enemigos activos para dibujar: 0
[EnemyRenderer] No hay enemigos para dibujar.
[Camera] Posición: {X:821,99976 Y:901,99976}, Zoom: 1
[EnemyManager] Enemigos activos: 0
[EnemyRenderer] Enemigos activos para dibujar: 0
[EnemyRenderer] No hay enemigos para dibujar.
[Camera] Posición: {X:821,99976 Y:901,99976}, Zoom: 1
[EnemyManager] Enemigos activos: 0
[EnemyRenderer] Enemigos activos para dibujar: 0
[EnemyRenderer] No hay enemigos para dibujar.
[Camera] Posición: {X:821,99976 Y:901,99976}, Zoom: 1
[EnemyManager] Enemigos activos: 0
[EnemyRenderer] Enemigos activos para dibujar: 0
[EnemyRenderer] No hay enemigos para dibujar.
[Camera] Posición: {X:821,99976 Y:901,99976}, Zoom: 1
[EnemyManager] Enemigos activos: 0
[EnemyRenderer] Enemigos activos para dibujar: 0
[EnemyRenderer] No hay enemigos para dibujar.
[Camera] Posición: {X:821,99976 Y:901,99976}, Zoom: 1
[EnemyManager] Enemigos activos: 0
[EnemyRenderer] Enemigos activos para dibujar: 0
[EnemyRenderer] No hay enemigos para dibujar.
[Camera] Posición: {X:821,99976 Y:901,99976}, Zoom: 1
[EnemyManager] Enemigos activos: 0
[EnemyRenderer] Enemigos activos para dibujar: 0
[EnemyRenderer] No hay enemigos para dibujar.
[Camera] Posición: {X:821,99976 Y:901,99976}, Zoom: 1
[EnemyManager] Enemigos activos: 0
[EnemyRenderer] Enemigos activos para dibujar: 0
[EnemyRenderer] No hay enemigos para dibujar.
[Camera] Posición: {X:821,99976 Y:901,99976}, Zoom: 1
[EnemyManager] Enemigos activos: 0
[EnemyRenderer] Enemigos activos para dibujar: 0
[EnemyRenderer] No hay enemigos para dibujar.
[Camera] Posición: {X:821,99976 Y:901,99976}, Zoom: 1
[EnemyManager] Enemigos activos: 0
[EnemyRenderer] Enemigos activos para dibujar: 0
[EnemyRenderer] No hay enemigos para dibujar.
[Camera] Posición: {X:821,99976 Y:901,99976}, Zoom: 1
[EnemyManager] Enemigos activos: 0
[EnemyRenderer] Enemigos activos para dibujar: 0
[EnemyRenderer] No hay enemigos para dibujar.
[Camera] Posición: {X:821,99976 Y:901,99976}, Zoom: 1
[EnemyManager] Enemigos activos: 0
[EnemyRenderer] Enemigos activos para dibujar: 0
[EnemyRenderer] No hay enemigos para dibujar.
[Camera] Posición: {X:821,99976 Y:901,99976}, Zoom: 1
[EnemyManager] Enemigos activos: 0
[EnemyRenderer] Enemigos activos para dibujar: 0
[EnemyRenderer] No hay enemigos para dibujar.
[Camera] Posición: {X:821,99976 Y:901,99976}, Zoom: 1
[EnemyManager] Enemigos activos: 0
[EnemyRenderer] Enemigos activos para dibujar: 0
[EnemyRenderer] No hay enemigos para dibujar.
[Camera] Posición: {X:821,99976 Y:901,99976}, Zoom: 1
[EnemyManager] Enemigos activos: 0
[EnemyRenderer] Enemigos activos para dibujar: 0
[EnemyRenderer] No hay enemigos para dibujar.
[Camera] Posición: {X:821,99976 Y:901,99976}, Zoom: 1
[EnemyManager] Enemigos activos: 0
[EnemyRenderer] Enemigos activos para dibujar: 0
[EnemyRenderer] No hay enemigos para dibujar.
[Camera] Posición: {X:821,99976 Y:901,99976}, Zoom: 1
[EnemyManager] Enemigos activos: 0
[EnemyRenderer] Enemigos activos para dibujar: 0
[EnemyRenderer] No hay enemigos para dibujar.
[Camera] Posición: {X:821,99976 Y:901,99976}, Zoom: 1
[EnemyManager] Enemigos activos: 0
[EnemyRenderer] Enemigos activos para dibujar: 0
[EnemyRenderer] No hay enemigos para dibujar.
[Camera] Posición: {X:821,99976 Y:901,99976}, Zoom: 1
[EnemyManager] Enemigos activos: 0
[EnemyRenderer] Enemigos activos para dibujar: 0
[EnemyRenderer] No hay enemigos para dibujar.
[Camera] Posición: {X:821,99976 Y:901,99976}, Zoom: 1
[EnemyManager] Enemigos activos: 0
[EnemyRenderer] Enemigos activos para dibujar: 0
[EnemyRenderer] No hay enemigos para dibujar.
[Camera] Posición: {X:821,99976 Y:901,99976}, Zoom: 1
[EnemyManager] Enemigos activos: 0
[EnemyRenderer] Enemigos activos para dibujar: 0
[EnemyRenderer] No hay enemigos para dibujar.
[Camera] Posición: {X:821,99976 Y:901,99976}, Zoom: 1
[EnemyManager] Enemigos activos: 0
[EnemyRenderer] Enemigos activos para dibujar: 0
[EnemyRenderer] No hay enemigos para dibujar.
[Camera] Posición: {X:821,99976 Y:901,99976}, Zoom: 1
[EnemyManager] Enemigos activos: 0
[EnemyRenderer] Enemigos activos para dibujar: 0
[EnemyRenderer] No hay enemigos para dibujar.
[Camera] Posición: {X:821,99976 Y:901,99976}, Zoom: 1
[EnemyManager] Enemigos activos: 0
[EnemyRenderer] Enemigos activos para dibujar: 0
[EnemyRenderer] No hay enemigos para dibujar.
[Camera] Posición: {X:821,99976 Y:901,99976}, Zoom: 1
[EnemyManager] Enemigos activos: 0
[EnemyRenderer] Enemigos activos para dibujar: 0
[EnemyRenderer] No hay enemigos para dibujar.
[Camera] Posición: {X:821,99976 Y:901,99976}, Zoom: 1
[EnemyManager] Enemigos activos: 0
[EnemyRenderer] Enemigos activos para dibujar: 0
[EnemyRenderer] No hay enemigos para dibujar.
[Camera] Posición: {X:821,99976 Y:901,99976}, Zoom: 1
[EnemyManager] Enemigos activos: 0
[EnemyRenderer] Enemigos activos para dibujar: 0
[EnemyRenderer] No hay enemigos para dibujar.
[Camera] Posición: {X:821,99976 Y:901,99976}, Zoom: 1
[EnemyManager] Enemigos activos: 0
[EnemyRenderer] Enemigos activos para dibujar: 0
[EnemyRenderer] No hay enemigos para dibujar.
[Camera] Posición: {X:821,99976 Y:901,99976}, Zoom: 1
[EnemyManager] Enemigos activos: 0
[EnemyRenderer] Enemigos activos para dibujar: 0
[EnemyRenderer] No hay enemigos para dibujar.
[Camera] Posición: {X:821,99976 Y:901,99976}, Zoom: 1
[EnemyManager] Enemigos activos: 0
[EnemyRenderer] Enemigos activos para dibujar: 0
[EnemyRenderer] No hay enemigos para dibujar.
[Camera] Posición: {X:821,99976 Y:901,99976}, Zoom: 1
[EnemyManager] Enemigos activos: 0
[EnemyRenderer] Enemigos activos para dibujar: 0
[EnemyRenderer] No hay enemigos para dibujar.
[Camera] Posición: {X:821,99976 Y:901,99976}, Zoom: 1
[EnemyManager] Enemigos activos: 0
[EnemyRenderer] Enemigos activos para dibujar: 0
[EnemyRenderer] No hay enemigos para dibujar.
[Camera] Posición: {X:821,99976 Y:901,99976}, Zoom: 1
[EnemyManager] Enemigos activos: 0
[EnemyRenderer] Enemigos activos para dibujar: 0
[EnemyRenderer] No hay enemigos para dibujar.
[Camera] Posición: {X:821,99976 Y:901,99976}, Zoom: 1
[EnemyManager] Enemigos activos: 0
[EnemyRenderer] Enemigos activos para dibujar: 0
[EnemyRenderer] No hay enemigos para dibujar.
[Camera] Posición: {X:821,99976 Y:901,99976}, Zoom: 1
[EnemyManager] Enemigos activos: 0
[EnemyRenderer] Enemigos activos para dibujar: 0
[EnemyRenderer] No hay enemigos para dibujar.
[Camera] Posición: {X:821,99976 Y:901,99976}, Zoom: 1
[EnemyManager] Enemigos activos: 0
[EnemyRenderer] Enemigos activos para dibujar: 0
[EnemyRenderer] No hay enemigos para dibujar.
[Camera] Posición: {X:821,99976 Y:901,99976}, Zoom: 1
[EnemyManager] Enemigos activos: 0
[EnemyRenderer] Enemigos activos para dibujar: 0
[EnemyRenderer] No hay enemigos para dibujar.
[Camera] Posición: {X:821,99976 Y:901,99976}, Zoom: 1
[EnemyManager] Enemigos activos: 0
[EnemyRenderer] Enemigos activos para dibujar: 0
[EnemyRenderer] No hay enemigos para dibujar.
[Camera] Posición: {X:821,99976 Y:901,99976}, Zoom: 1
[EnemyManager] Enemigos activos: 0
[EnemyRenderer] Enemigos activos para dibujar: 0
[EnemyRenderer] No hay enemigos para dibujar.
[Camera] Posición: {X:821,99976 Y:901,99976}, Zoom: 1
[EnemyManager] Enemigos activos: 0
[EnemyRenderer] Enemigos activos para dibujar: 0
[EnemyRenderer] No hay enemigos para dibujar.
[Camera] Posición: {X:821,99976 Y:901,99976}, Zoom: 1
[EnemyManager] Enemigos activos: 0
[EnemyRenderer] Enemigos activos para dibujar: 0
[EnemyRenderer] No hay enemigos para dibujar.
[Camera] Posición: {X:821,99976 Y:901,99976}, Zoom: 1
[EnemyManager] Enemigos activos: 0
[EnemyRenderer] Enemigos activos para dibujar: 0
[EnemyRenderer] No hay enemigos para dibujar.
[Camera] Posición: {X:821,99976 Y:901,99976}, Zoom: 1
[EnemyManager] Enemigos activos: 0
[EnemyRenderer] Enemigos activos para dibujar: 0
[EnemyRenderer] No hay enemigos para dibujar.
[Camera] Posición: {X:821,99976 Y:901,99976}, Zoom: 1
[EnemyManager] Enemigos activos: 0
[EnemyRenderer] Enemigos activos para dibujar: 0
[EnemyRenderer] No hay enemigos para dibujar.
[Camera] Posición: {X:821,99976 Y:901,99976}, Zoom: 1
[EnemyManager] Enemigos activos: 0
[EnemyRenderer] Enemigos activos para dibujar: 0
[EnemyRenderer] No hay enemigos para dibujar.
[Camera] Posición: {X:821,99976 Y:901,99976}, Zoom: 1
[EnemyManager] Enemigos activos: 0
[EnemyRenderer] Enemigos activos para dibujar: 0
[EnemyRenderer] No hay enemigos para dibujar.
[Camera] Posición: {X:821,99976 Y:901,99976}, Zoom: 1
[EnemyManager] Enemigos activos: 0
[EnemyRenderer] Enemigos activos para dibujar: 0
[EnemyRenderer] No hay enemigos para dibujar.
[Camera] Posición: {X:821,99976 Y:901,99976}, Zoom: 1
[EnemyManager] Enemigos activos: 0
[EnemyRenderer] Enemigos activos para dibujar: 0
[EnemyRenderer] No hay enemigos para dibujar.
[Camera] Posición: {X:821,99976 Y:901,99976}, Zoom: 1
[EnemyManager] Enemigos activos: 0
[EnemyRenderer] Enemigos activos para dibujar: 0
[EnemyRenderer] No hay enemigos para dibujar.
[Camera] Posición: {X:821,99976 Y:901,99976}, Zoom: 1
[EnemyManager] Enemigos activos: 0
[EnemyRenderer] Enemigos activos para dibujar: 0
[EnemyRenderer] No hay enemigos para dibujar.
[Camera] Posición: {X:821,99976 Y:901,99976}, Zoom: 1
[EnemyManager] Enemigos activos: 0
[EnemyRenderer] Enemigos activos para dibujar: 0
[EnemyRenderer] No hay enemigos para dibujar.
[Camera] Posición: {X:821,99976 Y:901,99976}, Zoom: 1
[EnemyManager] Enemigos activos: 0
[EnemyRenderer] Enemigos activos para dibujar: 0
[EnemyRenderer] No hay enemigos para dibujar.
[Camera] Posición: {X:821,99976 Y:901,99976}, Zoom: 1
[EnemyManager] Enemigos activos: 0
[EnemyRenderer] Enemigos activos para dibujar: 0
[EnemyRenderer] No hay enemigos para dibujar.
[Camera] Posición: {X:821,99976 Y:901,99976}, Zoom: 1
[EnemyManager] Enemigos activos: 0
[EnemyRenderer] Enemigos activos para dibujar: 0
[EnemyRenderer] No hay enemigos para dibujar.
[Camera] Posición: {X:821,99976 Y:901,99976}, Zoom: 1
[EnemyManager] Enemigos activos: 0
[EnemyRenderer] Enemigos activos para dibujar: 0
[EnemyRenderer] No hay enemigos para dibujar.
[Camera] Posición: {X:821,99976 Y:901,99976}, Zoom: 1
[EnemyManager] Enemigos activos: 0
[EnemyRenderer] Enemigos activos para dibujar: 0
[EnemyRenderer] No hay enemigos para dibujar.
[Camera] Posición: {X:821,99976 Y:901,99976}, Zoom: 1
[EnemyManager] Enemigos activos: 0
[EnemyRenderer] Enemigos activos para dibujar: 0
[EnemyRenderer] No hay enemigos para dibujar.
[Camera] Posición: {X:821,99976 Y:901,99976}, Zoom: 1
[EnemyManager] Enemigos activos: 0
[EnemyRenderer] Enemigos activos para dibujar: 0
[EnemyRenderer] No hay enemigos para dibujar.
[Camera] Posición: {X:821,99976 Y:901,99976}, Zoom: 1
[EnemyManager] Enemigos activos: 0
[EnemyRenderer] Enemigos activos para dibujar: 0
[EnemyRenderer] No hay enemigos para dibujar.
[Camera] Posición: {X:821,99976 Y:901,99976}, Zoom: 1
[EnemyManager] Enemigos activos: 0
[EnemyRenderer] Enemigos activos para dibujar: 0
[EnemyRenderer] No hay enemigos para dibujar.
[Camera] Posición: {X:821,99976 Y:901,99976}, Zoom: 1
[EnemyManager] Enemigos activos: 0
[EnemyRenderer] Enemigos activos para dibujar: 0
[EnemyRenderer] No hay enemigos para dibujar.
[Camera] Posición: {X:821,99976 Y:901,99976}, Zoom: 1
[EnemyManager] Enemigos activos: 0
[EnemyRenderer] Enemigos activos para dibujar: 0
[EnemyRenderer] No hay enemigos para dibujar.
[Camera] Posición: {X:821,99976 Y:901,99976}, Zoom: 1
[EnemyManager] Enemigos activos: 0
[EnemyRenderer] Enemigos activos para dibujar: 0
[EnemyRenderer] No hay enemigos para dibujar.
[Camera] Posición: {X:821,99976 Y:901,99976}, Zoom: 1
[EnemyManager] Enemigos activos: 0
[EnemyRenderer] Enemigos activos para dibujar: 0
[EnemyRenderer] No hay enemigos para dibujar.
[Camera] Posición: {X:821,99976 Y:901,99976}, Zoom: 1
[EnemyManager] Enemigos activos: 0
[EnemyRenderer] Enemigos activos para dibujar: 0
[EnemyRenderer] No hay enemigos para dibujar.
[Camera] Posición: {X:821,99976 Y:901,99976}, Zoom: 1
[EnemyManager] Enemigos activos: 0
[EnemyRenderer] Enemigos activos para dibujar: 0
[EnemyRenderer] No hay enemigos para dibujar.
[Camera] Posición: {X:821,99976 Y:901,99976}, Zoom: 1
[EnemyManager] Enemigos activos: 0
[EnemyRenderer] Enemigos activos para dibujar: 0
[EnemyRenderer] No hay enemigos para dibujar.
[Camera] Posición: {X:821,99976 Y:901,99976}, Zoom: 1
[EnemyManager] Enemigos activos: 0
[EnemyRenderer] Enemigos activos para dibujar: 0
[EnemyRenderer] No hay enemigos para dibujar.
[Camera] Posición: {X:821,99976 Y:901,99976}, Zoom: 1
[EnemyManager] Enemigos activos: 0
[EnemyRenderer] Enemigos activos para dibujar: 0
[EnemyRenderer] No hay enemigos para dibujar.
[Camera] Posición: {X:821,99976 Y:901,99976}, Zoom: 1
[EnemyManager] Enemigos activos: 0
[EnemyRenderer] Enemigos activos para dibujar: 0
[EnemyRenderer] No hay enemigos para dibujar.
[Camera] Posición: {X:821,99976 Y:901,99976}, Zoom: 1
[EnemyManager] Enemigos activos: 0
[EnemyRenderer] Enemigos activos para dibujar: 0
[EnemyRenderer] No hay enemigos para dibujar.
[Camera] Posición: {X:821,99976 Y:901,99976}, Zoom: 1
[EnemyManager] Enemigos activos: 0
[EnemyRenderer] Enemigos activos para dibujar: 0
[EnemyRenderer] No hay enemigos para dibujar.
[Camera] Posición: {X:821,99976 Y:901,99976}, Zoom: 1
[EnemyManager] Enemigos activos: 0
[EnemyRenderer] Enemigos activos para dibujar: 0
[EnemyRenderer] No hay enemigos para dibujar.
[Camera] Posición: {X:821,99976 Y:901,99976}, Zoom: 1
[EnemyManager] Enemigos activos: 0
[EnemyRenderer] Enemigos activos para dibujar: 0
[EnemyRenderer] No hay enemigos para dibujar.
[Camera] Posición: {X:821,99976 Y:901,99976}, Zoom: 1
[EnemyManager] Enemigos activos: 0
[EnemyRenderer] Enemigos activos para dibujar: 0
[EnemyRenderer] No hay enemigos para dibujar.
[Camera] Posición: {X:821,99976 Y:901,99976}, Zoom: 1
[EnemyManager] Enemigos activos: 0
[EnemyRenderer] Enemigos activos para dibujar: 0
[EnemyRenderer] No hay enemigos para dibujar.
[Camera] Posición: {X:821,99976 Y:901,99976}, Zoom: 1
[EnemyManager] Enemigos activos: 0
[EnemyRenderer] Enemigos activos para dibujar: 0
[EnemyRenderer] No hay enemigos para dibujar.
[Camera] Posición: {X:821,99976 Y:901,99976}, Zoom: 1
[EnemyManager] Enemigos activos: 0
[EnemyRenderer] Enemigos activos para dibujar: 0
[EnemyRenderer] No hay enemigos para dibujar.
[Camera] Posición: {X:821,99976 Y:901,99976}, Zoom: 1
[EnemyManager] Enemigos activos: 0
[EnemyRenderer] Enemigos activos para dibujar: 0
[EnemyRenderer] No hay enemigos para dibujar.
[Camera] Posición: {X:821,99976 Y:901,99976}, Zoom: 1
[EnemyManager] Enemigos activos: 0
[EnemyRenderer] Enemigos activos para dibujar: 0
[EnemyRenderer] No hay enemigos para dibujar.
[Camera] Posición: {X:821,99976 Y:901,99976}, Zoom: 1
[EnemyManager] Enemigos activos: 0
[EnemyRenderer] Enemigos activos para dibujar: 0
[EnemyRenderer] No hay enemigos para dibujar.
[Camera] Posición: {X:821,99976 Y:901,99976}, Zoom: 1
[EnemyManager] Enemigos activos: 0
[EnemyRenderer] Enemigos activos para dibujar: 0
[EnemyRenderer] No hay enemigos para dibujar.
[Camera] Posición: {X:821,99976 Y:901,99976}, Zoom: 1
[EnemyManager] Enemigos activos: 0
[EnemyRenderer] Enemigos activos para dibujar: 0
[EnemyRenderer] No hay enemigos para dibujar.
[Camera] Posición: {X:821,99976 Y:901,99976}, Zoom: 1
[EnemyManager] Enemigos activos: 0
[EnemyRenderer] Enemigos activos para dibujar: 0
[EnemyRenderer] No hay enemigos para dibujar.
[Camera] Posición: {X:821,99976 Y:901,99976}, Zoom: 1
[EnemyManager] Enemigos activos: 0
[EnemyRenderer] Enemigos activos para dibujar: 0
[EnemyRenderer] No hay enemigos para dibujar.
[Camera] Posición: {X:821,99976 Y:901,99976}, Zoom: 1
[EnemyManager] Enemigos activos: 0
[EnemyRenderer] Enemigos activos para dibujar: 0
[EnemyRenderer] No hay enemigos para dibujar.
[Camera] Posición: {X:821,99976 Y:901,99976}, Zoom: 1
[EnemyManager] Enemigos activos: 0
[EnemyRenderer] Enemigos activos para dibujar: 0
[EnemyRenderer] No hay enemigos para dibujar.
[Camera] Posición: {X:821,99976 Y:901,99976}, Zoom: 1
[EnemyManager] Enemigos activos: 0
[EnemyRenderer] Enemigos activos para dibujar: 0
[EnemyRenderer] No hay enemigos para dibujar.
[Camera] Posición: {X:821,99976 Y:901,99976}, Zoom: 1
[EnemyManager] Enemigos activos: 0
[EnemyRenderer] Enemigos activos para dibujar: 0
[EnemyRenderer] No hay enemigos para dibujar.
[Camera] Posición: {X:821,99976 Y:901,99976}, Zoom: 1
[EnemyManager] Enemigos activos: 0
[EnemyRenderer] Enemigos activos para dibujar: 0
[EnemyRenderer] No hay enemigos para dibujar.
[Camera] Posición: {X:821,99976 Y:901,99976}, Zoom: 1
[EnemyManager] Enemigos activos: 0
[EnemyRenderer] Enemigos activos para dibujar: 0
[EnemyRenderer] No hay enemigos para dibujar.
[Camera] Posición: {X:821,99976 Y:901,99976}, Zoom: 1
[EnemyManager] Enemigos activos: 0
[EnemyRenderer] Enemigos activos para dibujar: 0
[EnemyRenderer] No hay enemigos para dibujar.
[Camera] Posición: {X:821,99976 Y:901,99976}, Zoom: 1
[EnemyManager] Enemigos activos: 0
[EnemyRenderer] Enemigos activos para dibujar: 0
[EnemyRenderer] No hay enemigos para dibujar.
[Camera] Posición: {X:821,99976 Y:901,99976}, Zoom: 1
[EnemyManager] Enemigos activos: 0
[EnemyRenderer] Enemigos activos para dibujar: 0
[EnemyRenderer] No hay enemigos para dibujar.
[Camera] Posición: {X:821,99976 Y:901,99976}, Zoom: 1
[EnemyManager] Enemigos activos: 0
[EnemyRenderer] Enemigos activos para dibujar: 0
[EnemyRenderer] No hay enemigos para dibujar.
[Camera] Posición: {X:821,99976 Y:901,99976}, Zoom: 1
[EnemyManager] Enemigos activos: 0
[EnemyRenderer] Enemigos activos para dibujar: 0
[EnemyRenderer] No hay enemigos para dibujar.
[Camera] Posición: {X:821,99976 Y:901,99976}, Zoom: 1
[EnemyManager] Enemigos activos: 0
[EnemyRenderer] Enemigos activos para dibujar: 0
[EnemyRenderer] No hay enemigos para dibujar.
[Camera] Posición: {X:821,99976 Y:901,99976}, Zoom: 1
[EnemyManager] Enemigos activos: 0
[EnemyRenderer] Enemigos activos para dibujar: 0
[EnemyRenderer] No hay enemigos para dibujar.
[Camera] Posición: {X:821,99976 Y:901,99976}, Zoom: 1
[EnemyManager] Enemigos activos: 0
[EnemyRenderer] Enemigos activos para dibujar: 0
[EnemyRenderer] No hay enemigos para dibujar.
[Camera] Posición: {X:821,99976 Y:901,99976}, Zoom: 1
[EnemyManager] Enemigos activos: 0
[EnemyRenderer] Enemigos activos para dibujar: 0
[EnemyRenderer] No hay enemigos para dibujar.
[Camera] Posición: {X:821,99976 Y:901,99976}, Zoom: 1
[EnemyManager] Enemigos activos: 0
[EnemyRenderer] Enemigos activos para dibujar: 0
[EnemyRenderer] No hay enemigos para dibujar.
[Camera] Posición: {X:821,99976 Y:901,99976}, Zoom: 1
[EnemyManager] Enemigos activos: 0
[EnemyRenderer] Enemigos activos para dibujar: 0
[EnemyRenderer] No hay enemigos para dibujar.
[Camera] Posición: {X:821,99976 Y:901,99976}, Zoom: 1
[EnemyManager] Enemigos activos: 0
[EnemyRenderer] Enemigos activos para dibujar: 0
[EnemyRenderer] No hay enemigos para dibujar.
[Camera] Posición: {X:821,99976 Y:901,99976}, Zoom: 1
[EnemyManager] Enemigos activos: 0
[EnemyRenderer] Enemigos activos para dibujar: 0
[EnemyRenderer] No hay enemigos para dibujar.
[Camera] Posición: {X:821,99976 Y:901,99976}, Zoom: 1
[EnemyManager] Enemigos activos: 0
[EnemyRenderer] Enemigos activos para dibujar: 0
[EnemyRenderer] No hay enemigos para dibujar.
[Camera] Posición: {X:821,99976 Y:901,99976}, Zoom: 1
[EnemyManager] Enemigos activos: 0
[EnemyRenderer] Enemigos activos para dibujar: 0
[EnemyRenderer] No hay enemigos para dibujar.
[Camera] Posición: {X:821,99976 Y:901,99976}, Zoom: 1
[EnemyManager] Enemigos activos: 0
[EnemyRenderer] Enemigos activos para dibujar: 0
[EnemyRenderer] No hay enemigos para dibujar.
[Camera] Posición: {X:821,99976 Y:901,99976}, Zoom: 1
[EnemyManager] Enemigos activos: 0
[EnemyRenderer] Enemigos activos para dibujar: 0
[EnemyRenderer] No hay enemigos para dibujar.
[Camera] Posición: {X:821,99976 Y:901,99976}, Zoom: 1
[EnemyManager] Enemigos activos: 0
[EnemyRenderer] Enemigos activos para dibujar: 0
[EnemyRenderer] No hay enemigos para dibujar.
[Camera] Posición: {X:821,99976 Y:901,99976}, Zoom: 1
[EnemyManager] Enemigos activos: 0
[EnemyRenderer] Enemigos activos para dibujar: 0
[EnemyRenderer] No hay enemigos para dibujar.
[Camera] Posición: {X:821,99976 Y:901,99976}, Zoom: 1
[EnemyManager] Enemigos activos: 0
[EnemyRenderer] Enemigos activos para dibujar: 0
[EnemyRenderer] No hay enemigos para dibujar.
[Camera] Posición: {X:821,99976 Y:901,99976}, Zoom: 1
[EnemyManager] Enemigos activos: 0
[EnemyRenderer] Enemigos activos para dibujar: 0
[EnemyRenderer] No hay enemigos para dibujar.
[Camera] Posición: {X:821,99976 Y:901,99976}, Zoom: 1
[EnemyManager] Enemigos activos: 0
[EnemyRenderer] Enemigos activos para dibujar: 0
[EnemyRenderer] No hay enemigos para dibujar.
[Camera] Posición: {X:821,99976 Y:901,99976}, Zoom: 1
[EnemyManager] Enemigos activos: 0
[EnemyRenderer] Enemigos activos para dibujar: 0
[EnemyRenderer] No hay enemigos para dibujar.
[Camera] Posición: {X:821,99976 Y:901,99976}, Zoom: 1
[EnemyManager] Enemigos activos: 0
[EnemyRenderer] Enemigos activos para dibujar: 0
[EnemyRenderer] No hay enemigos para dibujar.
[Camera] Posición: {X:821,99976 Y:901,99976}, Zoom: 1
[EnemyManager] Enemigos activos: 0
[EnemyRenderer] Enemigos activos para dibujar: 0
[EnemyRenderer] No hay enemigos para dibujar.
[Camera] Posición: {X:821,99976 Y:901,99976}, Zoom: 1
[EnemyManager] Enemigos activos: 0
[EnemyRenderer] Enemigos activos para dibujar: 0
[EnemyRenderer] No hay enemigos para dibujar.
[Camera] Posición: {X:821,99976 Y:901,99976}, Zoom: 1
[EnemyManager] Enemigos activos: 0
[EnemyRenderer] Enemigos activos para dibujar: 0
[EnemyRenderer] No hay enemigos para dibujar.
[Camera] Posición: {X:821,99976 Y:901,99976}, Zoom: 1
[EnemyManager] Enemigos activos: 0
[EnemyRenderer] Enemigos activos para dibujar: 0
[EnemyRenderer] No hay enemigos para dibujar.
[Camera] Posición: {X:821,99976 Y:901,99976}, Zoom: 1
[EnemyManager] Enemigos activos: 0
[EnemyRenderer] Enemigos activos para dibujar: 0
[EnemyRenderer] No hay enemigos para dibujar.
[Camera] Posición: {X:821,99976 Y:901,99976}, Zoom: 1
[EnemyManager] Enemigos activos: 0
[EnemyRenderer] Enemigos activos para dibujar: 0
[EnemyRenderer] No hay enemigos para dibujar.
[Camera] Posición: {X:821,99976 Y:901,99976}, Zoom: 1
[EnemyManager] Enemigos activos: 0
[EnemyRenderer] Enemigos activos para dibujar: 0
[EnemyRenderer] No hay enemigos para dibujar.
[Camera] Posición: {X:821,99976 Y:901,99976}, Zoom: 1
[EnemyManager] Enemigos activos: 0
[EnemyRenderer] Enemigos activos para dibujar: 0
[EnemyRenderer] No hay enemigos para dibujar.
[Camera] Posición: {X:821,99976 Y:901,99976}, Zoom: 1
[EnemyManager] Enemigos activos: 0
[EnemyRenderer] Enemigos activos para dibujar: 0
[EnemyRenderer] No hay enemigos para dibujar.
[Camera] Posición: {X:821,99976 Y:901,99976}, Zoom: 1
[EnemyManager] Enemigos activos: 0
[EnemyRenderer] Enemigos activos para dibujar: 0
[EnemyRenderer] No hay enemigos para dibujar.
[Camera] Posición: {X:821,99976 Y:901,99976}, Zoom: 1
[EnemyManager] Enemigos activos: 0
[EnemyRenderer] Enemigos activos para dibujar: 0
[EnemyRenderer] No hay enemigos para dibujar.
[Camera] Posición: {X:821,99976 Y:901,99976}, Zoom: 1
[EnemyManager] Enemigos activos: 0
[EnemyRenderer] Enemigos activos para dibujar: 0
[EnemyRenderer] No hay enemigos para dibujar.
[Camera] Posición: {X:821,99976 Y:901,99976}, Zoom: 1
[EnemyManager] Enemigos activos: 0
[EnemyRenderer] Enemigos activos para dibujar: 0
[EnemyRenderer] No hay enemigos para dibujar.
[Camera] Posición: {X:821,99976 Y:901,99976}, Zoom: 1
[EnemyManager] Enemigos activos: 0
[EnemyRenderer] Enemigos activos para dibujar: 0
[EnemyRenderer] No hay enemigos para dibujar.
[Camera] Posición: {X:821,99976 Y:901,99976}, Zoom: 1
[EnemyManager] Enemigos activos: 0
[EnemyRenderer] Enemigos activos para dibujar: 0
[EnemyRenderer] No hay enemigos para dibujar.
[Camera] Posición: {X:821,99976 Y:901,99976}, Zoom: 1
[EnemyManager] Enemigos activos: 0
[EnemyRenderer] Enemigos activos para dibujar: 0
[EnemyRenderer] No hay enemigos para dibujar.
[Camera] Posición: {X:821,99976 Y:901,99976}, Zoom: 1
[EnemyManager] Enemigos activos: 0
[EnemyRenderer] Enemigos activos para dibujar: 0
[EnemyRenderer] No hay enemigos para dibujar.
[Camera] Posición: {X:821,99976 Y:901,99976}, Zoom: 1
[EnemyManager] Enemigos activos: 0
[EnemyRenderer] Enemigos activos para dibujar: 0
[EnemyRenderer] No hay enemigos para dibujar.
[Camera] Posición: {X:821,99976 Y:901,99976}, Zoom: 1
[EnemyManager] Enemigos activos: 0
[EnemyRenderer] Enemigos activos para dibujar: 0
[EnemyRenderer] No hay enemigos para dibujar.
[Camera] Posición: {X:821,99976 Y:901,99976}, Zoom: 1
[EnemyManager] Enemigos activos: 0
[EnemyRenderer] Enemigos activos para dibujar: 0
[EnemyRenderer] No hay enemigos para dibujar.
[Camera] Posición: {X:821,99976 Y:901,99976}, Zoom: 1
[EnemyManager] Enemigos activos: 0
[EnemyRenderer] Enemigos activos para dibujar: 0
[EnemyRenderer] No hay enemigos para dibujar.
[Camera] Posición: {X:821,99976 Y:901,99976}, Zoom: 1
[EnemyManager] Enemigos activos: 0
[EnemyRenderer] Enemigos activos para dibujar: 0
[EnemyRenderer] No hay enemigos para dibujar.
[Camera] Posición: {X:821,99976 Y:901,99976}, Zoom: 1
[EnemyManager] Enemigos activos: 0
[EnemyRenderer] Enemigos activos para dibujar: 0
[EnemyRenderer] No hay enemigos para dibujar.
[Camera] Posición: {X:821,99976 Y:901,99976}, Zoom: 1
[EnemyManager] Enemigos activos: 0
[EnemyRenderer] Enemigos activos para dibujar: 0
[EnemyRenderer] No hay enemigos para dibujar.
[Camera] Posición: {X:821,99976 Y:901,99976}, Zoom: 1
[EnemyManager] Enemigos activos: 0
[EnemyRenderer] Enemigos activos para dibujar: 0
[EnemyRenderer] No hay enemigos para dibujar.
[Camera] Posición: {X:821,99976 Y:901,99976}, Zoom: 1
[EnemyManager] Enemigos activos: 0
[EnemyRenderer] Enemigos activos para dibujar: 0
[EnemyRenderer] No hay enemigos para dibujar.
[Camera] Posición: {X:821,99976 Y:901,99976}, Zoom: 1
[EnemyManager] Enemigos activos: 0
[EnemyRenderer] Enemigos activos para dibujar: 0
[EnemyRenderer] No hay enemigos para dibujar.
[Camera] Posición: {X:821,99976 Y:901,99976}, Zoom: 1
[EnemyManager] Enemigos activos: 0
[EnemyRenderer] Enemigos activos para dibujar: 0
[EnemyRenderer] No hay enemigos para dibujar.
[Camera] Posición: {X:821,99976 Y:901,99976}, Zoom: 1
[EnemyManager] Enemigos activos: 0
[EnemyRenderer] Enemigos activos para dibujar: 0
[EnemyRenderer] No hay enemigos para dibujar.
[Camera] Posición: {X:821,99976 Y:901,99976}, Zoom: 1
[EnemyManager] Enemigos activos: 0
[EnemyRenderer] Enemigos activos para dibujar: 0
[EnemyRenderer] No hay enemigos para dibujar.
[Camera] Posición: {X:821,99976 Y:901,99976}, Zoom: 1
[EnemyManager] Enemigos activos: 0
[EnemyRenderer] Enemigos activos para dibujar: 0
[EnemyRenderer] No hay enemigos para dibujar.
[Camera] Posición: {X:821,99976 Y:901,99976}, Zoom: 1
[EnemyManager] Enemigos activos: 0
[EnemyRenderer] Enemigos activos para dibujar: 0
[EnemyRenderer] No hay enemigos para dibujar.
[Camera] Posición: {X:821,99976 Y:901,99976}, Zoom: 1
[EnemyManager] Enemigos activos: 0
[EnemyRenderer] Enemigos activos para dibujar: 0
[EnemyRenderer] No hay enemigos para dibujar.
[Camera] Posición: {X:821,99976 Y:901,99976}, Zoom: 1
[EnemyManager] Enemigos activos: 0
[EnemyRenderer] Enemigos activos para dibujar: 0
[EnemyRenderer] No hay enemigos para dibujar.
[Camera] Posición: {X:821,99976 Y:901,99976}, Zoom: 1
[EnemyManager] Enemigos activos: 0
[EnemyRenderer] Enemigos activos para dibujar: 0
[EnemyRenderer] No hay enemigos para dibujar.
[Camera] Posición: {X:821,99976 Y:901,99976}, Zoom: 1
[EnemyManager] Enemigos activos: 0
[EnemyRenderer] Enemigos activos para dibujar: 0
[EnemyRenderer] No hay enemigos para dibujar.
[Camera] Posición: {X:821,99976 Y:901,99976}, Zoom: 1
[EnemyManager] Enemigos activos: 0
[EnemyRenderer] Enemigos activos para dibujar: 0
[EnemyRenderer] No hay enemigos para dibujar.
[Camera] Posición: {X:821,99976 Y:901,99976}, Zoom: 1
[EnemyManager] Enemigos activos: 0
[EnemyRenderer] Enemigos activos para dibujar: 0
[EnemyRenderer] No hay enemigos para dibujar.
[Camera] Posición: {X:821,99976 Y:901,99976}, Zoom: 1
[EnemyManager] Enemigos activos: 0
[EnemyRenderer] Enemigos activos para dibujar: 0
[EnemyRenderer] No hay enemigos para dibujar.
[Camera] Posición: {X:821,99976 Y:901,99976}, Zoom: 1
[EnemyManager] Enemigos activos: 0
[EnemyRenderer] Enemigos activos para dibujar: 0
[EnemyRenderer] No hay enemigos para dibujar.
[Camera] Posición: {X:821,99976 Y:901,99976}, Zoom: 1
[EnemyManager] Enemigos activos: 0
[EnemyRenderer] Enemigos activos para dibujar: 0
[EnemyRenderer] No hay enemigos para dibujar.
[Camera] Posición: {X:821,99976 Y:901,99976}, Zoom: 1
[EnemyManager] Enemigos activos: 0
[EnemyRenderer] Enemigos activos para dibujar: 0
[EnemyRenderer] No hay enemigos para dibujar.
[Camera] Posición: {X:821,99976 Y:901,99976}, Zoom: 1
[EnemyManager] Enemigos activos: 0
[EnemyRenderer] Enemigos activos para dibujar: 0
[EnemyRenderer] No hay enemigos para dibujar.
[Camera] Posición: {X:821,99976 Y:901,99976}, Zoom: 1
[EnemyManager] Enemigos activos: 0
[EnemyRenderer] Enemigos activos para dibujar: 0
[EnemyRenderer] No hay enemigos para dibujar.
[Camera] Posición: {X:821,99976 Y:901,99976}, Zoom: 1
[EnemyManager] Enemigos activos: 0
[EnemyRenderer] Enemigos activos para dibujar: 0
[EnemyRenderer] No hay enemigos para dibujar.
[Camera] Posición: {X:821,99976 Y:901,99976}, Zoom: 1
[EnemyManager] Enemigos activos: 0
[EnemyRenderer] Enemigos activos para dibujar: 0
[EnemyRenderer] No hay enemigos para dibujar.
[Camera] Posición: {X:821,99976 Y:901,99976}, Zoom: 1
[EnemyManager] Enemigos activos: 0
[EnemyRenderer] Enemigos activos para dibujar: 0
[EnemyRenderer] No hay enemigos para dibujar.
[Camera] Posición: {X:821,99976 Y:901,99976}, Zoom: 1
[EnemyManager] Enemigos activos: 0
[EnemyRenderer] Enemigos activos para dibujar: 0
[EnemyRenderer] No hay enemigos para dibujar.
[Camera] Posición: {X:821,99976 Y:901,99976}, Zoom: 1
[EnemyManager] Enemigos activos: 0
[EnemyRenderer] Enemigos activos para dibujar: 0
[EnemyRenderer] No hay enemigos para dibujar.
[Camera] Posición: {X:821,99976 Y:901,99976}, Zoom: 1
[EnemyManager] Enemigos activos: 0
[EnemyRenderer] Enemigos activos para dibujar: 0
[EnemyRenderer] No hay enemigos para dibujar.
[Camera] Posición: {X:821,99976 Y:901,99976}, Zoom: 1
[EnemyManager] Enemigos activos: 0
[EnemyRenderer] Enemigos activos para dibujar: 0
[EnemyRenderer] No hay enemigos para dibujar.
[Camera] Posición: {X:821,99976 Y:901,99976}, Zoom: 1
[EnemyManager] Enemigos activos: 0
[EnemyRenderer] Enemigos activos para dibujar: 0
[EnemyRenderer] No hay enemigos para dibujar.
[Camera] Posición: {X:821,99976 Y:901,99976}, Zoom: 1
[EnemyManager] Enemigos activos: 0
[EnemyRenderer] Enemigos activos para dibujar: 0
[EnemyRenderer] No hay enemigos para dibujar.
[Camera] Posición: {X:821,99976 Y:901,99976}, Zoom: 1
[EnemyManager] Enemigos activos: 0
[EnemyRenderer] Enemigos activos para dibujar: 0
[EnemyRenderer] No hay enemigos para dibujar.
[Camera] Posición: {X:821,99976 Y:901,99976}, Zoom: 1
[EnemyManager] Enemigos activos: 0
[EnemyRenderer] Enemigos activos para dibujar: 0
[EnemyRenderer] No hay enemigos para dibujar.
[Camera] Posición: {X:821,99976 Y:901,99976}, Zoom: 1
[EnemyManager] Enemigos activos: 0
[EnemyRenderer] Enemigos activos para dibujar: 0
[EnemyRenderer] No hay enemigos para dibujar.
[Camera] Posición: {X:821,99976 Y:901,99976}, Zoom: 1
[EnemyManager] Enemigos activos: 0
[EnemyRenderer] Enemigos activos para dibujar: 0
[EnemyRenderer] No hay enemigos para dibujar.
[Camera] Posición: {X:821,99976 Y:901,99976}, Zoom: 1
[EnemyManager] Enemigos activos: 0
[EnemyRenderer] Enemigos activos para dibujar: 0
[EnemyRenderer] No hay enemigos para dibujar.
[Camera] Posición: {X:821,99976 Y:901,99976}, Zoom: 1
[EnemyManager] Enemigos activos: 0
[EnemyRenderer] Enemigos activos para dibujar: 0
[EnemyRenderer] No hay enemigos para dibujar.
[Camera] Posición: {X:821,99976 Y:901,99976}, Zoom: 1
[EnemyManager] Enemigos activos: 0
[EnemyRenderer] Enemigos activos para dibujar: 0
[EnemyRenderer] No hay enemigos para dibujar.
[Camera] Posición: {X:821,99976 Y:901,99976}, Zoom: 1
[EnemyManager] Enemigos activos: 0
[EnemyRenderer] Enemigos activos para dibujar: 0
[EnemyRenderer] No hay enemigos para dibujar.
[Camera] Posición: {X:821,99976 Y:901,99976}, Zoom: 1
[EnemyManager] Enemigos activos: 0
[EnemyRenderer] Enemigos activos para dibujar: 0
[EnemyRenderer] No hay enemigos para dibujar.
[Camera] Posición: {X:821,99976 Y:901,99976}, Zoom: 1
[EnemyManager] Enemigos activos: 0
[EnemyRenderer] Enemigos activos para dibujar: 0
[EnemyRenderer] No hay enemigos para dibujar.
[Camera] Posición: {X:821,99976 Y:901,99976}, Zoom: 1
[EnemyManager] Enemigos activos: 0
[EnemyRenderer] Enemigos activos para dibujar: 0
[EnemyRenderer] No hay enemigos para dibujar.
[Camera] Posición: {X:821,99976 Y:901,99976}, Zoom: 1
[EnemyManager] Enemigos activos: 0
[EnemyRenderer] Enemigos activos para dibujar: 0
[EnemyRenderer] No hay enemigos para dibujar.
[Camera] Posición: {X:821,99976 Y:901,99976}, Zoom: 1
[EnemyManager] Enemigos activos: 0
[EnemyRenderer] Enemigos activos para dibujar: 0
[EnemyRenderer] No hay enemigos para dibujar.
[Camera] Posición: {X:821,99976 Y:901,99976}, Zoom: 1
[EnemyManager] Enemigos activos: 0
[EnemyRenderer] Enemigos activos para dibujar: 0
[EnemyRenderer] No hay enemigos para dibujar.
[Camera] Posición: {X:821,99976 Y:901,99976}, Zoom: 1
[EnemyManager] Enemigos activos: 0
[EnemyRenderer] Enemigos activos para dibujar: 0
[EnemyRenderer] No hay enemigos para dibujar.
[Camera] Posición: {X:821,99976 Y:901,99976}, Zoom: 1
[EnemyManager] Enemigos activos: 0
[EnemyRenderer] Enemigos activos para dibujar: 0
[EnemyRenderer] No hay enemigos para dibujar.
[Camera] Posición: {X:821,99976 Y:901,99976}, Zoom: 1
[EnemyManager] Enemigos activos: 0
[EnemyRenderer] Enemigos activos para dibujar: 0
[EnemyRenderer] No hay enemigos para dibujar.
[Camera] Posición: {X:821,99976 Y:901,99976}, Zoom: 1
[EnemyManager] Enemigos activos: 0
[EnemyRenderer] Enemigos activos para dibujar: 0
[EnemyRenderer] No hay enemigos para dibujar.
[Camera] Posición: {X:821,99976 Y:901,99976}, Zoom: 1
[EnemyManager] Enemigos activos: 0
[EnemyRenderer] Enemigos activos para dibujar: 0
[EnemyRenderer] No hay enemigos para dibujar.
[Camera] Posición: {X:821,99976 Y:901,99976}, Zoom: 1
[EnemyManager] Enemigos activos: 0
[EnemyRenderer] Enemigos activos para dibujar: 0
[EnemyRenderer] No hay enemigos para dibujar.
[Camera] Posición: {X:821,99976 Y:901,99976}, Zoom: 1
[EnemyManager] Enemigos activos: 0
[EnemyRenderer] Enemigos activos para dibujar: 0
[EnemyRenderer] No hay enemigos para dibujar.
[Camera] Posición: {X:821,99976 Y:901,99976}, Zoom: 1
[EnemyManager] Enemigos activos: 0
[EnemyRenderer] Enemigos activos para dibujar: 0
[EnemyRenderer] No hay enemigos para dibujar.
[Camera] Posición: {X:821,99976 Y:901,99976}, Zoom: 1
[EnemyManager] Enemigos activos: 0
[EnemyRenderer] Enemigos activos para dibujar: 0
[EnemyRenderer] No hay enemigos para dibujar.
[Camera] Posición: {X:821,99976 Y:901,99976}, Zoom: 1
[EnemyManager] Enemigos activos: 0
[EnemyRenderer] Enemigos activos para dibujar: 0
[EnemyRenderer] No hay enemigos para dibujar.
[Camera] Posición: {X:821,99976 Y:901,99976}, Zoom: 1
[EnemyManager] Enemigos activos: 0
[EnemyRenderer] Enemigos activos para dibujar: 0
[EnemyRenderer] No hay enemigos para dibujar.
[Camera] Posición: {X:821,99976 Y:901,99976}, Zoom: 1
[EnemyManager] Enemigos activos: 0
[EnemyRenderer] Enemigos activos para dibujar: 0
[EnemyRenderer] No hay enemigos para dibujar.
[Camera] Posición: {X:821,99976 Y:901,99976}, Zoom: 1
[EnemyManager] Enemigos activos: 0
[EnemyRenderer] Enemigos activos para dibujar: 0
[EnemyRenderer] No hay enemigos para dibujar.
[Camera] Posición: {X:821,99976 Y:901,99976}, Zoom: 1
[EnemyManager] Enemigos activos: 0
[EnemyRenderer] Enemigos activos para dibujar: 0
[EnemyRenderer] No hay enemigos para dibujar.
[Camera] Posición: {X:821,99976 Y:901,99976}, Zoom: 1
[EnemyManager] Enemigos activos: 0
[EnemyRenderer] Enemigos activos para dibujar: 0
[EnemyRenderer] No hay enemigos para dibujar.
[Camera] Posición: {X:821,99976 Y:901,99976}, Zoom: 1
[EnemyManager] Enemigos activos: 0
[EnemyRenderer] Enemigos activos para dibujar: 0
[EnemyRenderer] No hay enemigos para dibujar.
[Camera] Posición: {X:821,99976 Y:901,99976}, Zoom: 1
[EnemyManager] Enemigos activos: 0
[EnemyRenderer] Enemigos activos para dibujar: 0
[EnemyRenderer] No hay enemigos para dibujar.
[Camera] Posición: {X:821,99976 Y:901,99976}, Zoom: 1
[EnemyManager] Enemigos activos: 0
[EnemyRenderer] Enemigos activos para dibujar: 0
[EnemyRenderer] No hay enemigos para dibujar.
[Camera] Posición: {X:821,99976 Y:901,99976}, Zoom: 1
[EnemyManager] Enemigos activos: 0
[EnemyRenderer] Enemigos activos para dibujar: 0
[EnemyRenderer] No hay enemigos para dibujar.
[Camera] Posición: {X:821,99976 Y:901,99976}, Zoom: 1
[EnemyManager] Enemigos activos: 0
[EnemyRenderer] Enemigos activos para dibujar: 0
[EnemyRenderer] No hay enemigos para dibujar.
[Camera] Posición: {X:821,99976 Y:901,99976}, Zoom: 1
[EnemyManager] Enemigos activos: 0
[EnemyRenderer] Enemigos activos para dibujar: 0
[EnemyRenderer] No hay enemigos para dibujar.
[Camera] Posición: {X:821,99976 Y:901,99976}, Zoom: 1
[EnemyManager] Enemigos activos: 0
[EnemyRenderer] Enemigos activos para dibujar: 0
[EnemyRenderer] No hay enemigos para dibujar.
[Camera] Posición: {X:821,99976 Y:901,99976}, Zoom: 1
[EnemyManager] Enemigos activos: 0
[EnemyRenderer] Enemigos activos para dibujar: 0
[EnemyRenderer] No hay enemigos para dibujar.
[Camera] Posición: {X:821,99976 Y:901,99976}, Zoom: 1
[EnemyManager] Enemigos activos: 0
[EnemyRenderer] Enemigos activos para dibujar: 0
[EnemyRenderer] No hay enemigos para dibujar.
[Camera] Posición: {X:821,99976 Y:901,99976}, Zoom: 1
[EnemyManager] Enemigos activos: 0
[EnemyRenderer] Enemigos activos para dibujar: 0
[EnemyRenderer] No hay enemigos para dibujar.
[Camera] Posición: {X:821,99976 Y:901,99976}, Zoom: 1
[EnemyManager] Enemigos activos: 0
[EnemyRenderer] Enemigos activos para dibujar: 0
[EnemyRenderer] No hay enemigos para dibujar.
[Camera] Posición: {X:821,99976 Y:901,99976}, Zoom: 1
[EnemyManager] Enemigos activos: 0
[EnemyRenderer] Enemigos activos para dibujar: 0
[EnemyRenderer] No hay enemigos para dibujar.
[Camera] Posición: {X:821,99976 Y:901,99976}, Zoom: 1
[EnemyManager] Enemigos activos: 0
[EnemyRenderer] Enemigos activos para dibujar: 0
[EnemyRenderer] No hay enemigos para dibujar.
[Camera] Posición: {X:821,99976 Y:901,99976}, Zoom: 1
[EnemyManager] Enemigos activos: 0
[EnemyRenderer] Enemigos activos para dibujar: 0
[EnemyRenderer] No hay enemigos para dibujar.
[Camera] Posición: {X:821,99976 Y:901,99976}, Zoom: 1
[EnemyManager] Enemigos activos: 0
[EnemyRenderer] Enemigos activos para dibujar: 0
[EnemyRenderer] No hay enemigos para dibujar.
[Camera] Posición: {X:821,99976 Y:901,99976}, Zoom: 1
[EnemyManager] Enemigos activos: 0
[EnemyRenderer] Enemigos activos para dibujar: 0
[EnemyRenderer] No hay enemigos para dibujar.
[Camera] Posición: {X:821,99976 Y:901,99976}, Zoom: 1
[EnemyManager] Enemigos activos: 0
[EnemyRenderer] Enemigos activos para dibujar: 0
[EnemyRenderer] No hay enemigos para dibujar.
[Camera] Posición: {X:821,99976 Y:901,99976}, Zoom: 1
[EnemyManager] Enemigos activos: 0
[EnemyRenderer] Enemigos activos para dibujar: 0
[EnemyRenderer] No hay enemigos para dibujar.
[Camera] Posición: {X:821,99976 Y:901,99976}, Zoom: 1
[EnemyManager] Enemigos activos: 0
[EnemyRenderer] Enemigos activos para dibujar: 0
[EnemyRenderer] No hay enemigos para dibujar.
[Camera] Posición: {X:821,99976 Y:901,99976}, Zoom: 1
[EnemyManager] Enemigos activos: 0
[EnemyRenderer] Enemigos activos para dibujar: 0
[EnemyRenderer] No hay enemigos para dibujar.
[Camera] Posición: {X:821,99976 Y:901,99976}, Zoom: 1
[EnemyManager] Enemigos activos: 0
[EnemyRenderer] Enemigos activos para dibujar: 0
[EnemyRenderer] No hay enemigos para dibujar.
[Camera] Posición: {X:821,99976 Y:901,99976}, Zoom: 1
[EnemyManager] Enemigos activos: 0
[EnemyRenderer] Enemigos activos para dibujar: 0
[EnemyRenderer] No hay enemigos para dibujar.
[Camera] Posición: {X:821,99976 Y:901,99976}, Zoom: 1
[EnemyManager] Enemigos activos: 0
[EnemyRenderer] Enemigos activos para dibujar: 0
[EnemyRenderer] No hay enemigos para dibujar.
[Camera] Posición: {X:821,99976 Y:901,99976}, Zoom: 1
[EnemyManager] Enemigos activos: 0
[EnemyRenderer] Enemigos activos para dibujar: 0
[EnemyRenderer] No hay enemigos para dibujar.
[Camera] Posición: {X:821,99976 Y:901,99976}, Zoom: 1
[EnemyManager] Enemigos activos: 0
[EnemyRenderer] Enemigos activos para dibujar: 0
[EnemyRenderer] No hay enemigos para dibujar.
[Camera] Posición: {X:821,99976 Y:901,99976}, Zoom: 1
[EnemyManager] Enemigos activos: 0
[EnemyRenderer] Enemigos activos para dibujar: 0
[EnemyRenderer] No hay enemigos para dibujar.
[Camera] Posición: {X:821,99976 Y:901,99976}, Zoom: 1
[EnemyManager] Enemigos activos: 0
[EnemyRenderer] Enemigos activos para dibujar: 0
[EnemyRenderer] No hay enemigos para dibujar.
[Camera] Posición: {X:821,99976 Y:901,99976}, Zoom: 1
[EnemyManager] Enemigos activos: 0
[EnemyRenderer] Enemigos activos para dibujar: 0
[EnemyRenderer] No hay enemigos para dibujar.
[Camera] Posición: {X:821,99976 Y:901,99976}, Zoom: 1
[EnemyManager] Enemigos activos: 0
[EnemyRenderer] Enemigos activos para dibujar: 0
[EnemyRenderer] No hay enemigos para dibujar.
[Camera] Posición: {X:821,99976 Y:901,99976}, Zoom: 1
[EnemyManager] Enemigos activos: 0
[EnemyRenderer] Enemigos activos para dibujar: 0
[EnemyRenderer] No hay enemigos para dibujar.
[Camera] Posición: {X:821,99976 Y:901,99976}, Zoom: 1
[EnemyManager] Enemigos activos: 0
[EnemyRenderer] Enemigos activos para dibujar: 0
[EnemyRenderer] No hay enemigos para dibujar.
[Camera] Posición: {X:821,99976 Y:901,99976}, Zoom: 1
[EnemyManager] Enemigos activos: 0
[EnemyRenderer] Enemigos activos para dibujar: 0
[EnemyRenderer] No hay enemigos para dibujar.
[Camera] Posición: {X:821,99976 Y:901,99976}, Zoom: 1
[EnemyManager] Enemigos activos: 0
[EnemyRenderer] Enemigos activos para dibujar: 0
[EnemyRenderer] No hay enemigos para dibujar.
[Camera] Posición: {X:821,99976 Y:901,99976}, Zoom: 1
[EnemyManager] Enemigos activos: 0
[EnemyRenderer] Enemigos activos para dibujar: 0
[EnemyRenderer] No hay enemigos para dibujar.
[Camera] Posición: {X:821,99976 Y:901,99976}, Zoom: 1
[EnemyManager] Enemigos activos: 0
[EnemyRenderer] Enemigos activos para dibujar: 0
[EnemyRenderer] No hay enemigos para dibujar.
[Camera] Posición: {X:821,99976 Y:901,99976}, Zoom: 1
[EnemyManager] Enemigos activos: 0
[EnemyRenderer] Enemigos activos para dibujar: 0
[EnemyRenderer] No hay enemigos para dibujar.
[Camera] Posición: {X:821,99976 Y:901,99976}, Zoom: 1
[EnemyManager] Enemigos activos: 0
[EnemyRenderer] Enemigos activos para dibujar: 0
[EnemyRenderer] No hay enemigos para dibujar.
[Camera] Posición: {X:821,99976 Y:901,99976}, Zoom: 1
[EnemyManager] Enemigos activos: 0
[EnemyRenderer] Enemigos activos para dibujar: 0
[EnemyRenderer] No hay enemigos para dibujar.
[Camera] Posición: {X:821,99976 Y:901,99976}, Zoom: 1
[EnemyManager] Enemigos activos: 0
[EnemyRenderer] Enemigos activos para dibujar: 0
[EnemyRenderer] No hay enemigos para dibujar.
[Camera] Posición: {X:821,99976 Y:901,99976}, Zoom: 1
[EnemyManager] Enemigos activos: 0
[EnemyRenderer] Enemigos activos para dibujar: 0
[EnemyRenderer] No hay enemigos para dibujar.
[Camera] Posición: {X:821,99976 Y:901,99976}, Zoom: 1
[EnemyManager] Enemigos activos: 0
[EnemyRenderer] Enemigos activos para dibujar: 0
[EnemyRenderer] No hay enemigos para dibujar.
[Camera] Posición: {X:821,99976 Y:901,99976}, Zoom: 1
[EnemyManager] Enemigos activos: 0
[EnemyRenderer] Enemigos activos para dibujar: 0
[EnemyRenderer] No hay enemigos para dibujar.
[Camera] Posición: {X:821,99976 Y:901,99976}, Zoom: 1
[EnemyManager] Enemigos activos: 0
[EnemyRenderer] Enemigos activos para dibujar: 0
[EnemyRenderer] No hay enemigos para dibujar.
[Camera] Posición: {X:821,99976 Y:901,99976}, Zoom: 1
[EnemyManager] Enemigos activos: 0
[EnemyRenderer] Enemigos activos para dibujar: 0
[EnemyRenderer] No hay enemigos para dibujar.
[Camera] Posición: {X:821,99976 Y:901,99976}, Zoom: 1
[EnemyManager] Enemigos activos: 0
[EnemyRenderer] Enemigos activos para dibujar: 0
[EnemyRenderer] No hay enemigos para dibujar.
[Camera] Posición: {X:821,99976 Y:901,99976}, Zoom: 1
[EnemyManager] Enemigos activos: 0
[EnemyRenderer] Enemigos activos para dibujar: 0
[EnemyRenderer] No hay enemigos para dibujar.
[Camera] Posición: {X:821,99976 Y:901,99976}, Zoom: 1
[EnemyManager] Enemigos activos: 0
[EnemyRenderer] Enemigos activos para dibujar: 0
[EnemyRenderer] No hay enemigos para dibujar.
[Camera] Posición: {X:821,99976 Y:901,99976}, Zoom: 1
[EnemyManager] Enemigos activos: 0
[EnemyRenderer] Enemigos activos para dibujar: 0
[EnemyRenderer] No hay enemigos para dibujar.
[Camera] Posición: {X:821,99976 Y:901,99976}, Zoom: 1
[EnemyManager] Enemigos activos: 0
[EnemyRenderer] Enemigos activos para dibujar: 0
[EnemyRenderer] No hay enemigos para dibujar.
[Camera] Posición: {X:821,99976 Y:901,99976}, Zoom: 1
[EnemyManager] Enemigos activos: 0
[EnemyRenderer] Enemigos activos para dibujar: 0
[EnemyRenderer] No hay enemigos para dibujar.
[Camera] Posición: {X:821,99976 Y:901,99976}, Zoom: 1
[EnemyManager] Enemigos activos: 0
[EnemyRenderer] Enemigos activos para dibujar: 0
[EnemyRenderer] No hay enemigos para dibujar.
[Camera] Posición: {X:821,99976 Y:901,99976}, Zoom: 1
[EnemyManager] Enemigos activos: 0
[EnemyRenderer] Enemigos activos para dibujar: 0
[EnemyRenderer] No hay enemigos para dibujar.
[Camera] Posición: {X:821,99976 Y:901,99976}, Zoom: 1
[EnemyManager] Enemigos activos: 0
[EnemyRenderer] Enemigos activos para dibujar: 0
[EnemyRenderer] No hay enemigos para dibujar.
[Camera] Posición: {X:821,99976 Y:901,99976}, Zoom: 1
[EnemyManager] Enemigos activos: 0
[EnemyRenderer] Enemigos activos para dibujar: 0
[EnemyRenderer] No hay enemigos para dibujar.
[Camera] Posición: {X:821,99976 Y:901,99976}, Zoom: 1
[EnemyManager] Enemigos activos: 0
[EnemyRenderer] Enemigos activos para dibujar: 0
[EnemyRenderer] No hay enemigos para dibujar.
[Camera] Posición: {X:821,99976 Y:901,99976}, Zoom: 1
[EnemyManager] Enemigos activos: 0
[EnemyRenderer] Enemigos activos para dibujar: 0
[EnemyRenderer] No hay enemigos para dibujar.
[Camera] Posición: {X:821,99976 Y:901,99976}, Zoom: 1
[EnemyManager] Enemigos activos: 0
[EnemyRenderer] Enemigos activos para dibujar: 0
[EnemyRenderer] No hay enemigos para dibujar.
[Camera] Posición: {X:821,99976 Y:901,99976}, Zoom: 1
[EnemyManager] Enemigos activos: 0
[EnemyRenderer] Enemigos activos para dibujar: 0
[EnemyRenderer] No hay enemigos para dibujar.
[Camera] Posición: {X:821,99976 Y:901,99976}, Zoom: 1
[EnemyManager] Enemigos activos: 0
[EnemyRenderer] Enemigos activos para dibujar: 0
[EnemyRenderer] No hay enemigos para dibujar.
[Camera] Posición: {X:821,99976 Y:901,99976}, Zoom: 1
[EnemyManager] Enemigos activos: 0
[EnemyRenderer] Enemigos activos para dibujar: 0
[EnemyRenderer] No hay enemigos para dibujar.
[Camera] Posición: {X:821,99976 Y:901,99976}, Zoom: 1
[EnemyManager] Enemigos activos: 0
[EnemyRenderer] Enemigos activos para dibujar: 0
[EnemyRenderer] No hay enemigos para dibujar.
[Camera] Posición: {X:821,99976 Y:901,99976}, Zoom: 1
[EnemyManager] Enemigos activos: 0
[EnemyRenderer] Enemigos activos para dibujar: 0
[EnemyRenderer] No hay enemigos para dibujar.
[Camera] Posición: {X:821,99976 Y:901,99976}, Zoom: 1
[EnemyManager] Enemigos activos: 0
[EnemyRenderer] Enemigos activos para dibujar: 0
[EnemyRenderer] No hay enemigos para dibujar.
[Camera] Posición: {X:821,99976 Y:901,99976}, Zoom: 1
[EnemyManager] Enemigos activos: 0
[EnemyRenderer] Enemigos activos para dibujar: 0
[EnemyRenderer] No hay enemigos para dibujar.
[Camera] Posición: {X:821,99976 Y:901,99976}, Zoom: 1
[EnemyManager] Enemigos activos: 0
[EnemyRenderer] Enemigos activos para dibujar: 0
[EnemyRenderer] No hay enemigos para dibujar.
[Camera] Posición: {X:821,99976 Y:901,99976}, Zoom: 1
[EnemyManager] Enemigos activos: 0
[EnemyRenderer] Enemigos activos para dibujar: 0
[EnemyRenderer] No hay enemigos para dibujar.
[Camera] Posición: {X:821,99976 Y:901,99976}, Zoom: 1
[EnemyManager] Enemigos activos: 0
[EnemyRenderer] Enemigos activos para dibujar: 0
[EnemyRenderer] No hay enemigos para dibujar.
[Camera] Posición: {X:821,99976 Y:901,99976}, Zoom: 1
[EnemyManager] Enemigos activos: 0
[EnemyRenderer] Enemigos activos para dibujar: 0
[EnemyRenderer] No hay enemigos para dibujar.
[Camera] Posición: {X:821,99976 Y:901,99976}, Zoom: 1
[EnemyManager] Enemigos activos: 0
[EnemyRenderer] Enemigos activos para dibujar: 0
[EnemyRenderer] No hay enemigos para dibujar.
[Camera] Posición: {X:821,99976 Y:901,99976}, Zoom: 1
[EnemyManager] Enemigos activos: 0
[EnemyRenderer] Enemigos activos para dibujar: 0
[EnemyRenderer] No hay enemigos para dibujar.
[Camera] Posición: {X:821,99976 Y:901,99976}, Zoom: 1
[EnemyManager] Enemigos activos: 0
[EnemyRenderer] Enemigos activos para dibujar: 0
[EnemyRenderer] No hay enemigos para dibujar.
[Camera] Posición: {X:821,99976 Y:901,99976}, Zoom: 1
[EnemyManager] Enemigos activos: 0
[EnemyRenderer] Enemigos activos para dibujar: 0
[EnemyRenderer] No hay enemigos para dibujar.
[Camera] Posición: {X:821,99976 Y:901,99976}, Zoom: 1
[EnemyManager] Enemigos activos: 0
[EnemyRenderer] Enemigos activos para dibujar: 0
[EnemyRenderer] No hay enemigos para dibujar.
[Camera] Posición: {X:821,99976 Y:901,99976}, Zoom: 1
[EnemyManager] Enemigos activos: 0
[EnemyRenderer] Enemigos activos para dibujar: 0
[EnemyRenderer] No hay enemigos para dibujar.
[Camera] Posición: {X:821,99976 Y:901,99976}, Zoom: 1
[EnemyManager] Enemigos activos: 0
[EnemyRenderer] Enemigos activos para dibujar: 0
[EnemyRenderer] No hay enemigos para dibujar.
[Camera] Posición: {X:821,99976 Y:901,99976}, Zoom: 1
[EnemyManager] Enemigos activos: 0
[EnemyRenderer] Enemigos activos para dibujar: 0
[EnemyRenderer] No hay enemigos para dibujar.
[Camera] Posición: {X:821,99976 Y:901,99976}, Zoom: 1
[EnemyManager] Enemigos activos: 0
[EnemyRenderer] Enemigos activos para dibujar: 0
[EnemyRenderer] No hay enemigos para dibujar.
[Camera] Posición: {X:821,99976 Y:901,99976}, Zoom: 1
[EnemyManager] Enemigos activos: 0
[EnemyRenderer] Enemigos activos para dibujar: 0
[EnemyRenderer] No hay enemigos para dibujar.
[Camera] Posición: {X:821,99976 Y:901,99976}, Zoom: 1
[EnemyManager] Enemigos activos: 0
[EnemyRenderer] Enemigos activos para dibujar: 0
[EnemyRenderer] No hay enemigos para dibujar.
[Camera] Posición: {X:821,99976 Y:901,99976}, Zoom: 1
[EnemyManager] Enemigos activos: 0
[EnemyRenderer] Enemigos activos para dibujar: 0
[EnemyRenderer] No hay enemigos para dibujar.
[Camera] Posición: {X:821,99976 Y:901,99976}, Zoom: 1
[EnemyManager] Enemigos activos: 0
[EnemyRenderer] Enemigos activos para dibujar: 0
[EnemyRenderer] No hay enemigos para dibujar.
[Camera] Posición: {X:821,99976 Y:901,99976}, Zoom: 1
[EnemyManager] Enemigos activos: 0
[EnemyRenderer] Enemigos activos para dibujar: 0
[EnemyRenderer] No hay enemigos para dibujar.
[Camera] Posición: {X:821,99976 Y:901,99976}, Zoom: 1
[EnemyManager] Enemigos activos: 0
[EnemyRenderer] Enemigos activos para dibujar: 0
[EnemyRenderer] No hay enemigos para dibujar.
[Camera] Posición: {X:821,99976 Y:901,99976}, Zoom: 1
[EnemyManager] Enemigos activos: 0
[EnemyRenderer] Enemigos activos para dibujar: 0
[EnemyRenderer] No hay enemigos para dibujar.
[Camera] Posición: {X:821,99976 Y:901,99976}, Zoom: 1
[EnemyManager] Enemigos activos: 0
[EnemyRenderer] Enemigos activos para dibujar: 0
[EnemyRenderer] No hay enemigos para dibujar.
[Camera] Posición: {X:821,99976 Y:901,99976}, Zoom: 1
[EnemyManager] Enemigos activos: 0
[EnemyRenderer] Enemigos activos para dibujar: 0
[EnemyRenderer] No hay enemigos para dibujar.
[Camera] Posición: {X:821,99976 Y:901,99976}, Zoom: 1
[EnemyManager] Enemigos activos: 0
[EnemyRenderer] Enemigos activos para dibujar: 0
[EnemyRenderer] No hay enemigos para dibujar.
[Camera] Posición: {X:821,99976 Y:901,99976}, Zoom: 1
[EnemyManager] Enemigos activos: 0
[EnemyRenderer] Enemigos activos para dibujar: 0
[EnemyRenderer] No hay enemigos para dibujar.
[Camera] Posición: {X:821,99976 Y:901,99976}, Zoom: 1
[EnemyManager] Enemigos activos: 0
[EnemyRenderer] Enemigos activos para dibujar: 0
[EnemyRenderer] No hay enemigos para dibujar.
[Camera] Posición: {X:821,99976 Y:901,99976}, Zoom: 1
[EnemyManager] Enemigos activos: 0
[EnemyRenderer] Enemigos activos para dibujar: 0
[EnemyRenderer] No hay enemigos para dibujar.
[Camera] Posición: {X:821,99976 Y:901,99976}, Zoom: 1
[EnemyManager] Enemigos activos: 0
[EnemyRenderer] Enemigos activos para dibujar: 0
[EnemyRenderer] No hay enemigos para dibujar.
[Camera] Posición: {X:821,99976 Y:901,99976}, Zoom: 1
[EnemyManager] Enemigos activos: 0
[EnemyRenderer] Enemigos activos para dibujar: 0
[EnemyRenderer] No hay enemigos para dibujar.
[Camera] Posición: {X:821,99976 Y:901,99976}, Zoom: 1
[EnemyManager] Enemigos activos: 0
[EnemyRenderer] Enemigos activos para dibujar: 0
[EnemyRenderer] No hay enemigos para dibujar.
[Camera] Posición: {X:821,99976 Y:901,99976}, Zoom: 1
[EnemyManager] Enemigos activos: 0
[EnemyRenderer] Enemigos activos para dibujar: 0
[EnemyRenderer] No hay enemigos para dibujar.
[Camera] Posición: {X:821,99976 Y:901,99976}, Zoom: 1
[EnemyManager] Enemigos activos: 0
[EnemyRenderer] Enemigos activos para dibujar: 0
[EnemyRenderer] No hay enemigos para dibujar.
[Camera] Posición: {X:821,99976 Y:901,99976}, Zoom: 1
[EnemyManager] Enemigos activos: 0
[EnemyRenderer] Enemigos activos para dibujar: 0
[EnemyRenderer] No hay enemigos para dibujar.
[Camera] Posición: {X:821,99976 Y:901,99976}, Zoom: 1
[EnemyManager] Enemigos activos: 0
[EnemyRenderer] Enemigos activos para dibujar: 0
[EnemyRenderer] No hay enemigos para dibujar.
[Camera] Posición: {X:821,99976 Y:901,99976}, Zoom: 1
[EnemyManager] Enemigos activos: 0
[EnemyRenderer] Enemigos activos para dibujar: 0
[EnemyRenderer] No hay enemigos para dibujar.
[Camera] Posición: {X:821,99976 Y:901,99976}, Zoom: 1
[EnemyManager] Enemigos activos: 0
[EnemyRenderer] Enemigos activos para dibujar: 0
[EnemyRenderer] No hay enemigos para dibujar.
[Camera] Posición: {X:821,99976 Y:901,99976}, Zoom: 1
[EnemyManager] Enemigos activos: 0
[EnemyRenderer] Enemigos activos para dibujar: 0
[EnemyRenderer] No hay enemigos para dibujar.
[Camera] Posición: {X:821,99976 Y:901,99976}, Zoom: 1
[EnemyManager] Enemigos activos: 0
[EnemyRenderer] Enemigos activos para dibujar: 0
[EnemyRenderer] No hay enemigos para dibujar.
[Camera] Posición: {X:821,99976 Y:901,99976}, Zoom: 1
[EnemyManager] Enemigos activos: 0
[EnemyRenderer] Enemigos activos para dibujar: 0
[EnemyRenderer] No hay enemigos para dibujar.
[Camera] Posición: {X:821,99976 Y:901,99976}, Zoom: 1
[EnemyManager] Enemigos activos: 0
[EnemyRenderer] Enemigos activos para dibujar: 0
[EnemyRenderer] No hay enemigos para dibujar.
[Camera] Posición: {X:821,99976 Y:901,99976}, Zoom: 1
[EnemyManager] Enemigos activos: 0
[EnemyRenderer] Enemigos activos para dibujar: 0
[EnemyRenderer] No hay enemigos para dibujar.
[Camera] Posición: {X:821,99976 Y:901,99976}, Zoom: 1
[EnemyManager] Enemigos activos: 0
[EnemyRenderer] Enemigos activos para dibujar: 0
[EnemyRenderer] No hay enemigos para dibujar.
[Camera] Posición: {X:821,99976 Y:901,99976}, Zoom: 1
[EnemyManager] Enemigos activos: 0
[EnemyRenderer] Enemigos activos para dibujar: 0
[EnemyRenderer] No hay enemigos para dibujar.
[Camera] Posición: {X:821,99976 Y:901,99976}, Zoom: 1
[EnemyManager] Enemigos activos: 0
[EnemyRenderer] Enemigos activos para dibujar: 0
[EnemyRenderer] No hay enemigos para dibujar.
[Camera] Posición: {X:821,99976 Y:901,99976}, Zoom: 1
[EnemyManager] Enemigos activos: 0
[EnemyRenderer] Enemigos activos para dibujar: 0
[EnemyRenderer] No hay enemigos para dibujar.
[Camera] Posición: {X:821,99976 Y:901,99976}, Zoom: 1
[EnemyManager] Enemigos activos: 0
[EnemyRenderer] Enemigos activos para dibujar: 0
[EnemyRenderer] No hay enemigos para dibujar.
[Camera] Posición: {X:821,99976 Y:901,99976}, Zoom: 1
[EnemyManager] Enemigos activos: 0
[EnemyRenderer] Enemigos activos para dibujar: 0
[EnemyRenderer] No hay enemigos para dibujar.
[Camera] Posición: {X:821,99976 Y:901,99976}, Zoom: 1
[EnemyManager] Enemigos activos: 0
[EnemyRenderer] Enemigos activos para dibujar: 0
[EnemyRenderer] No hay enemigos para dibujar.
[Camera] Posición: {X:821,99976 Y:901,99976}, Zoom: 1
[EnemyManager] Enemigos activos: 0
[EnemyRenderer] Enemigos activos para dibujar: 0
[EnemyRenderer] No hay enemigos para dibujar.
[Camera] Posición: {X:821,99976 Y:901,99976}, Zoom: 1
[EnemyManager] Enemigos activos: 0
[EnemyRenderer] Enemigos activos para dibujar: 0
[EnemyRenderer] No hay enemigos para dibujar.
[Camera] Posición: {X:821,99976 Y:901,99976}, Zoom: 1
[EnemyManager] Enemigos activos: 0
[EnemyRenderer] Enemigos activos para dibujar: 0
[EnemyRenderer] No hay enemigos para dibujar.
[Camera] Posición: {X:821,99976 Y:901,99976}, Zoom: 1
[EnemyManager] Enemigos activos: 0
[EnemyRenderer] Enemigos activos para dibujar: 0
[EnemyRenderer] No hay enemigos para dibujar.
[Camera] Posición: {X:821,99976 Y:901,99976}, Zoom: 1
[EnemyManager] Enemigos activos: 0
[EnemyRenderer] Enemigos activos para dibujar: 0
[EnemyRenderer] No hay enemigos para dibujar.
[Camera] Posición: {X:821,99976 Y:901,99976}, Zoom: 1
[EnemyManager] Enemigos activos: 0
[EnemyRenderer] Enemigos activos para dibujar: 0
[EnemyRenderer] No hay enemigos para dibujar.
[Camera] Posición: {X:821,99976 Y:901,99976}, Zoom: 1
[EnemyManager] Enemigos activos: 0
[EnemyRenderer] Enemigos activos para dibujar: 0
[EnemyRenderer] No hay enemigos para dibujar.
[Camera] Posición: {X:821,99976 Y:901,99976}, Zoom: 1
[EnemyManager] Enemigos activos: 0
[EnemyRenderer] Enemigos activos para dibujar: 0
[EnemyRenderer] No hay enemigos para dibujar.
[Camera] Posición: {X:821,99976 Y:901,99976}, Zoom: 1
[EnemyManager] Enemigos activos: 0
[EnemyRenderer] Enemigos activos para dibujar: 0
[EnemyRenderer] No hay enemigos para dibujar.
[Camera] Posición: {X:821,99976 Y:901,99976}, Zoom: 1
[EnemyManager] Enemigos activos: 0
[EnemyRenderer] Enemigos activos para dibujar: 0
[EnemyRenderer] No hay enemigos para dibujar.
[Camera] Posición: {X:821,99976 Y:901,99976}, Zoom: 1
[EnemyManager] Enemigos activos: 0
[EnemyRenderer] Enemigos activos para dibujar: 0
[EnemyRenderer] No hay enemigos para dibujar.
[Camera] Posición: {X:821,99976 Y:901,99976}, Zoom: 1
[EnemyManager] Enemigos activos: 0
[EnemyRenderer] Enemigos activos para dibujar: 0
[EnemyRenderer] No hay enemigos para dibujar.
[Camera] Posición: {X:821,99976 Y:901,99976}, Zoom: 1
[EnemyManager] Enemigos activos: 0
[EnemyRenderer] Enemigos activos para dibujar: 0
[EnemyRenderer] No hay enemigos para dibujar.
[Camera] Posición: {X:821,99976 Y:901,99976}, Zoom: 1
[EnemyManager] Enemigos activos: 0
[EnemyRenderer] Enemigos activos para dibujar: 0
[EnemyRenderer] No hay enemigos para dibujar.
[Camera] Posición: {X:821,99976 Y:901,99976}, Zoom: 1
[EnemyManager] Enemigos activos: 0
[EnemyRenderer] Enemigos activos para dibujar: 0
[EnemyRenderer] No hay enemigos para dibujar.
[Camera] Posición: {X:821,99976 Y:901,99976}, Zoom: 1
[EnemyManager] Enemigos activos: 0
[EnemyRenderer] Enemigos activos para dibujar: 0
[EnemyRenderer] No hay enemigos para dibujar.
[Camera] Posición: {X:821,99976 Y:901,99976}, Zoom: 1
[EnemyManager] Enemigos activos: 0
[EnemyRenderer] Enemigos activos para dibujar: 0
[EnemyRenderer] No hay enemigos para dibujar.
[Camera] Posición: {X:821,99976 Y:901,99976}, Zoom: 1
[EnemyManager] Enemigos activos: 0
[EnemyRenderer] Enemigos activos para dibujar: 0
[EnemyRenderer] No hay enemigos para dibujar.
[Camera] Posición: {X:821,99976 Y:901,99976}, Zoom: 1
[EnemyManager] Enemigos activos: 0
[EnemyRenderer] Enemigos activos para dibujar: 0
[EnemyRenderer] No hay enemigos para dibujar.
[Camera] Posición: {X:821,99976 Y:901,99976}, Zoom: 1
[EnemyManager] Enemigos activos: 0
[EnemyRenderer] Enemigos activos para dibujar: 0
[EnemyRenderer] No hay enemigos para dibujar.
[Camera] Posición: {X:821,99976 Y:901,99976}, Zoom: 1
[EnemyManager] Enemigos activos: 0
[EnemyRenderer] Enemigos activos para dibujar: 0
[EnemyRenderer] No hay enemigos para dibujar.
[Camera] Posición: {X:821,99976 Y:901,99976}, Zoom: 1
[EnemyManager] Enemigos activos: 0
[EnemyRenderer] Enemigos activos para dibujar: 0
[EnemyRenderer] No hay enemigos para dibujar.
[Camera] Posición: {X:821,99976 Y:901,99976}, Zoom: 1
[EnemyManager] Enemigos activos: 0
[EnemyRenderer] Enemigos activos para dibujar: 0
[EnemyRenderer] No hay enemigos para dibujar.
[Camera] Posición: {X:821,99976 Y:901,99976}, Zoom: 1
[EnemyManager] Enemigos activos: 0
[EnemyRenderer] Enemigos activos para dibujar: 0
[EnemyRenderer] No hay enemigos para dibujar.
[Camera] Posición: {X:821,99976 Y:901,99976}, Zoom: 1
[EnemyManager] Enemigos activos: 0
[EnemyRenderer] Enemigos activos para dibujar: 0
[EnemyRenderer] No hay enemigos para dibujar.
[Camera] Posición: {X:821,99976 Y:901,99976}, Zoom: 1
[EnemyManager] Enemigos activos: 0
[EnemyRenderer] Enemigos activos para dibujar: 0
[EnemyRenderer] No hay enemigos para dibujar.
[Camera] Posición: {X:821,99976 Y:901,99976}, Zoom: 1
[EnemyManager] Enemigos activos: 0
[EnemyRenderer] Enemigos activos para dibujar: 0
[EnemyRenderer] No hay enemigos para dibujar.
[Camera] Posición: {X:821,99976 Y:901,99976}, Zoom: 1
[EnemyManager] Enemigos activos: 0
[EnemyRenderer] Enemigos activos para dibujar: 0
[EnemyRenderer] No hay enemigos para dibujar.
[Camera] Posición: {X:821,99976 Y:901,99976}, Zoom: 1
[EnemyManager] Enemigos activos: 0
[EnemyRenderer] Enemigos activos para dibujar: 0
[EnemyRenderer] No hay enemigos para dibujar.
[Camera] Posición: {X:821,99976 Y:901,99976}, Zoom: 1
[EnemyManager] Enemigos activos: 0
[EnemyRenderer] Enemigos activos para dibujar: 0
[EnemyRenderer] No hay enemigos para dibujar.
[Camera] Posición: {X:821,99976 Y:901,99976}, Zoom: 1
[EnemyManager] Enemigos activos: 0
[EnemyRenderer] Enemigos activos para dibujar: 0
[EnemyRenderer] No hay enemigos para dibujar.
[Camera] Posición: {X:821,99976 Y:901,99976}, Zoom: 1
[EnemyManager] Enemigos activos: 0
[EnemyRenderer] Enemigos activos para dibujar: 0
[EnemyRenderer] No hay enemigos para dibujar.
[Camera] Posición: {X:821,99976 Y:901,99976}, Zoom: 1
[EnemyManager] Enemigos activos: 0
[EnemyRenderer] Enemigos activos para dibujar: 0
[EnemyRenderer] No hay enemigos para dibujar.
[Camera] Posición: {X:821,99976 Y:901,99976}, Zoom: 1
[EnemyManager] Enemigos activos: 0
[EnemyRenderer] Enemigos activos para dibujar: 0
[EnemyRenderer] No hay enemigos para dibujar.
[Camera] Posición: {X:821,99976 Y:901,99976}, Zoom: 1
[EnemyManager] Enemigos activos: 0
[EnemyRenderer] Enemigos activos para dibujar: 0
[EnemyRenderer] No hay enemigos para dibujar.
[Camera] Posición: {X:821,99976 Y:901,99976}, Zoom: 1
[EnemyManager] Enemigos activos: 0
[EnemyRenderer] Enemigos activos para dibujar: 0
[EnemyRenderer] No hay enemigos para dibujar.
[Camera] Posición: {X:821,99976 Y:901,99976}, Zoom: 1
[EnemyManager] Enemigos activos: 0
[EnemyRenderer] Enemigos activos para dibujar: 0
[EnemyRenderer] No hay enemigos para dibujar.
[Camera] Posición: {X:821,99976 Y:901,99976}, Zoom: 1
[EnemyManager] Enemigos activos: 0
[EnemyRenderer] Enemigos activos para dibujar: 0
[EnemyRenderer] No hay enemigos para dibujar.
[Camera] Posición: {X:821,99976 Y:901,99976}, Zoom: 1
[EnemyManager] Enemigos activos: 0
[EnemyRenderer] Enemigos activos para dibujar: 0
[EnemyRenderer] No hay enemigos para dibujar.
[Camera] Posición: {X:821,99976 Y:901,99976}, Zoom: 1
[EnemyManager] Enemigos activos: 0
[EnemyRenderer] Enemigos activos para dibujar: 0
[EnemyRenderer] No hay enemigos para dibujar.
[Camera] Posición: {X:821,99976 Y:901,99976}, Zoom: 1
[EnemyManager] Enemigos activos: 0
[EnemyRenderer] Enemigos activos para dibujar: 0
[EnemyRenderer] No hay enemigos para dibujar.
[Camera] Posición: {X:821,99976 Y:901,99976}, Zoom: 1
[EnemyManager] Enemigos activos: 0
[EnemyRenderer] Enemigos activos para dibujar: 0
[EnemyRenderer] No hay enemigos para dibujar.
[Camera] Posición: {X:821,99976 Y:901,99976}, Zoom: 1
[EnemyManager] Enemigos activos: 0
[EnemyRenderer] Enemigos activos para dibujar: 0
[EnemyRenderer] No hay enemigos para dibujar.
[Camera] Posición: {X:821,99976 Y:901,99976}, Zoom: 1
[EnemyManager] Enemigos activos: 0
[EnemyRenderer] Enemigos activos para dibujar: 0
[EnemyRenderer] No hay enemigos para dibujar.
[Camera] Posición: {X:821,99976 Y:901,99976}, Zoom: 1
[EnemyManager] Enemigos activos: 0
[EnemyRenderer] Enemigos activos para dibujar: 0
[EnemyRenderer] No hay enemigos para dibujar.
[Camera] Posición: {X:821,99976 Y:901,99976}, Zoom: 1
[EnemyManager] Enemigos activos: 0
[EnemyRenderer] Enemigos activos para dibujar: 0
[EnemyRenderer] No hay enemigos para dibujar.
[Camera] Posición: {X:821,99976 Y:901,99976}, Zoom: 1
[EnemyManager] Enemigos activos: 0
[EnemyRenderer] Enemigos activos para dibujar: 0
[EnemyRenderer] No hay enemigos para dibujar.
[Camera] Posición: {X:821,99976 Y:901,99976}, Zoom: 1
[EnemyManager] Enemigos activos: 0
[EnemyRenderer] Enemigos activos para dibujar: 0
[EnemyRenderer] No hay enemigos para dibujar.
[Camera] Posición: {X:821,99976 Y:901,99976}, Zoom: 1
[EnemyManager] Enemigos activos: 0
[EnemyRenderer] Enemigos activos para dibujar: 0
[EnemyRenderer] No hay enemigos para dibujar.
[Camera] Posición: {X:821,99976 Y:901,99976}, Zoom: 1
[EnemyManager] Enemigos activos: 0
[EnemyRenderer] Enemigos activos para dibujar: 0
[EnemyRenderer] No hay enemigos para dibujar.
[Camera] Posición: {X:821,99976 Y:901,99976}, Zoom: 1
[EnemyManager] Enemigos activos: 0
[EnemyRenderer] Enemigos activos para dibujar: 0
[EnemyRenderer] No hay enemigos para dibujar.
[Camera] Posición: {X:821,99976 Y:901,99976}, Zoom: 1
[EnemyManager] Enemigos activos: 0
[EnemyRenderer] Enemigos activos para dibujar: 0
[EnemyRenderer] No hay enemigos para dibujar.
[Camera] Posición: {X:821,99976 Y:901,99976}, Zoom: 1
[EnemyManager] Enemigos activos: 0
[EnemyRenderer] Enemigos activos para dibujar: 0
[EnemyRenderer] No hay enemigos para dibujar.
[Camera] Posición: {X:821,99976 Y:901,99976}, Zoom: 1
[EnemyManager] Enemigos activos: 0
[EnemyRenderer] Enemigos activos para dibujar: 0
[EnemyRenderer] No hay enemigos para dibujar.
[Camera] Posición: {X:821,99976 Y:901,99976}, Zoom: 1
[EnemyManager] Enemigos activos: 0
[EnemyRenderer] Enemigos activos para dibujar: 0
[EnemyRenderer] No hay enemigos para dibujar.
[Camera] Posición: {X:821,99976 Y:901,99976}, Zoom: 1
[EnemyManager] Enemigos activos: 0
[EnemyRenderer] Enemigos activos para dibujar: 0
[EnemyRenderer] No hay enemigos para dibujar.
[Camera] Posición: {X:821,99976 Y:901,99976}, Zoom: 1
[EnemyManager] Enemigos activos: 0
[EnemyRenderer] Enemigos activos para dibujar: 0
[EnemyRenderer] No hay enemigos para dibujar.
[Camera] Posición: {X:821,99976 Y:901,99976}, Zoom: 1
[EnemyManager] Enemigos activos: 0
[EnemyRenderer] Enemigos activos para dibujar: 0
[EnemyRenderer] No hay enemigos para dibujar.
[Camera] Posición: {X:821,99976 Y:901,99976}, Zoom: 1
[EnemyManager] Enemigos activos: 0
[EnemyRenderer] Enemigos activos para dibujar: 0
[EnemyRenderer] No hay enemigos para dibujar.
[Camera] Posición: {X:821,99976 Y:901,99976}, Zoom: 1
[EnemyManager] Enemigos activos: 0
[EnemyRenderer] Enemigos activos para dibujar: 0
[EnemyRenderer] No hay enemigos para dibujar.
[Camera] Posición: {X:821,99976 Y:901,99976}, Zoom: 1
[EnemyManager] Enemigos activos: 0
[EnemyRenderer] Enemigos activos para dibujar: 0
[EnemyRenderer] No hay enemigos para dibujar.
[Camera] Posición: {X:821,99976 Y:901,99976}, Zoom: 1
[EnemyManager] Enemigos activos: 0
[EnemyRenderer] Enemigos activos para dibujar: 0
[EnemyRenderer] No hay enemigos para dibujar.
[Camera] Posición: {X:821,99976 Y:901,99976}, Zoom: 1
[EnemyManager] Enemigos activos: 0
[EnemyRenderer] Enemigos activos para dibujar: 0
[EnemyRenderer] No hay enemigos para dibujar.
[Camera] Posición: {X:821,99976 Y:901,99976}, Zoom: 1
[EnemyManager] Enemigos activos: 0
[EnemyRenderer] Enemigos activos para dibujar: 0
[EnemyRenderer] No hay enemigos para dibujar.
[Camera] Posición: {X:821,99976 Y:901,99976}, Zoom: 1
[EnemyManager] Enemigos activos: 0
[EnemyRenderer] Enemigos activos para dibujar: 0
[EnemyRenderer] No hay enemigos para dibujar.
[Camera] Posición: {X:821,99976 Y:901,99976}, Zoom: 1
[EnemyManager] Enemigos activos: 0
[EnemyRenderer] Enemigos activos para dibujar: 0
[EnemyRenderer] No hay enemigos para dibujar.
[Camera] Posición: {X:821,99976 Y:901,99976}, Zoom: 1
[EnemyManager] Enemigos activos: 0
[EnemyRenderer] Enemigos activos para dibujar: 0
[EnemyRenderer] No hay enemigos para dibujar.
[Camera] Posición: {X:821,99976 Y:901,99976}, Zoom: 1
[EnemyManager] Enemigos activos: 0
[EnemyRenderer] Enemigos activos para dibujar: 0
[EnemyRenderer] No hay enemigos para dibujar.
[Camera] Posición: {X:821,99976 Y:901,99976}, Zoom: 1
[EnemyManager] Enemigos activos: 0
[EnemyRenderer] Enemigos activos para dibujar: 0
[EnemyRenderer] No hay enemigos para dibujar.
[Camera] Posición: {X:821,99976 Y:901,99976}, Zoom: 1
[EnemyManager] Enemigos activos: 0
[EnemyRenderer] Enemigos activos para dibujar: 0
[EnemyRenderer] No hay enemigos para dibujar.
[Camera] Posición: {X:821,99976 Y:901,99976}, Zoom: 1
[EnemyManager] Enemigos activos: 0
[EnemyRenderer] Enemigos activos para dibujar: 0
[EnemyRenderer] No hay enemigos para dibujar.
[Camera] Posición: {X:821,99976 Y:901,99976}, Zoom: 1
[EnemyManager] Enemigos activos: 0
[EnemyRenderer] Enemigos activos para dibujar: 0
[EnemyRenderer] No hay enemigos para dibujar.
[Camera] Posición: {X:821,99976 Y:901,99976}, Zoom: 1
[EnemyManager] Enemigos activos: 0
[EnemyRenderer] Enemigos activos para dibujar: 0
[EnemyRenderer] No hay enemigos para dibujar.
[Camera] Posición: {X:821,99976 Y:901,99976}, Zoom: 1
[EnemyManager] Enemigos activos: 0
[EnemyRenderer] Enemigos activos para dibujar: 0
[EnemyRenderer] No hay enemigos para dibujar.
[Camera] Posición: {X:821,99976 Y:901,99976}, Zoom: 1
[EnemyManager] Enemigos activos: 0
[EnemyRenderer] Enemigos activos para dibujar: 0
[EnemyRenderer] No hay enemigos para dibujar.
[Camera] Posición: {X:821,99976 Y:901,99976}, Zoom: 1
[EnemyManager] Enemigos activos: 0
[EnemyRenderer] Enemigos activos para dibujar: 0
[EnemyRenderer] No hay enemigos para dibujar.
[Camera] Posición: {X:821,99976 Y:901,99976}, Zoom: 1
[EnemyManager] Enemigos activos: 0
[EnemyRenderer] Enemigos activos para dibujar: 0
[EnemyRenderer] No hay enemigos para dibujar.
[Camera] Posición: {X:821,99976 Y:901,99976}, Zoom: 1
[EnemyManager] Enemigos activos: 0
[EnemyRenderer] Enemigos activos para dibujar: 0
[EnemyRenderer] No hay enemigos para dibujar.
[Camera] Posición: {X:821,99976 Y:901,99976}, Zoom: 1
[EnemyManager] Enemigos activos: 0
[EnemyRenderer] Enemigos activos para dibujar: 0
[EnemyRenderer] No hay enemigos para dibujar.
[Camera] Posición: {X:821,99976 Y:901,99976}, Zoom: 1
[EnemyManager] Enemigos activos: 0
[EnemyRenderer] Enemigos activos para dibujar: 0
[EnemyRenderer] No hay enemigos para dibujar.
[Camera] Posición: {X:821,99976 Y:901,99976}, Zoom: 1
[EnemyManager] Enemigos activos: 0
[EnemyRenderer] Enemigos activos para dibujar: 0
[EnemyRenderer] No hay enemigos para dibujar.
[Camera] Posición: {X:821,99976 Y:901,99976}, Zoom: 1
[EnemyManager] Enemigos activos: 0
[EnemyRenderer] Enemigos activos para dibujar: 0
[EnemyRenderer] No hay enemigos para dibujar.
[Camera] Posición: {X:821,99976 Y:901,99976}, Zoom: 1
[EnemyManager] Enemigos activos: 0
[EnemyRenderer] Enemigos activos para dibujar: 0
[EnemyRenderer] No hay enemigos para dibujar.
[Camera] Posición: {X:821,99976 Y:901,99976}, Zoom: 1
[EnemyManager] Enemigos activos: 0
[EnemyRenderer] Enemigos activos para dibujar: 0
[EnemyRenderer] No hay enemigos para dibujar.
[Camera] Posición: {X:821,99976 Y:901,99976}, Zoom: 1
[EnemyManager] Enemigos activos: 0
[EnemyRenderer] Enemigos activos para dibujar: 0
[EnemyRenderer] No hay enemigos para dibujar.
[Camera] Posición: {X:821,99976 Y:901,99976}, Zoom: 1
[EnemyManager] Enemigos activos: 0
[EnemyRenderer] Enemigos activos para dibujar: 0
[EnemyRenderer] No hay enemigos para dibujar.
[Camera] Posición: {X:821,99976 Y:901,99976}, Zoom: 1
[EnemyManager] Enemigos activos: 0
[EnemyRenderer] Enemigos activos para dibujar: 0
[EnemyRenderer] No hay enemigos para dibujar.
[Camera] Posición: {X:821,99976 Y:901,99976}, Zoom: 1
[EnemyManager] Enemigos activos: 0
[EnemyRenderer] Enemigos activos para dibujar: 0
[EnemyRenderer] No hay enemigos para dibujar.
[Camera] Posición: {X:821,99976 Y:901,99976}, Zoom: 1
[EnemyManager] Enemigos activos: 0
[EnemyRenderer] Enemigos activos para dibujar: 0
[EnemyRenderer] No hay enemigos para dibujar.
[Camera] Posición: {X:821,99976 Y:901,99976}, Zoom: 1
[EnemyManager] Enemigos activos: 0
[EnemyRenderer] Enemigos activos para dibujar: 0
[EnemyRenderer] No hay enemigos para dibujar.
[Camera] Posición: {X:821,99976 Y:901,99976}, Zoom: 1
[EnemyManager] Enemigos activos: 0
[EnemyRenderer] Enemigos activos para dibujar: 0
[EnemyRenderer] No hay enemigos para dibujar.
[Camera] Posición: {X:821,99976 Y:901,99976}, Zoom: 1
[EnemyManager] Enemigos activos: 0
[EnemyRenderer] Enemigos activos para dibujar: 0
[EnemyRenderer] No hay enemigos para dibujar.
[Camera] Posición: {X:821,99976 Y:901,99976}, Zoom: 1
[EnemyManager] Enemigos activos: 0
[EnemyRenderer] Enemigos activos para dibujar: 0
[EnemyRenderer] No hay enemigos para dibujar.
[Camera] Posición: {X:821,99976 Y:901,99976}, Zoom: 1
[EnemyManager] Enemigos activos: 0
[EnemyRenderer] Enemigos activos para dibujar: 0
[EnemyRenderer] No hay enemigos para dibujar.
[Camera] Posición: {X:821,99976 Y:901,99976}, Zoom: 1
[EnemyManager] Enemigos activos: 0
[EnemyRenderer] Enemigos activos para dibujar: 0
[EnemyRenderer] No hay enemigos para dibujar.
[Camera] Posición: {X:821,99976 Y:901,99976}, Zoom: 1
[EnemyManager] Enemigos activos: 0
[EnemyRenderer] Enemigos activos para dibujar: 0
[EnemyRenderer] No hay enemigos para dibujar.
[Camera] Posición: {X:821,99976 Y:901,99976}, Zoom: 1
[EnemyManager] Enemigos activos: 0
[EnemyRenderer] Enemigos activos para dibujar: 0
[EnemyRenderer] No hay enemigos para dibujar.
[Camera] Posición: {X:821,99976 Y:901,99976}, Zoom: 1
[EnemyManager] Enemigos activos: 0
[EnemyRenderer] Enemigos activos para dibujar: 0
[EnemyRenderer] No hay enemigos para dibujar.
[Camera] Posición: {X:821,99976 Y:901,99976}, Zoom: 1
[EnemyManager] Enemigos activos: 0
[EnemyRenderer] Enemigos activos para dibujar: 0
[EnemyRenderer] No hay enemigos para dibujar.
[Camera] Posición: {X:821,99976 Y:901,99976}, Zoom: 1
[EnemyManager] Enemigos activos: 0
[EnemyRenderer] Enemigos activos para dibujar: 0
[EnemyRenderer] No hay enemigos para dibujar.
[Camera] Posición: {X:821,99976 Y:901,99976}, Zoom: 1
[EnemyManager] Enemigos activos: 0
[EnemyRenderer] Enemigos activos para dibujar: 0
[EnemyRenderer] No hay enemigos para dibujar.
[Camera] Posición: {X:821,99976 Y:901,99976}, Zoom: 1
[EnemyManager] Enemigos activos: 0
[EnemyRenderer] Enemigos activos para dibujar: 0
[EnemyRenderer] No hay enemigos para dibujar.
[Camera] Posición: {X:821,99976 Y:901,99976}, Zoom: 1
[EnemyManager] Enemigos activos: 0
[EnemyRenderer] Enemigos activos para dibujar: 0
[EnemyRenderer] No hay enemigos para dibujar.
[Camera] Posición: {X:821,99976 Y:901,99976}, Zoom: 1
[EnemyManager] Enemigos activos: 0
[EnemyRenderer] Enemigos activos para dibujar: 0
[EnemyRenderer] No hay enemigos para dibujar.
[Camera] Posición: {X:821,99976 Y:901,99976}, Zoom: 1
[EnemyManager] Enemigos activos: 0
[EnemyRenderer] Enemigos activos para dibujar: 0
[EnemyRenderer] No hay enemigos para dibujar.
[Camera] Posición: {X:821,99976 Y:901,99976}, Zoom: 1
[EnemyManager] Enemigos activos: 0
[EnemyRenderer] Enemigos activos para dibujar: 0
[EnemyRenderer] No hay enemigos para dibujar.
[Camera] Posición: {X:821,99976 Y:901,99976}, Zoom: 1
[EnemyManager] Enemigos activos: 0
[EnemyRenderer] Enemigos activos para dibujar: 0
[EnemyRenderer] No hay enemigos para dibujar.
[Camera] Posición: {X:821,99976 Y:901,99976}, Zoom: 1
[EnemyManager] Enemigos activos: 0
[EnemyRenderer] Enemigos activos para dibujar: 0
[EnemyRenderer] No hay enemigos para dibujar.
[Camera] Posición: {X:821,99976 Y:901,99976}, Zoom: 1
[EnemyManager] Enemigos activos: 0
[EnemyRenderer] Enemigos activos para dibujar: 0
[EnemyRenderer] No hay enemigos para dibujar.
[Camera] Posición: {X:821,99976 Y:901,99976}, Zoom: 1
[EnemyManager] Enemigos activos: 0
[EnemyRenderer] Enemigos activos para dibujar: 0
[EnemyRenderer] No hay enemigos para dibujar.
[Camera] Posición: {X:821,99976 Y:901,99976}, Zoom: 1
[EnemyManager] Enemigos activos: 0
[EnemyRenderer] Enemigos activos para dibujar: 0
[EnemyRenderer] No hay enemigos para dibujar.
[Camera] Posición: {X:821,99976 Y:901,99976}, Zoom: 1
[EnemyManager] Enemigos activos: 0
[EnemyRenderer] Enemigos activos para dibujar: 0
[EnemyRenderer] No hay enemigos para dibujar.
[Camera] Posición: {X:821,99976 Y:901,99976}, Zoom: 1
[EnemyManager] Enemigos activos: 0
[EnemyRenderer] Enemigos activos para dibujar: 0
[EnemyRenderer] No hay enemigos para dibujar.
[Camera] Posición: {X:821,99976 Y:901,99976}, Zoom: 1
[EnemyManager] Enemigos activos: 0
[EnemyRenderer] Enemigos activos para dibujar: 0
[EnemyRenderer] No hay enemigos para dibujar.
[Camera] Posición: {X:821,99976 Y:901,99976}, Zoom: 1
[EnemyManager] Enemigos activos: 0
[EnemyRenderer] Enemigos activos para dibujar: 0
[EnemyRenderer] No hay enemigos para dibujar.
[Camera] Posición: {X:821,99976 Y:901,99976}, Zoom: 1
[EnemyManager] Enemigos activos: 0
[EnemyRenderer] Enemigos activos para dibujar: 0
[EnemyRenderer] No hay enemigos para dibujar.
[Camera] Posición: {X:821,99976 Y:901,99976}, Zoom: 1
[EnemyManager] Enemigos activos: 0
[EnemyRenderer] Enemigos activos para dibujar: 0
[EnemyRenderer] No hay enemigos para dibujar.
[Camera] Posición: {X:821,99976 Y:901,99976}, Zoom: 1
[EnemyManager] Enemigos activos: 0
[EnemyRenderer] Enemigos activos para dibujar: 0
[EnemyRenderer] No hay enemigos para dibujar.
[Camera] Posición: {X:821,99976 Y:901,99976}, Zoom: 1
[EnemyManager] Enemigos activos: 0
[EnemyRenderer] Enemigos activos para dibujar: 0
[EnemyRenderer] No hay enemigos para dibujar.
[Camera] Posición: {X:821,99976 Y:901,99976}, Zoom: 1
[EnemyManager] Enemigos activos: 0
[EnemyRenderer] Enemigos activos para dibujar: 0
[EnemyRenderer] No hay enemigos para dibujar.
[Camera] Posición: {X:821,99976 Y:901,99976}, Zoom: 1
[EnemyManager] Enemigos activos: 0
[EnemyRenderer] Enemigos activos para dibujar: 0
[EnemyRenderer] No hay enemigos para dibujar.
[Camera] Posición: {X:821,99976 Y:901,99976}, Zoom: 1
[EnemyManager] Enemigos activos: 0
[EnemyRenderer] Enemigos activos para dibujar: 0
[EnemyRenderer] No hay enemigos para dibujar.
[Camera] Posición: {X:821,99976 Y:901,99976}, Zoom: 1
[EnemyManager] Enemigos activos: 0
[EnemyRenderer] Enemigos activos para dibujar: 0
[EnemyRenderer] No hay enemigos para dibujar.
[Camera] Posición: {X:821,99976 Y:901,99976}, Zoom: 1
[EnemyManager] Enemigos activos: 0
[EnemyRenderer] Enemigos activos para dibujar: 0
[EnemyRenderer] No hay enemigos para dibujar.
[Camera] Posición: {X:821,99976 Y:901,99976}, Zoom: 1
[EnemyManager] Enemigos activos: 0
[EnemyRenderer] Enemigos activos para dibujar: 0
[EnemyRenderer] No hay enemigos para dibujar.
[Camera] Posición: {X:821,99976 Y:901,99976}, Zoom: 1
[EnemyManager] Enemigos activos: 0
[EnemyRenderer] Enemigos activos para dibujar: 0
[EnemyRenderer] No hay enemigos para dibujar.
[Camera] Posición: {X:821,99976 Y:901,99976}, Zoom: 1
[EnemyManager] Enemigos activos: 0
[EnemyRenderer] Enemigos activos para dibujar: 0
[EnemyRenderer] No hay enemigos para dibujar.
[Camera] Posición: {X:821,99976 Y:901,99976}, Zoom: 1
[EnemyManager] Enemigos activos: 0
[EnemyRenderer] Enemigos activos para dibujar: 0
[EnemyRenderer] No hay enemigos para dibujar.
[Camera] Posición: {X:821,99976 Y:901,99976}, Zoom: 1
[EnemyManager] Enemigos activos: 0
[EnemyRenderer] Enemigos activos para dibujar: 0
[EnemyRenderer] No hay enemigos para dibujar.
[Camera] Posición: {X:821,99976 Y:901,99976}, Zoom: 1
[EnemyManager] Enemigos activos: 0
[EnemyRenderer] Enemigos activos para dibujar: 0
[EnemyRenderer] No hay enemigos para dibujar.
[Camera] Posición: {X:821,99976 Y:901,99976}, Zoom: 1
[EnemyManager] Enemigos activos: 0
[EnemyRenderer] Enemigos activos para dibujar: 0
[EnemyRenderer] No hay enemigos para dibujar.
[Camera] Posición: {X:821,99976 Y:901,99976}, Zoom: 1
[EnemyManager] Enemigos activos: 0
[EnemyRenderer] Enemigos activos para dibujar: 0
[EnemyRenderer] No hay enemigos para dibujar.
[Camera] Posición: {X:821,99976 Y:901,99976}, Zoom: 1
[EnemyManager] Enemigos activos: 0
[EnemyRenderer] Enemigos activos para dibujar: 0
[EnemyRenderer] No hay enemigos para dibujar.
[Camera] Posición: {X:821,99976 Y:901,99976}, Zoom: 1
[EnemyManager] Enemigos activos: 0
[EnemyRenderer] Enemigos activos para dibujar: 0
[EnemyRenderer] No hay enemigos para dibujar.
[Camera] Posición: {X:821,99976 Y:901,99976}, Zoom: 1
[EnemyManager] Enemigos activos: 0
[EnemyRenderer] Enemigos activos para dibujar: 0
[EnemyRenderer] No hay enemigos para dibujar.
[Camera] Posición: {X:821,99976 Y:901,99976}, Zoom: 1
[EnemyManager] Enemigos activos: 0
[EnemyRenderer] Enemigos activos para dibujar: 0
[EnemyRenderer] No hay enemigos para dibujar.
[Camera] Posición: {X:821,99976 Y:901,99976}, Zoom: 1
[EnemyManager] Enemigos activos: 0
[EnemyRenderer] Enemigos activos para dibujar: 0
[EnemyRenderer] No hay enemigos para dibujar.
[Camera] Posición: {X:821,99976 Y:901,99976}, Zoom: 1
[EnemyManager] Enemigos activos: 0
[EnemyRenderer] Enemigos activos para dibujar: 0
[EnemyRenderer] No hay enemigos para dibujar.
[Camera] Posición: {X:821,99976 Y:901,99976}, Zoom: 1
[EnemyManager] Enemigos activos: 0
[EnemyRenderer] Enemigos activos para dibujar: 0
[EnemyRenderer] No hay enemigos para dibujar.
[Camera] Posición: {X:821,99976 Y:901,99976}, Zoom: 1
[EnemyManager] Enemigos activos: 0
[EnemyRenderer] Enemigos activos para dibujar: 0
[EnemyRenderer] No hay enemigos para dibujar.
[Camera] Posición: {X:821,99976 Y:901,99976}, Zoom: 1
[EnemyManager] Enemigos activos: 0
[EnemyRenderer] Enemigos activos para dibujar: 0
[EnemyRenderer] No hay enemigos para dibujar.
[Camera] Posición: {X:821,99976 Y:901,99976}, Zoom: 1
[EnemyManager] Enemigos activos: 0
[EnemyRenderer] Enemigos activos para dibujar: 0
[EnemyRenderer] No hay enemigos para dibujar.
[Camera] Posición: {X:821,99976 Y:901,99976}, Zoom: 1
[EnemyManager] Enemigos activos: 0
[EnemyRenderer] Enemigos activos para dibujar: 0
[EnemyRenderer] No hay enemigos para dibujar.
[Camera] Posición: {X:821,99976 Y:901,99976}, Zoom: 1
[EnemyManager] Enemigos activos: 0
[EnemyRenderer] Enemigos activos para dibujar: 0
[EnemyRenderer] No hay enemigos para dibujar.
[Camera] Posición: {X:821,99976 Y:901,99976}, Zoom: 1
[EnemyManager] Enemigos activos: 0
[EnemyRenderer] Enemigos activos para dibujar: 0
[EnemyRenderer] No hay enemigos para dibujar.
[Camera] Posición: {X:821,99976 Y:901,99976}, Zoom: 1
[EnemyManager] Enemigos activos: 0
[EnemyRenderer] Enemigos activos para dibujar: 0
[EnemyRenderer] No hay enemigos para dibujar.
[Camera] Posición: {X:821,99976 Y:901,99976}, Zoom: 1
[EnemyManager] Enemigos activos: 0
[EnemyRenderer] Enemigos activos para dibujar: 0
[EnemyRenderer] No hay enemigos para dibujar.
[Camera] Posición: {X:821,99976 Y:901,99976}, Zoom: 1
[EnemyManager] Enemigos activos: 0
[EnemyRenderer] Enemigos activos para dibujar: 0
[EnemyRenderer] No hay enemigos para dibujar.
[Camera] Posición: {X:821,99976 Y:901,99976}, Zoom: 1
[EnemyManager] Enemigos activos: 0
[EnemyRenderer] Enemigos activos para dibujar: 0
[EnemyRenderer] No hay enemigos para dibujar.
[Camera] Posición: {X:821,99976 Y:901,99976}, Zoom: 1
[EnemyManager] Enemigos activos: 0
[EnemyRenderer] Enemigos activos para dibujar: 0
[EnemyRenderer] No hay enemigos para dibujar.
[Camera] Posición: {X:821,99976 Y:901,99976}, Zoom: 1
[EnemyManager] Enemigos activos: 0
[EnemyRenderer] Enemigos activos para dibujar: 0
[EnemyRenderer] No hay enemigos para dibujar.
[Camera] Posición: {X:821,99976 Y:901,99976}, Zoom: 1
[EnemyManager] Enemigos activos: 0
[EnemyRenderer] Enemigos activos para dibujar: 0
[EnemyRenderer] No hay enemigos para dibujar.
[Camera] Posición: {X:821,99976 Y:901,99976}, Zoom: 1
[EnemyManager] Enemigos activos: 0
[EnemyRenderer] Enemigos activos para dibujar: 0
[EnemyRenderer] No hay enemigos para dibujar.
[Camera] Posición: {X:821,99976 Y:901,99976}, Zoom: 1
[EnemyManager] Enemigos activos: 0
[EnemyRenderer] Enemigos activos para dibujar: 0
[EnemyRenderer] No hay enemigos para dibujar.
[Camera] Posición: {X:821,99976 Y:901,99976}, Zoom: 1
[EnemyManager] Enemigos activos: 0
[EnemyRenderer] Enemigos activos para dibujar: 0
[EnemyRenderer] No hay enemigos para dibujar.
[Camera] Posición: {X:821,99976 Y:901,99976}, Zoom: 1
[EnemyManager] Enemigos activos: 0
[EnemyRenderer] Enemigos activos para dibujar: 0
[EnemyRenderer] No hay enemigos para dibujar.
[Camera] Posición: {X:821,99976 Y:901,99976}, Zoom: 1
[EnemyManager] Enemigos activos: 0
[EnemyRenderer] Enemigos activos para dibujar: 0
[EnemyRenderer] No hay enemigos para dibujar.
[Camera] Posición: {X:821,99976 Y:901,99976}, Zoom: 1
[EnemyManager] Enemigos activos: 0
[EnemyRenderer] Enemigos activos para dibujar: 0
[EnemyRenderer] No hay enemigos para dibujar.
[Camera] Posición: {X:821,99976 Y:901,99976}, Zoom: 1
[EnemyManager] Enemigos activos: 0
[EnemyRenderer] Enemigos activos para dibujar: 0
[EnemyRenderer] No hay enemigos para dibujar.
[Camera] Posición: {X:821,99976 Y:901,99976}, Zoom: 1
[EnemyManager] Enemigos activos: 0
[EnemyRenderer] Enemigos activos para dibujar: 0
[EnemyRenderer] No hay enemigos para dibujar.
[Camera] Posición: {X:821,99976 Y:901,99976}, Zoom: 1
[EnemyManager] Enemigos activos: 0
[EnemyRenderer] Enemigos activos para dibujar: 0
[EnemyRenderer] No hay enemigos para dibujar.
[Camera] Posición: {X:821,99976 Y:901,99976}, Zoom: 1
[EnemyManager] Enemigos activos: 0
[EnemyRenderer] Enemigos activos para dibujar: 0
[EnemyRenderer] No hay enemigos para dibujar.
[Camera] Posición: {X:821,99976 Y:901,99976}, Zoom: 1
[EnemyManager] Enemigos activos: 0
[EnemyRenderer] Enemigos activos para dibujar: 0
[EnemyRenderer] No hay enemigos para dibujar.
[Camera] Posición: {X:821,99976 Y:901,99976}, Zoom: 1
[EnemyManager] Enemigos activos: 0
[EnemyRenderer] Enemigos activos para dibujar: 0
[EnemyRenderer] No hay enemigos para dibujar.
[Camera] Posición: {X:821,99976 Y:901,99976}, Zoom: 1
[EnemyManager] Enemigos activos: 0
[EnemyRenderer] Enemigos activos para dibujar: 0
[EnemyRenderer] No hay enemigos para dibujar.
[Camera] Posición: {X:821,99976 Y:901,99976}, Zoom: 1
[EnemyManager] Enemigos activos: 0
[EnemyRenderer] Enemigos activos para dibujar: 0
[EnemyRenderer] No hay enemigos para dibujar.
[Camera] Posición: {X:821,99976 Y:901,99976}, Zoom: 1
[EnemyManager] Enemigos activos: 0
[EnemyRenderer] Enemigos activos para dibujar: 0
[EnemyRenderer] No hay enemigos para dibujar.
[Camera] Posición: {X:821,99976 Y:901,99976}, Zoom: 1
[EnemyManager] Enemigos activos: 0
[EnemyRenderer] Enemigos activos para dibujar: 0
[EnemyRenderer] No hay enemigos para dibujar.
[Camera] Posición: {X:821,99976 Y:901,99976}, Zoom: 1
[EnemyManager] Enemigos activos: 0
[EnemyRenderer] Enemigos activos para dibujar: 0
[EnemyRenderer] No hay enemigos para dibujar.
[Camera] Posición: {X:821,99976 Y:901,99976}, Zoom: 1
[EnemyManager] Enemigos activos: 0
[EnemyRenderer] Enemigos activos para dibujar: 0
[EnemyRenderer] No hay enemigos para dibujar.
[Camera] Posición: {X:821,99976 Y:901,99976}, Zoom: 1
[EnemyManager] Enemigos activos: 0
[EnemyRenderer] Enemigos activos para dibujar: 0
[EnemyRenderer] No hay enemigos para dibujar.
[Camera] Posición: {X:821,99976 Y:901,99976}, Zoom: 1
[EnemyManager] Enemigos activos: 0
[EnemyRenderer] Enemigos activos para dibujar: 0
[EnemyRenderer] No hay enemigos para dibujar.
[Camera] Posición: {X:821,99976 Y:901,99976}, Zoom: 1
[EnemyManager] Enemigos activos: 0
[EnemyRenderer] Enemigos activos para dibujar: 0
[EnemyRenderer] No hay enemigos para dibujar.
[Camera] Posición: {X:821,99976 Y:901,99976}, Zoom: 1
[EnemyManager] Enemigos activos: 0
[EnemyRenderer] Enemigos activos para dibujar: 0
[EnemyRenderer] No hay enemigos para dibujar.
[Camera] Posición: {X:821,99976 Y:901,99976}, Zoom: 1
[EnemyManager] Enemigos activos: 0
[EnemyRenderer] Enemigos activos para dibujar: 0
[EnemyRenderer] No hay enemigos para dibujar.
[Camera] Posición: {X:821,99976 Y:901,99976}, Zoom: 1
[EnemyManager] Enemigos activos: 0
[EnemyRenderer] Enemigos activos para dibujar: 0
[EnemyRenderer] No hay enemigos para dibujar.
[Camera] Posición: {X:821,99976 Y:901,99976}, Zoom: 1
[EnemyManager] Enemigos activos: 0
[EnemyRenderer] Enemigos activos para dibujar: 0
[EnemyRenderer] No hay enemigos para dibujar.
[Camera] Posición: {X:821,99976 Y:901,99976}, Zoom: 1
[EnemyManager] Enemigos activos: 0
[EnemyRenderer] Enemigos activos para dibujar: 0
[EnemyRenderer] No hay enemigos para dibujar.
[Camera] Posición: {X:821,99976 Y:901,99976}, Zoom: 1
[EnemyManager] Enemigos activos: 0
[EnemyRenderer] Enemigos activos para dibujar: 0
[EnemyRenderer] No hay enemigos para dibujar.
[Camera] Posición: {X:821,99976 Y:901,99976}, Zoom: 1
[EnemyManager] Enemigos activos: 0
[EnemyRenderer] Enemigos activos para dibujar: 0
[EnemyRenderer] No hay enemigos para dibujar.
[Camera] Posición: {X:821,99976 Y:901,99976}, Zoom: 1
[EnemyManager] Enemigos activos: 0
[EnemyRenderer] Enemigos activos para dibujar: 0
[EnemyRenderer] No hay enemigos para dibujar.
[Camera] Posición: {X:821,99976 Y:901,99976}, Zoom: 1
[EnemyManager] Enemigos activos: 0
[EnemyRenderer] Enemigos activos para dibujar: 0
[EnemyRenderer] No hay enemigos para dibujar.
[Camera] Posición: {X:821,99976 Y:901,99976}, Zoom: 1
[EnemyManager] Enemigos activos: 0
[EnemyRenderer] Enemigos activos para dibujar: 0
[EnemyRenderer] No hay enemigos para dibujar.
[Camera] Posición: {X:821,99976 Y:901,99976}, Zoom: 1
[EnemyManager] Enemigos activos: 0
[EnemyRenderer] Enemigos activos para dibujar: 0
[EnemyRenderer] No hay enemigos para dibujar.
[Camera] Posición: {X:821,99976 Y:901,99976}, Zoom: 1
[EnemyManager] Enemigos activos: 0
[EnemyRenderer] Enemigos activos para dibujar: 0
[EnemyRenderer] No hay enemigos para dibujar.
[Camera] Posición: {X:821,99976 Y:901,99976}, Zoom: 1
[EnemyManager] Enemigos activos: 0
[EnemyRenderer] Enemigos activos para dibujar: 0
[EnemyRenderer] No hay enemigos para dibujar.
[Camera] Posición: {X:821,99976 Y:901,99976}, Zoom: 1
[EnemyManager] Enemigos activos: 0
[EnemyRenderer] Enemigos activos para dibujar: 0
[EnemyRenderer] No hay enemigos para dibujar.
[Camera] Posición: {X:821,99976 Y:901,99976}, Zoom: 1
[EnemyManager] Enemigos activos: 0
[EnemyRenderer] Enemigos activos para dibujar: 0
[EnemyRenderer] No hay enemigos para dibujar.
[Camera] Posición: {X:821,99976 Y:901,99976}, Zoom: 1
[EnemyManager] Enemigos activos: 0
[EnemyRenderer] Enemigos activos para dibujar: 0
[EnemyRenderer] No hay enemigos para dibujar.
[Camera] Posición: {X:821,99976 Y:901,99976}, Zoom: 1
[EnemyManager] Enemigos activos: 0
[EnemyRenderer] Enemigos activos para dibujar: 0
[EnemyRenderer] No hay enemigos para dibujar.
[Camera] Posición: {X:821,99976 Y:901,99976}, Zoom: 1
[EnemyManager] Enemigos activos: 0
[EnemyRenderer] Enemigos activos para dibujar: 0
[EnemyRenderer] No hay enemigos para dibujar.
[Camera] Posición: {X:821,99976 Y:901,99976}, Zoom: 1
[EnemyManager] Enemigos activos: 0
[EnemyRenderer] Enemigos activos para dibujar: 0
[EnemyRenderer] No hay enemigos para dibujar.
[Camera] Posición: {X:821,99976 Y:901,99976}, Zoom: 1
[EnemyManager] Enemigos activos: 0
[EnemyRenderer] Enemigos activos para dibujar: 0
[EnemyRenderer] No hay enemigos para dibujar.
[Camera] Posición: {X:821,99976 Y:901,99976}, Zoom: 1
[EnemyManager] Enemigos activos: 0
[EnemyRenderer] Enemigos activos para dibujar: 0
[EnemyRenderer] No hay enemigos para dibujar.
[Camera] Posición: {X:821,99976 Y:901,99976}, Zoom: 1
[EnemyManager] Enemigos activos: 0
[EnemyRenderer] Enemigos activos para dibujar: 0
[EnemyRenderer] No hay enemigos para dibujar.
[Camera] Posición: {X:821,99976 Y:901,99976}, Zoom: 1
[EnemyManager] Enemigos activos: 0
[EnemyRenderer] Enemigos activos para dibujar: 0
[EnemyRenderer] No hay enemigos para dibujar.
[Camera] Posición: {X:821,99976 Y:901,99976}, Zoom: 1
[EnemyManager] Enemigos activos: 0
[EnemyRenderer] Enemigos activos para dibujar: 0
[EnemyRenderer] No hay enemigos para dibujar.
[Camera] Posición: {X:821,99976 Y:901,99976}, Zoom: 1
[EnemyManager] Enemigos activos: 0
[EnemyRenderer] Enemigos activos para dibujar: 0
[EnemyRenderer] No hay enemigos para dibujar.
[Camera] Posición: {X:821,99976 Y:901,99976}, Zoom: 1
[EnemyManager] Enemigos activos: 0
[EnemyRenderer] Enemigos activos para dibujar: 0
[EnemyRenderer] No hay enemigos para dibujar.
[Camera] Posición: {X:821,99976 Y:901,99976}, Zoom: 1
[EnemyManager] Enemigos activos: 0
[EnemyRenderer] Enemigos activos para dibujar: 0
[EnemyRenderer] No hay enemigos para dibujar.
[Camera] Posición: {X:821,99976 Y:901,99976}, Zoom: 1
[EnemyManager] Enemigos activos: 0
[EnemyRenderer] Enemigos activos para dibujar: 0
[EnemyRenderer] No hay enemigos para dibujar.
[Camera] Posición: {X:821,99976 Y:901,99976}, Zoom: 1
[EnemyManager] Enemigos activos: 0
[EnemyRenderer] Enemigos activos para dibujar: 0
[EnemyRenderer] No hay enemigos para dibujar.
[Camera] Posición: {X:821,99976 Y:901,99976}, Zoom: 1
[EnemyManager] Enemigos activos: 0
[EnemyRenderer] Enemigos activos para dibujar: 0
[EnemyRenderer] No hay enemigos para dibujar.
[Camera] Posición: {X:821,99976 Y:901,99976}, Zoom: 1
[EnemyManager] Enemigos activos: 0
[EnemyRenderer] Enemigos activos para dibujar: 0
[EnemyRenderer] No hay enemigos para dibujar.
[Camera] Posición: {X:821,99976 Y:901,99976}, Zoom: 1
[EnemyManager] Enemigos activos: 0
[EnemyRenderer] Enemigos activos para dibujar: 0
[EnemyRenderer] No hay enemigos para dibujar.
[Camera] Posición: {X:821,99976 Y:901,99976}, Zoom: 1
[EnemyManager] Enemigos activos: 0
[EnemyRenderer] Enemigos activos para dibujar: 0
[EnemyRenderer] No hay enemigos para dibujar.
[Camera] Posición: {X:821,99976 Y:901,99976}, Zoom: 1
[EnemyManager] Enemigos activos: 0
[EnemyRenderer] Enemigos activos para dibujar: 0
[EnemyRenderer] No hay enemigos para dibujar.
[Camera] Posición: {X:821,99976 Y:901,99976}, Zoom: 1
[EnemyManager] Enemigos activos: 0
[EnemyRenderer] Enemigos activos para dibujar: 0
[EnemyRenderer] No hay enemigos para dibujar.
[Camera] Posición: {X:821,99976 Y:901,99976}, Zoom: 1
[EnemyManager] Enemigos activos: 0
[EnemyRenderer] Enemigos activos para dibujar: 0
[EnemyRenderer] No hay enemigos para dibujar.
[Camera] Posición: {X:821,99976 Y:901,99976}, Zoom: 1
[EnemyManager] Enemigos activos: 0
[EnemyRenderer] Enemigos activos para dibujar: 0
[EnemyRenderer] No hay enemigos para dibujar.
[Camera] Posición: {X:821,99976 Y:901,99976}, Zoom: 1
[EnemyManager] Enemigos activos: 0
[EnemyRenderer] Enemigos activos para dibujar: 0
[EnemyRenderer] No hay enemigos para dibujar.
[Camera] Posición: {X:821,99976 Y:901,99976}, Zoom: 1
[EnemyManager] Enemigos activos: 0
[EnemyRenderer] Enemigos activos para dibujar: 0
[EnemyRenderer] No hay enemigos para dibujar.
[Camera] Posición: {X:821,99976 Y:901,99976}, Zoom: 1
[EnemyManager] Enemigos activos: 0
[EnemyRenderer] Enemigos activos para dibujar: 0
[EnemyRenderer] No hay enemigos para dibujar.
[Camera] Posición: {X:821,99976 Y:901,99976}, Zoom: 1
[EnemyManager] Enemigos activos: 0
[EnemyRenderer] Enemigos activos para dibujar: 0
[EnemyRenderer] No hay enemigos para dibujar.
[Camera] Posición: {X:821,99976 Y:901,99976}, Zoom: 1
[EnemyManager] Enemigos activos: 0
[EnemyRenderer] Enemigos activos para dibujar: 0
[EnemyRenderer] No hay enemigos para dibujar.
[Camera] Posición: {X:821,99976 Y:901,99976}, Zoom: 1
[EnemyManager] Enemigos activos: 0
[EnemyRenderer] Enemigos activos para dibujar: 0
[EnemyRenderer] No hay enemigos para dibujar.
[Camera] Posición: {X:821,99976 Y:901,99976}, Zoom: 1
[EnemyManager] Enemigos activos: 0
[EnemyRenderer] Enemigos activos para dibujar: 0
[EnemyRenderer] No hay enemigos para dibujar.
[Camera] Posición: {X:821,99976 Y:901,99976}, Zoom: 1
[EnemyManager] Enemigos activos: 0
[EnemyRenderer] Enemigos activos para dibujar: 0
[EnemyRenderer] No hay enemigos para dibujar.
[Camera] Posición: {X:821,99976 Y:901,99976}, Zoom: 1
[EnemyManager] Enemigos activos: 0
[EnemyRenderer] Enemigos activos para dibujar: 0
[EnemyRenderer] No hay enemigos para dibujar.
[Camera] Posición: {X:821,99976 Y:901,99976}, Zoom: 1
[EnemyManager] Enemigos activos: 0
[EnemyRenderer] Enemigos activos para dibujar: 0
[EnemyRenderer] No hay enemigos para dibujar.
[Camera] Posición: {X:821,99976 Y:901,99976}, Zoom: 1
[EnemyManager] Enemigos activos: 0
[EnemyRenderer] Enemigos activos para dibujar: 0
[EnemyRenderer] No hay enemigos para dibujar.
[Camera] Posición: {X:821,99976 Y:901,99976}, Zoom: 1
[EnemyManager] Enemigos activos: 0
[EnemyRenderer] Enemigos activos para dibujar: 0
[EnemyRenderer] No hay enemigos para dibujar.
[Camera] Posición: {X:821,99976 Y:901,99976}, Zoom: 1
[EnemyManager] Enemigos activos: 0
[EnemyRenderer] Enemigos activos para dibujar: 0
[EnemyRenderer] No hay enemigos para dibujar.
[Camera] Posición: {X:821,99976 Y:901,99976}, Zoom: 1
[EnemyManager] Enemigos activos: 0
[EnemyRenderer] Enemigos activos para dibujar: 0
[EnemyRenderer] No hay enemigos para dibujar.
[Camera] Posición: {X:821,99976 Y:901,99976}, Zoom: 1
[EnemyManager] Enemigos activos: 0
[EnemyRenderer] Enemigos activos para dibujar: 0
[EnemyRenderer] No hay enemigos para dibujar.
[Camera] Posición: {X:821,99976 Y:901,99976}, Zoom: 1
[EnemyManager] Enemigos activos: 0
[EnemyRenderer] Enemigos activos para dibujar: 0
[EnemyRenderer] No hay enemigos para dibujar.
[Camera] Posición: {X:821,99976 Y:901,99976}, Zoom: 1
[EnemyManager] Enemigos activos: 0
[EnemyRenderer] Enemigos activos para dibujar: 0
[EnemyRenderer] No hay enemigos para dibujar.
[Camera] Posición: {X:821,99976 Y:901,99976}, Zoom: 1
[EnemyManager] Enemigos activos: 0
[EnemyRenderer] Enemigos activos para dibujar: 0
[EnemyRenderer] No hay enemigos para dibujar.
[Camera] Posición: {X:821,99976 Y:901,99976}, Zoom: 1
[EnemyManager] Enemigos activos: 0
[EnemyRenderer] Enemigos activos para dibujar: 0
[EnemyRenderer] No hay enemigos para dibujar.
[Camera] Posición: {X:821,99976 Y:901,99976}, Zoom: 1
[EnemyManager] Enemigos activos: 0
[EnemyRenderer] Enemigos activos para dibujar: 0
[EnemyRenderer] No hay enemigos para dibujar.
[Camera] Posición: {X:821,99976 Y:901,99976}, Zoom: 1
[EnemyManager] Enemigos activos: 0
[EnemyRenderer] Enemigos activos para dibujar: 0
[EnemyRenderer] No hay enemigos para dibujar.
[Camera] Posición: {X:821,99976 Y:901,99976}, Zoom: 1
[EnemyManager] Enemigos activos: 0
[EnemyRenderer] Enemigos activos para dibujar: 0
[EnemyRenderer] No hay enemigos para dibujar.
[Camera] Posición: {X:821,99976 Y:901,99976}, Zoom: 1
[EnemyManager] Enemigos activos: 0
[EnemyRenderer] Enemigos activos para dibujar: 0
[EnemyRenderer] No hay enemigos para dibujar.
[Camera] Posición: {X:821,99976 Y:901,99976}, Zoom: 1
[EnemyManager] Enemigos activos: 0
[EnemyRenderer] Enemigos activos para dibujar: 0
[EnemyRenderer] No hay enemigos para dibujar.
[Camera] Posición: {X:821,99976 Y:901,99976}, Zoom: 1
[EnemyManager] Enemigos activos: 0
[EnemyRenderer] Enemigos activos para dibujar: 0
[EnemyRenderer] No hay enemigos para dibujar.
[Camera] Posición: {X:821,99976 Y:901,99976}, Zoom: 1
[EnemyManager] Enemigos activos: 0
[EnemyRenderer] Enemigos activos para dibujar: 0
[EnemyRenderer] No hay enemigos para dibujar.
[Camera] Posición: {X:821,99976 Y:901,99976}, Zoom: 1
[EnemyManager] Enemigos activos: 0
[EnemyRenderer] Enemigos activos para dibujar: 0
[EnemyRenderer] No hay enemigos para dibujar.
[Camera] Posición: {X:821,99976 Y:901,99976}, Zoom: 1
[EnemyManager] Enemigos activos: 0
[EnemyRenderer] Enemigos activos para dibujar: 0
[EnemyRenderer] No hay enemigos para dibujar.
[Camera] Posición: {X:821,99976 Y:901,99976}, Zoom: 1
[EnemyManager] Enemigos activos: 0
[EnemyRenderer] Enemigos activos para dibujar: 0
[EnemyRenderer] No hay enemigos para dibujar.
[Camera] Posición: {X:821,99976 Y:901,99976}, Zoom: 1
[EnemyManager] Enemigos activos: 0
[EnemyRenderer] Enemigos activos para dibujar: 0
[EnemyRenderer] No hay enemigos para dibujar.
[Camera] Posición: {X:821,99976 Y:901,99976}, Zoom: 1
[EnemyManager] Enemigos activos: 0
[EnemyRenderer] Enemigos activos para dibujar: 0
[EnemyRenderer] No hay enemigos para dibujar.
[Camera] Posición: {X:821,99976 Y:901,99976}, Zoom: 1
[EnemyManager] Enemigos activos: 0
[EnemyRenderer] Enemigos activos para dibujar: 0
[EnemyRenderer] No hay enemigos para dibujar.
[Camera] Posición: {X:821,99976 Y:901,99976}, Zoom: 1
[EnemyManager] Enemigos activos: 0
[EnemyRenderer] Enemigos activos para dibujar: 0
[EnemyRenderer] No hay enemigos para dibujar.
[Camera] Posición: {X:821,99976 Y:901,99976}, Zoom: 1
[EnemyManager] Enemigos activos: 0
[EnemyRenderer] Enemigos activos para dibujar: 0
[EnemyRenderer] No hay enemigos para dibujar.
[Camera] Posición: {X:821,99976 Y:901,99976}, Zoom: 1
[EnemyManager] Enemigos activos: 0
[EnemyRenderer] Enemigos activos para dibujar: 0
[EnemyRenderer] No hay enemigos para dibujar.
[Camera] Posición: {X:821,99976 Y:901,99976}, Zoom: 1
[EnemyManager] Enemigos activos: 0
[EnemyRenderer] Enemigos activos para dibujar: 0
[EnemyRenderer] No hay enemigos para dibujar.
[Camera] Posición: {X:821,99976 Y:901,99976}, Zoom: 1
[EnemyManager] Enemigos activos: 0
[EnemyRenderer] Enemigos activos para dibujar: 0
[EnemyRenderer] No hay enemigos para dibujar.
[Camera] Posición: {X:821,99976 Y:901,99976}, Zoom: 1
[EnemyManager] Enemigos activos: 0
[EnemyRenderer] Enemigos activos para dibujar: 0
[EnemyRenderer] No hay enemigos para dibujar.
[Camera] Posición: {X:821,99976 Y:901,99976}, Zoom: 1
[EnemyManager] Enemigos activos: 0
[EnemyRenderer] Enemigos activos para dibujar: 0
[EnemyRenderer] No hay enemigos para dibujar.
[Camera] Posición: {X:821,99976 Y:901,99976}, Zoom: 1
[EnemyManager] Enemigos activos: 0
[EnemyRenderer] Enemigos activos para dibujar: 0
[EnemyRenderer] No hay enemigos para dibujar.
[Camera] Posición: {X:821,99976 Y:901,99976}, Zoom: 1
[EnemyManager] Enemigos activos: 0
[EnemyRenderer] Enemigos activos para dibujar: 0
[EnemyRenderer] No hay enemigos para dibujar.
[Camera] Posición: {X:821,99976 Y:901,99976}, Zoom: 1
[EnemyManager] Enemigos activos: 0
[EnemyRenderer] Enemigos activos para dibujar: 0
[EnemyRenderer] No hay enemigos para dibujar.
[Camera] Posición: {X:821,99976 Y:901,99976}, Zoom: 1
[EnemyManager] Enemigos activos: 0
[EnemyRenderer] Enemigos activos para dibujar: 0
[EnemyRenderer] No hay enemigos para dibujar.
[Camera] Posición: {X:821,99976 Y:901,99976}, Zoom: 1
[EnemyManager] Enemigos activos: 0
[EnemyRenderer] Enemigos activos para dibujar: 0
[EnemyRenderer] No hay enemigos para dibujar.
[Camera] Posición: {X:821,99976 Y:901,99976}, Zoom: 1
[EnemyManager] Enemigos activos: 0
[EnemyRenderer] Enemigos activos para dibujar: 0
[EnemyRenderer] No hay enemigos para dibujar.
[Camera] Posición: {X:821,99976 Y:901,99976}, Zoom: 1
[EnemyManager] Enemigos activos: 0
[EnemyRenderer] Enemigos activos para dibujar: 0
[EnemyRenderer] No hay enemigos para dibujar.
[Camera] Posición: {X:821,99976 Y:901,99976}, Zoom: 1
[EnemyManager] Enemigos activos: 0
[EnemyRenderer] Enemigos activos para dibujar: 0
[EnemyRenderer] No hay enemigos para dibujar.
[Camera] Posición: {X:821,99976 Y:901,99976}, Zoom: 1
[EnemyManager] Enemigos activos: 0
[EnemyRenderer] Enemigos activos para dibujar: 0
[EnemyRenderer] No hay enemigos para dibujar.
[Camera] Posición: {X:821,99976 Y:901,99976}, Zoom: 1
[EnemyManager] Enemigos activos: 0
[EnemyRenderer] Enemigos activos para dibujar: 0
[EnemyRenderer] No hay enemigos para dibujar.
[Camera] Posición: {X:821,99976 Y:901,99976}, Zoom: 1
[EnemyManager] Enemigos activos: 0
[EnemyRenderer] Enemigos activos para dibujar: 0
[EnemyRenderer] No hay enemigos para dibujar.
[Camera] Posición: {X:821,99976 Y:901,99976}, Zoom: 1
[EnemyManager] Enemigos activos: 0
[EnemyRenderer] Enemigos activos para dibujar: 0
[EnemyRenderer] No hay enemigos para dibujar.
[Camera] Posición: {X:821,99976 Y:901,99976}, Zoom: 1
[EnemyManager] Enemigos activos: 0
[EnemyRenderer] Enemigos activos para dibujar: 0
[EnemyRenderer] No hay enemigos para dibujar.
[Camera] Posición: {X:821,99976 Y:901,99976}, Zoom: 1
[EnemyManager] Enemigos activos: 0
[EnemyRenderer] Enemigos activos para dibujar: 0
[EnemyRenderer] No hay enemigos para dibujar.
[Camera] Posición: {X:821,99976 Y:901,99976}, Zoom: 1
[EnemyManager] Enemigos activos: 0
[EnemyRenderer] Enemigos activos para dibujar: 0
[EnemyRenderer] No hay enemigos para dibujar.
[Camera] Posición: {X:821,99976 Y:901,99976}, Zoom: 1
[EnemyManager] Enemigos activos: 0
[EnemyRenderer] Enemigos activos para dibujar: 0
[EnemyRenderer] No hay enemigos para dibujar.
[Camera] Posición: {X:821,99976 Y:901,99976}, Zoom: 1
[EnemyManager] Enemigos activos: 0
[EnemyRenderer] Enemigos activos para dibujar: 0
[EnemyRenderer] No hay enemigos para dibujar.
[Camera] Posición: {X:821,99976 Y:901,99976}, Zoom: 1
[EnemyManager] Enemigos activos: 0
[EnemyRenderer] Enemigos activos para dibujar: 0
[EnemyRenderer] No hay enemigos para dibujar.
[Camera] Posición: {X:821,99976 Y:901,99976}, Zoom: 1
[EnemyManager] Enemigos activos: 0
[EnemyRenderer] Enemigos activos para dibujar: 0
[EnemyRenderer] No hay enemigos para dibujar.
[Camera] Posición: {X:821,99976 Y:901,99976}, Zoom: 1
[EnemyManager] Enemigos activos: 0
[EnemyRenderer] Enemigos activos para dibujar: 0
[EnemyRenderer] No hay enemigos para dibujar.
[Camera] Posición: {X:821,99976 Y:901,99976}, Zoom: 1
[EnemyManager] Enemigos activos: 0
[EnemyRenderer] Enemigos activos para dibujar: 0
[EnemyRenderer] No hay enemigos para dibujar.
[Camera] Posición: {X:821,99976 Y:901,99976}, Zoom: 1
[EnemyManager] Enemigos activos: 0
[EnemyRenderer] Enemigos activos para dibujar: 0
[EnemyRenderer] No hay enemigos para dibujar.
[Camera] Posición: {X:821,99976 Y:901,99976}, Zoom: 1
[EnemyManager] Enemigos activos: 0
[EnemyRenderer] Enemigos activos para dibujar: 0
[EnemyRenderer] No hay enemigos para dibujar.
[Camera] Posición: {X:821,99976 Y:901,99976}, Zoom: 1
[EnemyManager] Enemigos activos: 0
[EnemyRenderer] Enemigos activos para dibujar: 0
[EnemyRenderer] No hay enemigos para dibujar.
[Camera] Posición: {X:821,99976 Y:901,99976}, Zoom: 1
[EnemyManager] Enemigos activos: 0
[EnemyRenderer] Enemigos activos para dibujar: 0
[EnemyRenderer] No hay enemigos para dibujar.
[Camera] Posición: {X:821,99976 Y:901,99976}, Zoom: 1
[EnemyManager] Enemigos activos: 0
[EnemyRenderer] Enemigos activos para dibujar: 0
[EnemyRenderer] No hay enemigos para dibujar.
[Camera] Posición: {X:821,99976 Y:901,99976}, Zoom: 1
[EnemyManager] Enemigos activos: 0
[EnemyRenderer] Enemigos activos para dibujar: 0
[EnemyRenderer] No hay enemigos para dibujar.
[Camera] Posición: {X:821,99976 Y:901,99976}, Zoom: 1
[EnemyManager] Enemigos activos: 0
[EnemyRenderer] Enemigos activos para dibujar: 0
[EnemyRenderer] No hay enemigos para dibujar.
[Camera] Posición: {X:821,99976 Y:901,99976}, Zoom: 1
[EnemyManager] Enemigos activos: 0
[EnemyRenderer] Enemigos activos para dibujar: 0
[EnemyRenderer] No hay enemigos para dibujar.
[Camera] Posición: {X:821,99976 Y:901,99976}, Zoom: 1
[EnemyManager] Enemigos activos: 0
[EnemyRenderer] Enemigos activos para dibujar: 0
[EnemyRenderer] No hay enemigos para dibujar.
[Camera] Posición: {X:821,99976 Y:901,99976}, Zoom: 1
[EnemyManager] Enemigos activos: 0
[EnemyRenderer] Enemigos activos para dibujar: 0
[EnemyRenderer] No hay enemigos para dibujar.
[Camera] Posición: {X:821,99976 Y:901,99976}, Zoom: 1
[EnemyManager] Enemigos activos: 0
[EnemyRenderer] Enemigos activos para dibujar: 0
[EnemyRenderer] No hay enemigos para dibujar.
[Camera] Posición: {X:821,99976 Y:901,99976}, Zoom: 1
[EnemyManager] Enemigos activos: 0
[EnemyRenderer] Enemigos activos para dibujar: 0
[EnemyRenderer] No hay enemigos para dibujar.
[Camera] Posición: {X:821,99976 Y:901,99976}, Zoom: 1
[EnemyManager] Enemigos activos: 0
[EnemyRenderer] Enemigos activos para dibujar: 0
[EnemyRenderer] No hay enemigos para dibujar.
[Camera] Posición: {X:821,99976 Y:901,99976}, Zoom: 1
[EnemyManager] Enemigos activos: 0
[EnemyRenderer] Enemigos activos para dibujar: 0
[EnemyRenderer] No hay enemigos para dibujar.
[Camera] Posición: {X:821,99976 Y:901,99976}, Zoom: 1
[EnemyManager] Enemigos activos: 0
[EnemyRenderer] Enemigos activos para dibujar: 0
[EnemyRenderer] No hay enemigos para dibujar.
[Camera] Posición: {X:821,99976 Y:901,99976}, Zoom: 1
[EnemyManager] Enemigos activos: 0
[EnemyRenderer] Enemigos activos para dibujar: 0
[EnemyRenderer] No hay enemigos para dibujar.
[Camera] Posición: {X:821,99976 Y:901,99976}, Zoom: 1
[EnemyManager] Enemigos activos: 0
[EnemyRenderer] Enemigos activos para dibujar: 0
[EnemyRenderer] No hay enemigos para dibujar.
[Camera] Posición: {X:821,99976 Y:901,99976}, Zoom: 1
[EnemyManager] Enemigos activos: 0
[EnemyRenderer] Enemigos activos para dibujar: 0
[EnemyRenderer] No hay enemigos para dibujar.
[Camera] Posición: {X:821,99976 Y:901,99976}, Zoom: 1
[EnemyManager] Enemigos activos: 0
[EnemyRenderer] Enemigos activos para dibujar: 0
[EnemyRenderer] No hay enemigos para dibujar.
[Camera] Posición: {X:821,99976 Y:901,99976}, Zoom: 1
[EnemyManager] Enemigos activos: 0
[EnemyRenderer] Enemigos activos para dibujar: 0
[EnemyRenderer] No hay enemigos para dibujar.
[Camera] Posición: {X:821,99976 Y:901,99976}, Zoom: 1
[EnemyManager] Enemigos activos: 0
[EnemyRenderer] Enemigos activos para dibujar: 0
[EnemyRenderer] No hay enemigos para dibujar.
[Camera] Posición: {X:821,99976 Y:901,99976}, Zoom: 1
[EnemyManager] Enemigos activos: 0
[EnemyRenderer] Enemigos activos para dibujar: 0
[EnemyRenderer] No hay enemigos para dibujar.
[Camera] Posición: {X:821,99976 Y:901,99976}, Zoom: 1
[EnemyManager] Enemigos activos: 0
[EnemyRenderer] Enemigos activos para dibujar: 0
[EnemyRenderer] No hay enemigos para dibujar.
[Camera] Posición: {X:821,99976 Y:901,99976}, Zoom: 1
[EnemyManager] Enemigos activos: 0
[EnemyRenderer] Enemigos activos para dibujar: 0
[EnemyRenderer] No hay enemigos para dibujar.
[Camera] Posición: {X:821,99976 Y:901,99976}, Zoom: 1
[EnemyManager] Enemigos activos: 0
[EnemyRenderer] Enemigos activos para dibujar: 0
[EnemyRenderer] No hay enemigos para dibujar.
[Camera] Posición: {X:821,99976 Y:901,99976}, Zoom: 1
[EnemyManager] Enemigos activos: 0
[EnemyRenderer] Enemigos activos para dibujar: 0
[EnemyRenderer] No hay enemigos para dibujar.
[Camera] Posición: {X:821,99976 Y:901,99976}, Zoom: 1
[EnemyManager] Enemigos activos: 0
[EnemyRenderer] Enemigos activos para dibujar: 0
[EnemyRenderer] No hay enemigos para dibujar.
[Camera] Posición: {X:821,99976 Y:901,99976}, Zoom: 1
[EnemyManager] Enemigos activos: 0
[EnemyRenderer] Enemigos activos para dibujar: 0
[EnemyRenderer] No hay enemigos para dibujar.
[Camera] Posición: {X:821,99976 Y:901,99976}, Zoom: 1
[EnemyManager] Enemigos activos: 0
[EnemyRenderer] Enemigos activos para dibujar: 0
[EnemyRenderer] No hay enemigos para dibujar.
[Camera] Posición: {X:821,99976 Y:901,99976}, Zoom: 1
[EnemyManager] Enemigos activos: 0
[EnemyRenderer] Enemigos activos para dibujar: 0
[EnemyRenderer] No hay enemigos para dibujar.
[Camera] Posición: {X:821,99976 Y:901,99976}, Zoom: 1
[EnemyManager] Enemigos activos: 0
[EnemyRenderer] Enemigos activos para dibujar: 0
[EnemyRenderer] No hay enemigos para dibujar.
[Camera] Posición: {X:821,99976 Y:901,99976}, Zoom: 1
[EnemyManager] Enemigos activos: 0
[EnemyRenderer] Enemigos activos para dibujar: 0
[EnemyRenderer] No hay enemigos para dibujar.
[Camera] Posición: {X:821,99976 Y:901,99976}, Zoom: 1
[EnemyManager] Enemigos activos: 0
[EnemyRenderer] Enemigos activos para dibujar: 0
[EnemyRenderer] No hay enemigos para dibujar.
[Camera] Posición: {X:821,99976 Y:901,99976}, Zoom: 1
[EnemyManager] Enemigos activos: 0
[EnemyRenderer] Enemigos activos para dibujar: 0
[EnemyRenderer] No hay enemigos para dibujar.
[Camera] Posición: {X:821,99976 Y:901,99976}, Zoom: 1
[EnemyManager] Enemigos activos: 0
[EnemyRenderer] Enemigos activos para dibujar: 0
[EnemyRenderer] No hay enemigos para dibujar.
[Camera] Posición: {X:821,99976 Y:901,99976}, Zoom: 1
[EnemyManager] Enemigos activos: 0
[EnemyRenderer] Enemigos activos para dibujar: 0
[EnemyRenderer] No hay enemigos para dibujar.
[Camera] Posición: {X:821,99976 Y:901,99976}, Zoom: 1
[EnemyManager] Enemigos activos: 0
[EnemyRenderer] Enemigos activos para dibujar: 0
[EnemyRenderer] No hay enemigos para dibujar.
[Camera] Posición: {X:821,99976 Y:901,99976}, Zoom: 1
[EnemyManager] Enemigos activos: 0
[EnemyRenderer] Enemigos activos para dibujar: 0
[EnemyRenderer] No hay enemigos para dibujar.
[Camera] Posición: {X:821,99976 Y:901,99976}, Zoom: 1
[EnemyManager] Enemigos activos: 0
[EnemyRenderer] Enemigos activos para dibujar: 0
[EnemyRenderer] No hay enemigos para dibujar.
[Camera] Posición: {X:821,99976 Y:901,99976}, Zoom: 1
[EnemyManager] Enemigos activos: 0
[EnemyRenderer] Enemigos activos para dibujar: 0
[EnemyRenderer] No hay enemigos para dibujar.
[Camera] Posición: {X:821,99976 Y:901,99976}, Zoom: 1
[EnemyManager] Enemigos activos: 0
[EnemyRenderer] Enemigos activos para dibujar: 0
[EnemyRenderer] No hay enemigos para dibujar.
[Camera] Posición: {X:821,99976 Y:901,99976}, Zoom: 1
[EnemyManager] Enemigos activos: 0
[EnemyRenderer] Enemigos activos para dibujar: 0
[EnemyRenderer] No hay enemigos para dibujar.
[Camera] Posición: {X:821,99976 Y:901,99976}, Zoom: 1
[EnemyManager] Enemigos activos: 0
[EnemyRenderer] Enemigos activos para dibujar: 0
[EnemyRenderer] No hay enemigos para dibujar.
[Camera] Posición: {X:821,99976 Y:901,99976}, Zoom: 1
[EnemyManager] Enemigos activos: 0
[EnemyRenderer] Enemigos activos para dibujar: 0
[EnemyRenderer] No hay enemigos para dibujar.
[Camera] Posición: {X:821,99976 Y:901,99976}, Zoom: 1
[EnemyManager] Enemigos activos: 0
[EnemyRenderer] Enemigos activos para dibujar: 0
[EnemyRenderer] No hay enemigos para dibujar.
[Camera] Posición: {X:821,99976 Y:901,99976}, Zoom: 1
[EnemyManager] Enemigos activos: 0
[EnemyRenderer] Enemigos activos para dibujar: 0
[EnemyRenderer] No hay enemigos para dibujar.
[Camera] Posición: {X:821,99976 Y:901,99976}, Zoom: 1
[EnemyManager] Enemigos activos: 0
[EnemyRenderer] Enemigos activos para dibujar: 0
[EnemyRenderer] No hay enemigos para dibujar.
[Camera] Posición: {X:821,99976 Y:901,99976}, Zoom: 1
[EnemyManager] Enemigos activos: 0
[EnemyRenderer] Enemigos activos para dibujar: 0
[EnemyRenderer] No hay enemigos para dibujar.
[Camera] Posición: {X:821,99976 Y:901,99976}, Zoom: 1
[EnemyManager] Enemigos activos: 0
[EnemyRenderer] Enemigos activos para dibujar: 0
[EnemyRenderer] No hay enemigos para dibujar.
[Camera] Posición: {X:821,99976 Y:901,99976}, Zoom: 1
[EnemyManager] Enemigos activos: 0
[EnemyRenderer] Enemigos activos para dibujar: 0
[EnemyRenderer] No hay enemigos para dibujar.
[Camera] Posición: {X:821,99976 Y:901,99976}, Zoom: 1
[EnemyManager] Enemigos activos: 0
[EnemyRenderer] Enemigos activos para dibujar: 0
[EnemyRenderer] No hay enemigos para dibujar.
[Camera] Posición: {X:821,99976 Y:901,99976}, Zoom: 1
[EnemyManager] Enemigos activos: 0
[EnemyRenderer] Enemigos activos para dibujar: 0
[EnemyRenderer] No hay enemigos para dibujar.
[Camera] Posición: {X:821,99976 Y:901,99976}, Zoom: 1
[EnemyManager] Enemigos activos: 0
[EnemyRenderer] Enemigos activos para dibujar: 0
[EnemyRenderer] No hay enemigos para dibujar.
[Camera] Posición: {X:821,99976 Y:901,99976}, Zoom: 1
[EnemyManager] Enemigos activos: 0
[EnemyRenderer] Enemigos activos para dibujar: 0
[EnemyRenderer] No hay enemigos para dibujar.
[Camera] Posición: {X:821,99976 Y:901,99976}, Zoom: 1
[EnemyManager] Enemigos activos: 0
[EnemyRenderer] Enemigos activos para dibujar: 0
[EnemyRenderer] No hay enemigos para dibujar.
[Camera] Posición: {X:821,99976 Y:901,99976}, Zoom: 1
[EnemyManager] Enemigos activos: 0
[EnemyRenderer] Enemigos activos para dibujar: 0
[EnemyRenderer] No hay enemigos para dibujar.
[Camera] Posición: {X:821,99976 Y:901,99976}, Zoom: 1
[EnemyManager] Enemigos activos: 0
[EnemyRenderer] Enemigos activos para dibujar: 0
[EnemyRenderer] No hay enemigos para dibujar.
[Camera] Posición: {X:821,99976 Y:901,99976}, Zoom: 1
[EnemyManager] Enemigos activos: 0
[EnemyRenderer] Enemigos activos para dibujar: 0
[EnemyRenderer] No hay enemigos para dibujar.
[Camera] Posición: {X:821,99976 Y:901,99976}, Zoom: 1
[EnemyManager] Enemigos activos: 0
[EnemyRenderer] Enemigos activos para dibujar: 0
[EnemyRenderer] No hay enemigos para dibujar.
[Camera] Posición: {X:821,99976 Y:901,99976}, Zoom: 1
[EnemyManager] Enemigos activos: 0
[EnemyRenderer] Enemigos activos para dibujar: 0
[EnemyRenderer] No hay enemigos para dibujar.
[Camera] Posición: {X:821,99976 Y:901,99976}, Zoom: 1
[EnemyManager] Enemigos activos: 0
[EnemyRenderer] Enemigos activos para dibujar: 0
[EnemyRenderer] No hay enemigos para dibujar.
[Camera] Posición: {X:821,99976 Y:901,99976}, Zoom: 1
[EnemyManager] Enemigos activos: 0
[EnemyRenderer] Enemigos activos para dibujar: 0
[EnemyRenderer] No hay enemigos para dibujar.
[Camera] Posición: {X:821,99976 Y:901,99976}, Zoom: 1
[EnemyManager] Enemigos activos: 0
[EnemyRenderer] Enemigos activos para dibujar: 0
[EnemyRenderer] No hay enemigos para dibujar.
[Camera] Posición: {X:821,99976 Y:901,99976}, Zoom: 1
[EnemyManager] Enemigos activos: 0
[EnemyRenderer] Enemigos activos para dibujar: 0
[EnemyRenderer] No hay enemigos para dibujar.
[Camera] Posición: {X:821,99976 Y:901,99976}, Zoom: 1
[EnemyManager] Enemigos activos: 0
[EnemyRenderer] Enemigos activos para dibujar: 0
[EnemyRenderer] No hay enemigos para dibujar.
[Camera] Posición: {X:821,99976 Y:901,99976}, Zoom: 1
[EnemyManager] Enemigos activos: 0
[EnemyRenderer] Enemigos activos para dibujar: 0
[EnemyRenderer] No hay enemigos para dibujar.
[Camera] Posición: {X:821,99976 Y:901,99976}, Zoom: 1
[EnemyManager] Enemigos activos: 0
[EnemyRenderer] Enemigos activos para dibujar: 0
[EnemyRenderer] No hay enemigos para dibujar.
[Camera] Posición: {X:821,99976 Y:901,99976}, Zoom: 1
[EnemyManager] Enemigos activos: 0
[EnemyRenderer] Enemigos activos para dibujar: 0
[EnemyRenderer] No hay enemigos para dibujar.
[Camera] Posición: {X:821,99976 Y:901,99976}, Zoom: 1
[EnemyManager] Enemigos activos: 0
[EnemyRenderer] Enemigos activos para dibujar: 0
[EnemyRenderer] No hay enemigos para dibujar.
[Camera] Posición: {X:821,99976 Y:901,99976}, Zoom: 1
[EnemyManager] Enemigos activos: 0
[EnemyRenderer] Enemigos activos para dibujar: 0
[EnemyRenderer] No hay enemigos para dibujar.
[Camera] Posición: {X:821,99976 Y:901,99976}, Zoom: 1
[EnemyManager] Enemigos activos: 0
[EnemyRenderer] Enemigos activos para dibujar: 0
[EnemyRenderer] No hay enemigos para dibujar.
[Camera] Posición: {X:821,99976 Y:901,99976}, Zoom: 1
[EnemyManager] Enemigos activos: 0
[EnemyRenderer] Enemigos activos para dibujar: 0
[EnemyRenderer] No hay enemigos para dibujar.
[Camera] Posición: {X:821,99976 Y:901,99976}, Zoom: 1
[EnemyManager] Enemigos activos: 0
[EnemyRenderer] Enemigos activos para dibujar: 0
[EnemyRenderer] No hay enemigos para dibujar.
[Camera] Posición: {X:821,99976 Y:901,99976}, Zoom: 1
[EnemyManager] Enemigos activos: 0
[EnemyRenderer] Enemigos activos para dibujar: 0
[EnemyRenderer] No hay enemigos para dibujar.
[Camera] Posición: {X:821,99976 Y:901,99976}, Zoom: 1
[EnemyManager] Enemigos activos: 0
[EnemyRenderer] Enemigos activos para dibujar: 0
[EnemyRenderer] No hay enemigos para dibujar.
[Camera] Posición: {X:821,99976 Y:901,99976}, Zoom: 1
[EnemyManager] Enemigos activos: 0
[EnemyRenderer] Enemigos activos para dibujar: 0
[EnemyRenderer] No hay enemigos para dibujar.
[Camera] Posición: {X:821,99976 Y:901,99976}, Zoom: 1
[EnemyManager] Enemigos activos: 0
[EnemyRenderer] Enemigos activos para dibujar: 0
[EnemyRenderer] No hay enemigos para dibujar.
[Camera] Posición: {X:821,99976 Y:901,99976}, Zoom: 1
[EnemyManager] Enemigos activos: 0
[EnemyRenderer] Enemigos activos para dibujar: 0
[EnemyRenderer] No hay enemigos para dibujar.
[Camera] Posición: {X:821,99976 Y:901,99976}, Zoom: 1
[EnemyManager] Enemigos activos: 0
[EnemyRenderer] Enemigos activos para dibujar: 0
[EnemyRenderer] No hay enemigos para dibujar.
[Camera] Posición: {X:821,99976 Y:901,99976}, Zoom: 1
[EnemyManager] Enemigos activos: 0
[EnemyRenderer] Enemigos activos para dibujar: 0
[EnemyRenderer] No hay enemigos para dibujar.
[Camera] Posición: {X:821,99976 Y:901,99976}, Zoom: 1
[EnemyManager] Enemigos activos: 0
[EnemyRenderer] Enemigos activos para dibujar: 0
[EnemyRenderer] No hay enemigos para dibujar.
[Camera] Posición: {X:821,99976 Y:901,99976}, Zoom: 1
[EnemyManager] Enemigos activos: 0
[EnemyRenderer] Enemigos activos para dibujar: 0
[EnemyRenderer] No hay enemigos para dibujar.
[Camera] Posición: {X:821,99976 Y:901,99976}, Zoom: 1
[EnemyManager] Enemigos activos: 0
[EnemyRenderer] Enemigos activos para dibujar: 0
[EnemyRenderer] No hay enemigos para dibujar.
[Camera] Posición: {X:821,99976 Y:901,99976}, Zoom: 1
[EnemyManager] Enemigos activos: 0
[EnemyRenderer] Enemigos activos para dibujar: 0
[EnemyRenderer] No hay enemigos para dibujar.
[Camera] Posición: {X:821,99976 Y:901,99976}, Zoom: 1
[EnemyManager] Enemigos activos: 0
[EnemyRenderer] Enemigos activos para dibujar: 0
[EnemyRenderer] No hay enemigos para dibujar.
[Camera] Posición: {X:821,99976 Y:901,99976}, Zoom: 1
[EnemyManager] Enemigos activos: 0
[EnemyRenderer] Enemigos activos para dibujar: 0
[EnemyRenderer] No hay enemigos para dibujar.
[Camera] Posición: {X:821,99976 Y:901,99976}, Zoom: 1
[EnemyManager] Enemigos activos: 0
[EnemyRenderer] Enemigos activos para dibujar: 0
[EnemyRenderer] No hay enemigos para dibujar.
[Camera] Posición: {X:821,99976 Y:901,99976}, Zoom: 1
[EnemyManager] Enemigos activos: 0
[EnemyRenderer] Enemigos activos para dibujar: 0
[EnemyRenderer] No hay enemigos para dibujar.
[Camera] Posición: {X:821,99976 Y:901,99976}, Zoom: 1
[EnemyManager] Enemigos activos: 0
[EnemyRenderer] Enemigos activos para dibujar: 0
[EnemyRenderer] No hay enemigos para dibujar.
[Camera] Posición: {X:821,99976 Y:901,99976}, Zoom: 1
[EnemyManager] Enemigos activos: 0
[EnemyRenderer] Enemigos activos para dibujar: 0
[EnemyRenderer] No hay enemigos para dibujar.
[Camera] Posición: {X:821,99976 Y:901,99976}, Zoom: 1
[EnemyManager] Enemigos activos: 0
[EnemyRenderer] Enemigos activos para dibujar: 0
[EnemyRenderer] No hay enemigos para dibujar.
[Camera] Posición: {X:821,99976 Y:901,99976}, Zoom: 1
[EnemyManager] Enemigos activos: 0
[EnemyRenderer] Enemigos activos para dibujar: 0
[EnemyRenderer] No hay enemigos para dibujar.
[Camera] Posición: {X:821,99976 Y:901,99976}, Zoom: 1
[EnemyManager] Enemigos activos: 0
[EnemyRenderer] Enemigos activos para dibujar: 0
[EnemyRenderer] No hay enemigos para dibujar.
[Camera] Posición: {X:821,99976 Y:901,99976}, Zoom: 1
[EnemyManager] Enemigos activos: 0
[EnemyRenderer] Enemigos activos para dibujar: 0
[EnemyRenderer] No hay enemigos para dibujar.
[Camera] Posición: {X:821,99976 Y:901,99976}, Zoom: 1
[EnemyManager] Enemigos activos: 0
[EnemyRenderer] Enemigos activos para dibujar: 0
[EnemyRenderer] No hay enemigos para dibujar.
[Camera] Posición: {X:821,99976 Y:901,99976}, Zoom: 1
[EnemyManager] Enemigos activos: 0
[EnemyRenderer] Enemigos activos para dibujar: 0
[EnemyRenderer] No hay enemigos para dibujar.
[Camera] Posición: {X:821,99976 Y:901,99976}, Zoom: 1
[EnemyManager] Enemigos activos: 0
[EnemyRenderer] Enemigos activos para dibujar: 0
[EnemyRenderer] No hay enemigos para dibujar.
[Camera] Posición: {X:821,99976 Y:901,99976}, Zoom: 1
[EnemyManager] Enemigos activos: 0
[EnemyRenderer] Enemigos activos para dibujar: 0
[EnemyRenderer] No hay enemigos para dibujar.
[Camera] Posición: {X:821,99976 Y:901,99976}, Zoom: 1
[EnemyManager] Enemigos activos: 0
[EnemyRenderer] Enemigos activos para dibujar: 0
[EnemyRenderer] No hay enemigos para dibujar.
[Camera] Posición: {X:821,99976 Y:901,99976}, Zoom: 1
[EnemyManager] Enemigos activos: 0
[EnemyRenderer] Enemigos activos para dibujar: 0
[EnemyRenderer] No hay enemigos para dibujar.
[Camera] Posición: {X:821,99976 Y:901,99976}, Zoom: 1
[EnemyManager] Enemigos activos: 0
[EnemyRenderer] Enemigos activos para dibujar: 0
[EnemyRenderer] No hay enemigos para dibujar.
[Camera] Posición: {X:821,99976 Y:901,99976}, Zoom: 1
[EnemyManager] Enemigos activos: 0
[EnemyRenderer] Enemigos activos para dibujar: 0
[EnemyRenderer] No hay enemigos para dibujar.
[Camera] Posición: {X:821,99976 Y:901,99976}, Zoom: 1
[EnemyManager] Enemigos activos: 0
[EnemyRenderer] Enemigos activos para dibujar: 0
[EnemyRenderer] No hay enemigos para dibujar.
[Camera] Posición: {X:821,99976 Y:901,99976}, Zoom: 1
[EnemyManager] Enemigos activos: 0
[EnemyRenderer] Enemigos activos para dibujar: 0
[EnemyRenderer] No hay enemigos para dibujar.
[Camera] Posición: {X:821,99976 Y:901,99976}, Zoom: 1
[EnemyManager] Enemigos activos: 0
[EnemyRenderer] Enemigos activos para dibujar: 0
[EnemyRenderer] No hay enemigos para dibujar.
[Camera] Posición: {X:821,99976 Y:901,99976}, Zoom: 1
[EnemyManager] Enemigos activos: 0
[EnemyRenderer] Enemigos activos para dibujar: 0
[EnemyRenderer] No hay enemigos para dibujar.
[Camera] Posición: {X:821,99976 Y:901,99976}, Zoom: 1
[EnemyManager] Enemigos activos: 0
[EnemyRenderer] Enemigos activos para dibujar: 0
[EnemyRenderer] No hay enemigos para dibujar.
[Camera] Posición: {X:821,99976 Y:901,99976}, Zoom: 1
[EnemyManager] Enemigos activos: 0
[EnemyRenderer] Enemigos activos para dibujar: 0
[EnemyRenderer] No hay enemigos para dibujar.
[Camera] Posición: {X:821,99976 Y:901,99976}, Zoom: 1
[EnemyManager] Enemigos activos: 0
[EnemyRenderer] Enemigos activos para dibujar: 0
[EnemyRenderer] No hay enemigos para dibujar.
[Camera] Posición: {X:821,99976 Y:901,99976}, Zoom: 1
[EnemyManager] Enemigos activos: 0
[EnemyRenderer] Enemigos activos para dibujar: 0
[EnemyRenderer] No hay enemigos para dibujar.
[Camera] Posición: {X:821,99976 Y:901,99976}, Zoom: 1
[EnemyManager] Enemigos activos: 0
[EnemyRenderer] Enemigos activos para dibujar: 0
[EnemyRenderer] No hay enemigos para dibujar.
[Camera] Posición: {X:821,99976 Y:901,99976}, Zoom: 1
[EnemyManager] Enemigos activos: 0
[EnemyRenderer] Enemigos activos para dibujar: 0
[EnemyRenderer] No hay enemigos para dibujar.
[Camera] Posición: {X:821,99976 Y:901,99976}, Zoom: 1
[EnemyManager] Enemigos activos: 0
[EnemyRenderer] Enemigos activos para dibujar: 0
[EnemyRenderer] No hay enemigos para dibujar.
[Camera] Posición: {X:821,99976 Y:901,99976}, Zoom: 1
[EnemyManager] Enemigos activos: 0
[EnemyRenderer] Enemigos activos para dibujar: 0
[EnemyRenderer] No hay enemigos para dibujar.
[Camera] Posición: {X:821,99976 Y:901,99976}, Zoom: 1
[EnemyManager] Enemigos activos: 0
[EnemyRenderer] Enemigos activos para dibujar: 0
[EnemyRenderer] No hay enemigos para dibujar.
[Camera] Posición: {X:821,99976 Y:901,99976}, Zoom: 1
[EnemyManager] Enemigos activos: 0
[EnemyRenderer] Enemigos activos para dibujar: 0
[EnemyRenderer] No hay enemigos para dibujar.
[Camera] Posición: {X:821,99976 Y:901,99976}, Zoom: 1
[EnemyManager] Enemigos activos: 0
[EnemyRenderer] Enemigos activos para dibujar: 0
[EnemyRenderer] No hay enemigos para dibujar.
[Camera] Posición: {X:821,99976 Y:901,99976}, Zoom: 1
[EnemyManager] Enemigos activos: 0
[EnemyRenderer] Enemigos activos para dibujar: 0
[EnemyRenderer] No hay enemigos para dibujar.
[Camera] Posición: {X:821,99976 Y:901,99976}, Zoom: 1
[EnemyManager] Enemigos activos: 0
[EnemyRenderer] Enemigos activos para dibujar: 0
[EnemyRenderer] No hay enemigos para dibujar.
[Camera] Posición: {X:821,99976 Y:901,99976}, Zoom: 1
[EnemyManager] Enemigos activos: 0
[EnemyRenderer] Enemigos activos para dibujar: 0
[EnemyRenderer] No hay enemigos para dibujar.
[Camera] Posición: {X:821,99976 Y:901,99976}, Zoom: 1
[EnemyManager] Enemigos activos: 0
[EnemyRenderer] Enemigos activos para dibujar: 0
[EnemyRenderer] No hay enemigos para dibujar.
[Camera] Posición: {X:821,99976 Y:901,99976}, Zoom: 1
[EnemyManager] Enemigos activos: 0
[EnemyRenderer] Enemigos activos para dibujar: 0
[EnemyRenderer] No hay enemigos para dibujar.
[Camera] Posición: {X:821,99976 Y:901,99976}, Zoom: 1
[EnemyManager] Enemigos activos: 0
[EnemyRenderer] Enemigos activos para dibujar: 0
[EnemyRenderer] No hay enemigos para dibujar.
[Camera] Posición: {X:821,99976 Y:901,99976}, Zoom: 1
[EnemyManager] Enemigos activos: 0
[EnemyRenderer] Enemigos activos para dibujar: 0
[EnemyRenderer] No hay enemigos para dibujar.
[Camera] Posición: {X:821,99976 Y:901,99976}, Zoom: 1
[EnemyManager] Enemigos activos: 0
[EnemyRenderer] Enemigos activos para dibujar: 0
[EnemyRenderer] No hay enemigos para dibujar.
[Camera] Posición: {X:821,99976 Y:901,99976}, Zoom: 1
[EnemyManager] Enemigos activos: 0
[EnemyRenderer] Enemigos activos para dibujar: 0
[EnemyRenderer] No hay enemigos para dibujar.
[Camera] Posición: {X:821,99976 Y:901,99976}, Zoom: 1
[EnemyManager] Enemigos activos: 0
[EnemyRenderer] Enemigos activos para dibujar: 0
[EnemyRenderer] No hay enemigos para dibujar.
[Camera] Posición: {X:821,99976 Y:901,99976}, Zoom: 1
[EnemyManager] Enemigos activos: 0
[EnemyRenderer] Enemigos activos para dibujar: 0
[EnemyRenderer] No hay enemigos para dibujar.
[Camera] Posición: {X:821,99976 Y:901,99976}, Zoom: 1
[EnemyManager] Enemigos activos: 0
[EnemyRenderer] Enemigos activos para dibujar: 0
[EnemyRenderer] No hay enemigos para dibujar.
[Camera] Posición: {X:821,99976 Y:901,99976}, Zoom: 1
[EnemyManager] Enemigos activos: 0
[EnemyRenderer] Enemigos activos para dibujar: 0
[EnemyRenderer] No hay enemigos para dibujar.
[Camera] Posición: {X:821,99976 Y:901,99976}, Zoom: 1
[EnemyManager] Enemigos activos: 0
[EnemyRenderer] Enemigos activos para dibujar: 0
[EnemyRenderer] No hay enemigos para dibujar.
[Camera] Posición: {X:821,99976 Y:901,99976}, Zoom: 1
[EnemyManager] Enemigos activos: 0
[EnemyRenderer] Enemigos activos para dibujar: 0
[EnemyRenderer] No hay enemigos para dibujar.
[Camera] Posición: {X:821,99976 Y:901,99976}, Zoom: 1
[EnemyManager] Enemigos activos: 0
[EnemyRenderer] Enemigos activos para dibujar: 0
[EnemyRenderer] No hay enemigos para dibujar.
[Camera] Posición: {X:821,99976 Y:901,99976}, Zoom: 1
[EnemyManager] Enemigos activos: 0
[EnemyRenderer] Enemigos activos para dibujar: 0
[EnemyRenderer] No hay enemigos para dibujar.
[Camera] Posición: {X:821,99976 Y:901,99976}, Zoom: 1
[EnemyManager] Enemigos activos: 0
[EnemyRenderer] Enemigos activos para dibujar: 0
[EnemyRenderer] No hay enemigos para dibujar.
[Camera] Posición: {X:821,99976 Y:901,99976}, Zoom: 1
[EnemyManager] Enemigos activos: 0
[EnemyRenderer] Enemigos activos para dibujar: 0
[EnemyRenderer] No hay enemigos para dibujar.
[Camera] Posición: {X:821,99976 Y:901,99976}, Zoom: 1
[EnemyManager] Enemigos activos: 0
[EnemyRenderer] Enemigos activos para dibujar: 0
[EnemyRenderer] No hay enemigos para dibujar.
[Camera] Posición: {X:821,99976 Y:901,99976}, Zoom: 1
[EnemyManager] Enemigos activos: 0
[EnemyRenderer] Enemigos activos para dibujar: 0
[EnemyRenderer] No hay enemigos para dibujar.
[Camera] Posición: {X:821,99976 Y:901,99976}, Zoom: 1
[EnemyManager] Enemigos activos: 0
[EnemyRenderer] Enemigos activos para dibujar: 0
[EnemyRenderer] No hay enemigos para dibujar.
[Camera] Posición: {X:821,99976 Y:901,99976}, Zoom: 1
[EnemyManager] Enemigos activos: 0
[EnemyRenderer] Enemigos activos para dibujar: 0
[EnemyRenderer] No hay enemigos para dibujar.
[Camera] Posición: {X:821,99976 Y:901,99976}, Zoom: 1
[EnemyManager] Enemigos activos: 0
[EnemyRenderer] Enemigos activos para dibujar: 0
[EnemyRenderer] No hay enemigos para dibujar.
[Camera] Posición: {X:821,99976 Y:901,99976}, Zoom: 1
[EnemyManager] Enemigos activos: 0
[EnemyRenderer] Enemigos activos para dibujar: 0
[EnemyRenderer] No hay enemigos para dibujar.
[Camera] Posición: {X:821,99976 Y:901,99976}, Zoom: 1
[EnemyManager] Enemigos activos: 0
[EnemyRenderer] Enemigos activos para dibujar: 0
[EnemyRenderer] No hay enemigos para dibujar.
[Camera] Posición: {X:821,99976 Y:901,99976}, Zoom: 1
[EnemyManager] Enemigos activos: 0
[EnemyRenderer] Enemigos activos para dibujar: 0
[EnemyRenderer] No hay enemigos para dibujar.
[Camera] Posición: {X:821,99976 Y:901,99976}, Zoom: 1
[EnemyManager] Enemigos activos: 0
[EnemyRenderer] Enemigos activos para dibujar: 0
[EnemyRenderer] No hay enemigos para dibujar.
[Camera] Posición: {X:821,99976 Y:901,99976}, Zoom: 1
[EnemyManager] Enemigos activos: 0
[EnemyRenderer] Enemigos activos para dibujar: 0
[EnemyRenderer] No hay enemigos para dibujar.
[Camera] Posición: {X:821,99976 Y:901,99976}, Zoom: 1
[EnemyManager] Enemigos activos: 0
[EnemyRenderer] Enemigos activos para dibujar: 0
[EnemyRenderer] No hay enemigos para dibujar.
[Camera] Posición: {X:821,99976 Y:901,99976}, Zoom: 1
[EnemyManager] Enemigos activos: 0
[EnemyRenderer] Enemigos activos para dibujar: 0
[EnemyRenderer] No hay enemigos para dibujar.
[Camera] Posición: {X:821,99976 Y:901,99976}, Zoom: 1
[EnemyManager] Enemigos activos: 0
[EnemyRenderer] Enemigos activos para dibujar: 0
[EnemyRenderer] No hay enemigos para dibujar.
[Camera] Posición: {X:821,99976 Y:901,99976}, Zoom: 1
[EnemyManager] Enemigos activos: 0
[EnemyRenderer] Enemigos activos para dibujar: 0
[EnemyRenderer] No hay enemigos para dibujar.
[Camera] Posición: {X:821,99976 Y:901,99976}, Zoom: 1
[EnemyManager] Enemigos activos: 0
[EnemyRenderer] Enemigos activos para dibujar: 0
[EnemyRenderer] No hay enemigos para dibujar.
[Camera] Posición: {X:821,99976 Y:901,99976}, Zoom: 1
[EnemyManager] Enemigos activos: 0
[EnemyRenderer] Enemigos activos para dibujar: 0
[EnemyRenderer] No hay enemigos para dibujar.
[Camera] Posición: {X:821,99976 Y:901,99976}, Zoom: 1
[EnemyManager] Enemigos activos: 0
[EnemyRenderer] Enemigos activos para dibujar: 0
[EnemyRenderer] No hay enemigos para dibujar.
[Camera] Posición: {X:821,99976 Y:901,99976}, Zoom: 1
[EnemyManager] Enemigos activos: 0
[EnemyRenderer] Enemigos activos para dibujar: 0
[EnemyRenderer] No hay enemigos para dibujar.
[Camera] Posición: {X:821,99976 Y:901,99976}, Zoom: 1
[EnemyManager] Enemigos activos: 0
[EnemyRenderer] Enemigos activos para dibujar: 0
[EnemyRenderer] No hay enemigos para dibujar.
[Camera] Posición: {X:821,99976 Y:901,99976}, Zoom: 1
[EnemyManager] Enemigos activos: 0
[EnemyRenderer] Enemigos activos para dibujar: 0
[EnemyRenderer] No hay enemigos para dibujar.
[Camera] Posición: {X:821,99976 Y:901,99976}, Zoom: 1
[EnemyManager] Enemigos activos: 0
[EnemyRenderer] Enemigos activos para dibujar: 0
[EnemyRenderer] No hay enemigos para dibujar.
[Camera] Posición: {X:821,99976 Y:901,99976}, Zoom: 1
[EnemyManager] Enemigos activos: 0
[EnemyRenderer] Enemigos activos para dibujar: 0
[EnemyRenderer] No hay enemigos para dibujar.
[Camera] Posición: {X:821,99976 Y:901,99976}, Zoom: 1
[EnemyManager] Enemigos activos: 0
[EnemyRenderer] Enemigos activos para dibujar: 0
[EnemyRenderer] No hay enemigos para dibujar.
[Camera] Posición: {X:821,99976 Y:901,99976}, Zoom: 1
[EnemyManager] Enemigos activos: 0
[EnemyRenderer] Enemigos activos para dibujar: 0
[EnemyRenderer] No hay enemigos para dibujar.
[Camera] Posición: {X:821,99976 Y:901,99976}, Zoom: 1
[EnemyManager] Enemigos activos: 0
[EnemyRenderer] Enemigos activos para dibujar: 0
[EnemyRenderer] No hay enemigos para dibujar.
[Camera] Posición: {X:821,99976 Y:901,99976}, Zoom: 1
[EnemyManager] Enemigos activos: 0
[EnemyRenderer] Enemigos activos para dibujar: 0
[EnemyRenderer] No hay enemigos para dibujar.
[Camera] Posición: {X:821,99976 Y:901,99976}, Zoom: 1
[EnemyManager] Enemigos activos: 0
[EnemyRenderer] Enemigos activos para dibujar: 0
[EnemyRenderer] No hay enemigos para dibujar.
[Camera] Posición: {X:821,99976 Y:901,99976}, Zoom: 1
[EnemyManager] Enemigos activos: 0
[EnemyRenderer] Enemigos activos para dibujar: 0
[EnemyRenderer] No hay enemigos para dibujar.
[Camera] Posición: {X:821,99976 Y:901,99976}, Zoom: 1
[EnemyManager] Enemigos activos: 0
[EnemyRenderer] Enemigos activos para dibujar: 0
[EnemyRenderer] No hay enemigos para dibujar.
[Camera] Posición: {X:821,99976 Y:901,99976}, Zoom: 1
[EnemyManager] Enemigos activos: 0
[EnemyRenderer] Enemigos activos para dibujar: 0
[EnemyRenderer] No hay enemigos para dibujar.
[Camera] Posición: {X:821,99976 Y:901,99976}, Zoom: 1
[EnemyManager] Enemigos activos: 0
[EnemyRenderer] Enemigos activos para dibujar: 0
[EnemyRenderer] No hay enemigos para dibujar.
[Camera] Posición: {X:821,99976 Y:901,99976}, Zoom: 1
[EnemyManager] Enemigos activos: 0
[EnemyRenderer] Enemigos activos para dibujar: 0
[EnemyRenderer] No hay enemigos para dibujar.
[Camera] Posición: {X:821,99976 Y:901,99976}, Zoom: 1
[EnemyManager] Enemigos activos: 0
[EnemyRenderer] Enemigos activos para dibujar: 0
[EnemyRenderer] No hay enemigos para dibujar.
[Camera] Posición: {X:821,99976 Y:901,99976}, Zoom: 1
[EnemyManager] Enemigos activos: 0
[EnemyRenderer] Enemigos activos para dibujar: 0
[EnemyRenderer] No hay enemigos para dibujar.
[Camera] Posición: {X:821,99976 Y:901,99976}, Zoom: 1
[EnemyManager] Enemigos activos: 0
[EnemyRenderer] Enemigos activos para dibujar: 0
[EnemyRenderer] No hay enemigos para dibujar.
[Camera] Posición: {X:821,99976 Y:901,99976}, Zoom: 1
[EnemyManager] Enemigos activos: 0
[EnemyRenderer] Enemigos activos para dibujar: 0
[EnemyRenderer] No hay enemigos para dibujar.
[Camera] Posición: {X:821,99976 Y:901,99976}, Zoom: 1
[EnemyManager] Enemigos activos: 0
[EnemyRenderer] Enemigos activos para dibujar: 0
[EnemyRenderer] No hay enemigos para dibujar.
[Camera] Posición: {X:821,99976 Y:901,99976}, Zoom: 1
[EnemyManager] Enemigos activos: 0
[EnemyRenderer] Enemigos activos para dibujar: 0
[EnemyRenderer] No hay enemigos para dibujar.
[Camera] Posición: {X:821,99976 Y:901,99976}, Zoom: 1
[EnemyManager] Enemigos activos: 0
[EnemyRenderer] Enemigos activos para dibujar: 0
[EnemyRenderer] No hay enemigos para dibujar.
[Camera] Posición: {X:821,99976 Y:901,99976}, Zoom: 1
[EnemyManager] Enemigos activos: 0
[EnemyRenderer] Enemigos activos para dibujar: 0
[EnemyRenderer] No hay enemigos para dibujar.
[Camera] Posición: {X:821,99976 Y:901,99976}, Zoom: 1
[EnemyManager] Enemigos activos: 0
[EnemyRenderer] Enemigos activos para dibujar: 0
[EnemyRenderer] No hay enemigos para dibujar.
[Camera] Posición: {X:821,99976 Y:901,99976}, Zoom: 1
[EnemyManager] Enemigos activos: 0
[EnemyRenderer] Enemigos activos para dibujar: 0
[EnemyRenderer] No hay enemigos para dibujar.
[Camera] Posición: {X:821,99976 Y:901,99976}, Zoom: 1
[EnemyManager] Enemigos activos: 0
[EnemyRenderer] Enemigos activos para dibujar: 0
[EnemyRenderer] No hay enemigos para dibujar.
[Camera] Posición: {X:821,99976 Y:901,99976}, Zoom: 1
[EnemyManager] Enemigos activos: 0
[EnemyRenderer] Enemigos activos para dibujar: 0
[EnemyRenderer] No hay enemigos para dibujar.
[Camera] Posición: {X:821,99976 Y:901,99976}, Zoom: 1
[EnemyManager] Enemigos activos: 0
[EnemyRenderer] Enemigos activos para dibujar: 0
[EnemyRenderer] No hay enemigos para dibujar.
[Camera] Posición: {X:821,99976 Y:901,99976}, Zoom: 1
[EnemyManager] Enemigos activos: 0
[EnemyRenderer] Enemigos activos para dibujar: 0
[EnemyRenderer] No hay enemigos para dibujar.
[Camera] Posición: {X:821,99976 Y:901,99976}, Zoom: 1
[EnemyManager] Enemigos activos: 0
[EnemyRenderer] Enemigos activos para dibujar: 0
[EnemyRenderer] No hay enemigos para dibujar.
[Camera] Posición: {X:821,99976 Y:901,99976}, Zoom: 1
[EnemyManager] Enemigos activos: 0
[EnemyRenderer] Enemigos activos para dibujar: 0
[EnemyRenderer] No hay enemigos para dibujar.
[Camera] Posición: {X:821,99976 Y:901,99976}, Zoom: 1
[EnemyManager] Enemigos activos: 0
[EnemyRenderer] Enemigos activos para dibujar: 0
[EnemyRenderer] No hay enemigos para dibujar.
[Camera] Posición: {X:821,99976 Y:901,99976}, Zoom: 1
[EnemyManager] Enemigos activos: 0
[EnemyRenderer] Enemigos activos para dibujar: 0
[EnemyRenderer] No hay enemigos para dibujar.
[Camera] Posición: {X:821,99976 Y:901,99976}, Zoom: 1
[EnemyManager] Enemigos activos: 0
[EnemyRenderer] Enemigos activos para dibujar: 0
[EnemyRenderer] No hay enemigos para dibujar.
[Camera] Posición: {X:821,99976 Y:901,99976}, Zoom: 1
[EnemyManager] Enemigos activos: 0
[EnemyRenderer] Enemigos activos para dibujar: 0
[EnemyRenderer] No hay enemigos para dibujar.
[Camera] Posición: {X:821,99976 Y:901,99976}, Zoom: 1
[EnemyManager] Enemigos activos: 0
[EnemyRenderer] Enemigos activos para dibujar: 0
[EnemyRenderer] No hay enemigos para dibujar.
[Camera] Posición: {X:821,99976 Y:901,99976}, Zoom: 1
[EnemyManager] Enemigos activos: 0
[EnemyRenderer] Enemigos activos para dibujar: 0
[EnemyRenderer] No hay enemigos para dibujar.
[Camera] Posición: {X:821,99976 Y:901,99976}, Zoom: 1
[EnemyManager] Enemigos activos: 0
[EnemyRenderer] Enemigos activos para dibujar: 0
[EnemyRenderer] No hay enemigos para dibujar.
[Camera] Posición: {X:821,99976 Y:901,99976}, Zoom: 1
[EnemyManager] Enemigos activos: 0
[EnemyRenderer] Enemigos activos para dibujar: 0
[EnemyRenderer] No hay enemigos para dibujar.
[Camera] Posición: {X:821,99976 Y:901,99976}, Zoom: 1
[EnemyManager] Enemigos activos: 0
[EnemyRenderer] Enemigos activos para dibujar: 0
[EnemyRenderer] No hay enemigos para dibujar.
[Camera] Posición: {X:821,99976 Y:901,99976}, Zoom: 1
[EnemyManager] Enemigos activos: 0
[EnemyRenderer] Enemigos activos para dibujar: 0
[EnemyRenderer] No hay enemigos para dibujar.
[Camera] Posición: {X:821,99976 Y:901,99976}, Zoom: 1
[EnemyManager] Enemigos activos: 0
[EnemyRenderer] Enemigos activos para dibujar: 0
[EnemyRenderer] No hay enemigos para dibujar.
[Camera] Posición: {X:821,99976 Y:901,99976}, Zoom: 1
[EnemyManager] Enemigos activos: 0
[EnemyRenderer] Enemigos activos para dibujar: 0
[EnemyRenderer] No hay enemigos para dibujar.
[Camera] Posición: {X:821,99976 Y:901,99976}, Zoom: 1
[EnemyManager] Enemigos activos: 0
[EnemyRenderer] Enemigos activos para dibujar: 0
[EnemyRenderer] No hay enemigos para dibujar.
[Camera] Posición: {X:821,99976 Y:901,99976}, Zoom: 1
[EnemyManager] Enemigos activos: 0
[EnemyRenderer] Enemigos activos para dibujar: 0
[EnemyRenderer] No hay enemigos para dibujar.
[Camera] Posición: {X:821,99976 Y:901,99976}, Zoom: 1
[EnemyManager] Enemigos activos: 0
[EnemyRenderer] Enemigos activos para dibujar: 0
[EnemyRenderer] No hay enemigos para dibujar.
[Camera] Posición: {X:821,99976 Y:901,99976}, Zoom: 1
[EnemyManager] Enemigos activos: 0
[EnemyRenderer] Enemigos activos para dibujar: 0
[EnemyRenderer] No hay enemigos para dibujar.
[Camera] Posición: {X:821,99976 Y:901,99976}, Zoom: 1
[EnemyManager] Enemigos activos: 0
[EnemyRenderer] Enemigos activos para dibujar: 0
[EnemyRenderer] No hay enemigos para dibujar.
[Camera] Posición: {X:821,99976 Y:901,99976}, Zoom: 1
[EnemyManager] Enemigos activos: 0
[EnemyRenderer] Enemigos activos para dibujar: 0
[EnemyRenderer] No hay enemigos para dibujar.
[Camera] Posición: {X:821,99976 Y:901,99976}, Zoom: 1
[EnemyManager] Enemigos activos: 0
[EnemyRenderer] Enemigos activos para dibujar: 0
[EnemyRenderer] No hay enemigos para dibujar.
[Camera] Posición: {X:821,99976 Y:901,99976}, Zoom: 1
[EnemyManager] Enemigos activos: 0
[EnemyRenderer] Enemigos activos para dibujar: 0
[EnemyRenderer] No hay enemigos para dibujar.
[Camera] Posición: {X:821,99976 Y:901,99976}, Zoom: 1
[EnemyManager] Enemigos activos: 0
[EnemyRenderer] Enemigos activos para dibujar: 0
[EnemyRenderer] No hay enemigos para dibujar.
[Camera] Posición: {X:821,99976 Y:901,99976}, Zoom: 1
[EnemyManager] Enemigos activos: 0
[EnemyRenderer] Enemigos activos para dibujar: 0
[EnemyRenderer] No hay enemigos para dibujar.
[Camera] Posición: {X:821,99976 Y:901,99976}, Zoom: 1
[EnemyManager] Enemigos activos: 0
[EnemyRenderer] Enemigos activos para dibujar: 0
[EnemyRenderer] No hay enemigos para dibujar.
[Camera] Posición: {X:821,99976 Y:901,99976}, Zoom: 1
[EnemyManager] Enemigos activos: 0
[EnemyRenderer] Enemigos activos para dibujar: 0
[EnemyRenderer] No hay enemigos para dibujar.
[Camera] Posición: {X:821,99976 Y:901,99976}, Zoom: 1
[EnemyManager] Enemigos activos: 0
[EnemyRenderer] Enemigos activos para dibujar: 0
[EnemyRenderer] No hay enemigos para dibujar.
[Camera] Posición: {X:821,99976 Y:901,99976}, Zoom: 1
[EnemyManager] Enemigos activos: 0
[EnemyRenderer] Enemigos activos para dibujar: 0
[EnemyRenderer] No hay enemigos para dibujar.
[Camera] Posición: {X:821,99976 Y:901,99976}, Zoom: 1
[EnemyManager] Enemigos activos: 0
[EnemyRenderer] Enemigos activos para dibujar: 0
[EnemyRenderer] No hay enemigos para dibujar.
[Camera] Posición: {X:821,99976 Y:901,99976}, Zoom: 1
[EnemyManager] Enemigos activos: 0
[EnemyRenderer] Enemigos activos para dibujar: 0
[EnemyRenderer] No hay enemigos para dibujar.
[Camera] Posición: {X:821,99976 Y:901,99976}, Zoom: 1
[EnemyManager] Enemigos activos: 0
[EnemyRenderer] Enemigos activos para dibujar: 0
[EnemyRenderer] No hay enemigos para dibujar.
[Camera] Posición: {X:821,99976 Y:901,99976}, Zoom: 1
[EnemyManager] Enemigos activos: 0
[EnemyRenderer] Enemigos activos para dibujar: 0
[EnemyRenderer] No hay enemigos para dibujar.
[Camera] Posición: {X:821,99976 Y:901,99976}, Zoom: 1
[EnemyManager] Enemigos activos: 0
[EnemyRenderer] Enemigos activos para dibujar: 0
[EnemyRenderer] No hay enemigos para dibujar.
[Camera] Posición: {X:821,99976 Y:901,99976}, Zoom: 1
[EnemyManager] Enemigos activos: 0
[EnemyRenderer] Enemigos activos para dibujar: 0
[EnemyRenderer] No hay enemigos para dibujar.
[Camera] Posición: {X:821,99976 Y:901,99976}, Zoom: 1
[EnemyManager] Enemigos activos: 0
[EnemyRenderer] Enemigos activos para dibujar: 0
[EnemyRenderer] No hay enemigos para dibujar.
[Camera] Posición: {X:821,99976 Y:901,99976}, Zoom: 1
[EnemyManager] Enemigos activos: 0
[EnemyRenderer] Enemigos activos para dibujar: 0
[EnemyRenderer] No hay enemigos para dibujar.
[Camera] Posición: {X:821,99976 Y:901,99976}, Zoom: 1
[EnemyManager] Enemigos activos: 0
[EnemyRenderer] Enemigos activos para dibujar: 0
[EnemyRenderer] No hay enemigos para dibujar.
[Camera] Posición: {X:821,99976 Y:901,99976}, Zoom: 1
[EnemyManager] Enemigos activos: 0
[EnemyRenderer] Enemigos activos para dibujar: 0
[EnemyRenderer] No hay enemigos para dibujar.
[Camera] Posición: {X:821,99976 Y:901,99976}, Zoom: 1
[EnemyManager] Enemigos activos: 0
[EnemyRenderer] Enemigos activos para dibujar: 0
[EnemyRenderer] No hay enemigos para dibujar.
[Camera] Posición: {X:821,99976 Y:901,99976}, Zoom: 1
[EnemyManager] Enemigos activos: 0
[EnemyRenderer] Enemigos activos para dibujar: 0
[EnemyRenderer] No hay enemigos para dibujar.
[Camera] Posición: {X:821,99976 Y:901,99976}, Zoom: 1
[EnemyManager] Enemigos activos: 0
[EnemyRenderer] Enemigos activos para dibujar: 0
[EnemyRenderer] No hay enemigos para dibujar.
[Camera] Posición: {X:821,99976 Y:901,99976}, Zoom: 1
[EnemyManager] Enemigos activos: 0
[EnemyRenderer] Enemigos activos para dibujar: 0
[EnemyRenderer] No hay enemigos para dibujar.
[Camera] Posición: {X:821,99976 Y:901,99976}, Zoom: 1
[EnemyManager] Enemigos activos: 0
[EnemyRenderer] Enemigos activos para dibujar: 0
[EnemyRenderer] No hay enemigos para dibujar.
[Camera] Posición: {X:821,99976 Y:901,99976}, Zoom: 1
[EnemyManager] Enemigos activos: 0
[EnemyRenderer] Enemigos activos para dibujar: 0
[EnemyRenderer] No hay enemigos para dibujar.
[Camera] Posición: {X:821,99976 Y:901,99976}, Zoom: 1
[EnemyManager] Enemigos activos: 0
[EnemyRenderer] Enemigos activos para dibujar: 0
[EnemyRenderer] No hay enemigos para dibujar.
[Camera] Posición: {X:821,99976 Y:901,99976}, Zoom: 1
[EnemyManager] Enemigos activos: 0
[EnemyRenderer] Enemigos activos para dibujar: 0
[EnemyRenderer] No hay enemigos para dibujar.
[Camera] Posición: {X:821,99976 Y:901,99976}, Zoom: 1
[EnemyManager] Enemigos activos: 0
[EnemyRenderer] Enemigos activos para dibujar: 0
[EnemyRenderer] No hay enemigos para dibujar.
[Camera] Posición: {X:821,99976 Y:901,99976}, Zoom: 1
[EnemyManager] Enemigos activos: 0
[EnemyRenderer] Enemigos activos para dibujar: 0
[EnemyRenderer] No hay enemigos para dibujar.
[Camera] Posición: {X:821,99976 Y:901,99976}, Zoom: 1
[EnemyManager] Enemigos activos: 0
[EnemyRenderer] Enemigos activos para dibujar: 0
[EnemyRenderer] No hay enemigos para dibujar.
[Camera] Posición: {X:821,99976 Y:901,99976}, Zoom: 1
[EnemyManager] Enemigos activos: 0
[EnemyRenderer] Enemigos activos para dibujar: 0
[EnemyRenderer] No hay enemigos para dibujar.
[Camera] Posición: {X:821,99976 Y:901,99976}, Zoom: 1
[EnemyManager] Enemigos activos: 0
[EnemyRenderer] Enemigos activos para dibujar: 0
[EnemyRenderer] No hay enemigos para dibujar.
[Camera] Posición: {X:821,99976 Y:901,99976}, Zoom: 1
[EnemyManager] Enemigos activos: 0
[EnemyRenderer] Enemigos activos para dibujar: 0
[EnemyRenderer] No hay enemigos para dibujar.
[Camera] Posición: {X:821,99976 Y:901,99976}, Zoom: 1
[EnemyManager] Enemigos activos: 0
[EnemyRenderer] Enemigos activos para dibujar: 0
[EnemyRenderer] No hay enemigos para dibujar.
[Camera] Posición: {X:821,99976 Y:901,99976}, Zoom: 1
[EnemyManager] Enemigos activos: 0
[EnemyRenderer] Enemigos activos para dibujar: 0
[EnemyRenderer] No hay enemigos para dibujar.
[Camera] Posición: {X:821,99976 Y:901,99976}, Zoom: 1
[EnemyManager] Enemigos activos: 0
[EnemyRenderer] Enemigos activos para dibujar: 0
[EnemyRenderer] No hay enemigos para dibujar.
[Camera] Posición: {X:821,99976 Y:901,99976}, Zoom: 1
[EnemyManager] Enemigos activos: 0
[EnemyRenderer] Enemigos activos para dibujar: 0
[EnemyRenderer] No hay enemigos para dibujar.
[Camera] Posición: {X:821,99976 Y:901,99976}, Zoom: 1
[EnemyManager] Enemigos activos: 0
[EnemyRenderer] Enemigos activos para dibujar: 0
[EnemyRenderer] No hay enemigos para dibujar.
[Camera] Posición: {X:821,99976 Y:901,99976}, Zoom: 1
[EnemyManager] Enemigos activos: 0
[EnemyRenderer] Enemigos activos para dibujar: 0
[EnemyRenderer] No hay enemigos para dibujar.
[Camera] Posición: {X:821,99976 Y:901,99976}, Zoom: 1
[EnemyManager] Enemigos activos: 0
[EnemyRenderer] Enemigos activos para dibujar: 0
[EnemyRenderer] No hay enemigos para dibujar.
[Camera] Posición: {X:821,99976 Y:901,99976}, Zoom: 1
[EnemyManager] Enemigos activos: 0
[EnemyRenderer] Enemigos activos para dibujar: 0
[EnemyRenderer] No hay enemigos para dibujar.
[Camera] Posición: {X:821,99976 Y:901,99976}, Zoom: 1
[EnemyManager] Enemigos activos: 0
[EnemyRenderer] Enemigos activos para dibujar: 0
[EnemyRenderer] No hay enemigos para dibujar.
[Camera] Posición: {X:821,99976 Y:901,99976}, Zoom: 1
[EnemyManager] Enemigos activos: 0
[EnemyRenderer] Enemigos activos para dibujar: 0
[EnemyRenderer] No hay enemigos para dibujar.
[Camera] Posición: {X:821,99976 Y:901,99976}, Zoom: 1
[EnemyManager] Enemigos activos: 0
[EnemyRenderer] Enemigos activos para dibujar: 0
[EnemyRenderer] No hay enemigos para dibujar.
[Camera] Posición: {X:821,99976 Y:901,99976}, Zoom: 1
[EnemyManager] Enemigos activos: 0
[EnemyRenderer] Enemigos activos para dibujar: 0
[EnemyRenderer] No hay enemigos para dibujar.
[Camera] Posición: {X:821,99976 Y:901,99976}, Zoom: 1
[EnemyManager] Enemigos activos: 0
[EnemyRenderer] Enemigos activos para dibujar: 0
[EnemyRenderer] No hay enemigos para dibujar.
[Camera] Posición: {X:821,99976 Y:901,99976}, Zoom: 1
[EnemyManager] Enemigos activos: 0
[EnemyRenderer] Enemigos activos para dibujar: 0
[EnemyRenderer] No hay enemigos para dibujar.
[Camera] Posición: {X:821,99976 Y:901,99976}, Zoom: 1
[EnemyManager] Enemigos activos: 0
[EnemyRenderer] Enemigos activos para dibujar: 0
[EnemyRenderer] No hay enemigos para dibujar.
[Camera] Posición: {X:821,99976 Y:901,99976}, Zoom: 1
[EnemyManager] Enemigos activos: 0
[EnemyRenderer] Enemigos activos para dibujar: 0
[EnemyRenderer] No hay enemigos para dibujar.
[Camera] Posición: {X:821,99976 Y:901,99976}, Zoom: 1
[EnemyManager] Enemigos activos: 0
[EnemyRenderer] Enemigos activos para dibujar: 0
[EnemyRenderer] No hay enemigos para dibujar.
[Camera] Posición: {X:821,99976 Y:901,99976}, Zoom: 1
[EnemyManager] Enemigos activos: 0
[EnemyRenderer] Enemigos activos para dibujar: 0
[EnemyRenderer] No hay enemigos para dibujar.
[Camera] Posición: {X:821,99976 Y:901,99976}, Zoom: 1
[EnemyManager] Enemigos activos: 0
[EnemyRenderer] Enemigos activos para dibujar: 0
[EnemyRenderer] No hay enemigos para dibujar.
[Camera] Posición: {X:821,99976 Y:901,99976}, Zoom: 1
[EnemyManager] Enemigos activos: 0
[EnemyRenderer] Enemigos activos para dibujar: 0
[EnemyRenderer] No hay enemigos para dibujar.
[Camera] Posición: {X:821,99976 Y:901,99976}, Zoom: 1
[EnemyManager] Enemigos activos: 0
[EnemyRenderer] Enemigos activos para dibujar: 0
[EnemyRenderer] No hay enemigos para dibujar.
[Camera] Posición: {X:821,99976 Y:901,99976}, Zoom: 1
[EnemyManager] Enemigos activos: 0
[EnemyRenderer] Enemigos activos para dibujar: 0
[EnemyRenderer] No hay enemigos para dibujar.
[Camera] Posición: {X:821,99976 Y:901,99976}, Zoom: 1
[EnemyManager] Enemigos activos: 0
[EnemyRenderer] Enemigos activos para dibujar: 0
[EnemyRenderer] No hay enemigos para dibujar.
[Camera] Posición: {X:821,99976 Y:901,99976}, Zoom: 1
[EnemyManager] Enemigos activos: 0
[EnemyRenderer] Enemigos activos para dibujar: 0
[EnemyRenderer] No hay enemigos para dibujar.
[Camera] Posición: {X:821,99976 Y:901,99976}, Zoom: 1
[EnemyManager] Enemigos activos: 0
[EnemyRenderer] Enemigos activos para dibujar: 0
[EnemyRenderer] No hay enemigos para dibujar.
[Camera] Posición: {X:821,99976 Y:901,99976}, Zoom: 1
[EnemyManager] Enemigos activos: 0
[EnemyRenderer] Enemigos activos para dibujar: 0
[EnemyRenderer] No hay enemigos para dibujar.
[Camera] Posición: {X:821,99976 Y:901,99976}, Zoom: 1
[EnemyManager] Enemigos activos: 0
[EnemyRenderer] Enemigos activos para dibujar: 0
[EnemyRenderer] No hay enemigos para dibujar.
[Camera] Posición: {X:821,99976 Y:901,99976}, Zoom: 1
[EnemyManager] Enemigos activos: 0
[EnemyRenderer] Enemigos activos para dibujar: 0
[EnemyRenderer] No hay enemigos para dibujar.
[Camera] Posición: {X:821,99976 Y:901,99976}, Zoom: 1
[EnemyManager] Enemigos activos: 0
[EnemyRenderer] Enemigos activos para dibujar: 0
[EnemyRenderer] No hay enemigos para dibujar.
[Camera] Posición: {X:821,99976 Y:901,99976}, Zoom: 1
[EnemyManager] Enemigos activos: 0
[EnemyRenderer] Enemigos activos para dibujar: 0
[EnemyRenderer] No hay enemigos para dibujar.
[Camera] Posición: {X:821,99976 Y:901,99976}, Zoom: 1
[EnemyManager] Enemigos activos: 0
[EnemyRenderer] Enemigos activos para dibujar: 0
[EnemyRenderer] No hay enemigos para dibujar.
[Camera] Posición: {X:821,99976 Y:901,99976}, Zoom: 1
[EnemyManager] Enemigos activos: 0
[EnemyRenderer] Enemigos activos para dibujar: 0
[EnemyRenderer] No hay enemigos para dibujar.
[Camera] Posición: {X:821,99976 Y:901,99976}, Zoom: 1
[EnemyManager] Enemigos activos: 0
[EnemyRenderer] Enemigos activos para dibujar: 0
[EnemyRenderer] No hay enemigos para dibujar.
[Camera] Posición: {X:821,99976 Y:901,99976}, Zoom: 1
[EnemyManager] Enemigos activos: 0
[EnemyRenderer] Enemigos activos para dibujar: 0
[EnemyRenderer] No hay enemigos para dibujar.
[Camera] Posición: {X:821,99976 Y:901,99976}, Zoom: 1
[EnemyManager] Enemigos activos: 0
[EnemyRenderer] Enemigos activos para dibujar: 0
[EnemyRenderer] No hay enemigos para dibujar.
[Camera] Posición: {X:821,99976 Y:901,99976}, Zoom: 1
[EnemyManager] Enemigos activos: 0
[EnemyRenderer] Enemigos activos para dibujar: 0
[EnemyRenderer] No hay enemigos para dibujar.
[Camera] Posición: {X:821,99976 Y:901,99976}, Zoom: 1
[EnemyManager] Enemigos activos: 0
[EnemyRenderer] Enemigos activos para dibujar: 0
[EnemyRenderer] No hay enemigos para dibujar.
[Camera] Posición: {X:821,99976 Y:901,99976}, Zoom: 1
[EnemyManager] Enemigos activos: 0
[EnemyRenderer] Enemigos activos para dibujar: 0
[EnemyRenderer] No hay enemigos para dibujar.
[Camera] Posición: {X:821,99976 Y:901,99976}, Zoom: 1
[EnemyManager] Enemigos activos: 0
[EnemyRenderer] Enemigos activos para dibujar: 0
[EnemyRenderer] No hay enemigos para dibujar.
[Camera] Posición: {X:821,99976 Y:901,99976}, Zoom: 1
[EnemyManager] Enemigos activos: 0
[EnemyRenderer] Enemigos activos para dibujar: 0
[EnemyRenderer] No hay enemigos para dibujar.
[Camera] Posición: {X:821,99976 Y:901,99976}, Zoom: 1
[EnemyManager] Enemigos activos: 0
[EnemyRenderer] Enemigos activos para dibujar: 0
[EnemyRenderer] No hay enemigos para dibujar.
[Camera] Posición: {X:821,99976 Y:901,99976}, Zoom: 1
[EnemyManager] Enemigos activos: 0
[EnemyRenderer] Enemigos activos para dibujar: 0
[EnemyRenderer] No hay enemigos para dibujar.
[Camera] Posición: {X:821,99976 Y:901,99976}, Zoom: 1
[EnemyManager] Enemigos activos: 0
[EnemyRenderer] Enemigos activos para dibujar: 0
[EnemyRenderer] No hay enemigos para dibujar.
[Camera] Posición: {X:821,99976 Y:901,99976}, Zoom: 1
[EnemyManager] Enemigos activos: 0
[EnemyRenderer] Enemigos activos para dibujar: 0
[EnemyRenderer] No hay enemigos para dibujar.
[Camera] Posición: {X:821,99976 Y:901,99976}, Zoom: 1
[EnemyManager] Enemigos activos: 0
[EnemyRenderer] Enemigos activos para dibujar: 0
[EnemyRenderer] No hay enemigos para dibujar.
[Camera] Posición: {X:821,99976 Y:901,99976}, Zoom: 1
[EnemyManager] Enemigos activos: 0
[EnemyRenderer] Enemigos activos para dibujar: 0
[EnemyRenderer] No hay enemigos para dibujar.
[Camera] Posición: {X:821,99976 Y:901,99976}, Zoom: 1
[EnemyManager] Enemigos activos: 0
[EnemyRenderer] Enemigos activos para dibujar: 0
[EnemyRenderer] No hay enemigos para dibujar.
[Camera] Posición: {X:821,99976 Y:901,99976}, Zoom: 1
[EnemyManager] Enemigos activos: 0
[EnemyRenderer] Enemigos activos para dibujar: 0
[EnemyRenderer] No hay enemigos para dibujar.
[Camera] Posición: {X:821,99976 Y:901,99976}, Zoom: 1
[EnemyManager] Enemigos activos: 0
[EnemyRenderer] Enemigos activos para dibujar: 0
[EnemyRenderer] No hay enemigos para dibujar.
[Camera] Posición: {X:821,99976 Y:901,99976}, Zoom: 1
[EnemyManager] Enemigos activos: 0
[EnemyRenderer] Enemigos activos para dibujar: 0
[EnemyRenderer] No hay enemigos para dibujar.
[Camera] Posición: {X:821,99976 Y:901,99976}, Zoom: 1
[EnemyManager] Enemigos activos: 0
[EnemyRenderer] Enemigos activos para dibujar: 0
[EnemyRenderer] No hay enemigos para dibujar.
[Camera] Posición: {X:821,99976 Y:901,99976}, Zoom: 1
[EnemyManager] Enemigos activos: 0
[EnemyRenderer] Enemigos activos para dibujar: 0
[EnemyRenderer] No hay enemigos para dibujar.
[Camera] Posición: {X:821,99976 Y:901,99976}, Zoom: 1
[EnemyManager] Enemigos activos: 0
[EnemyRenderer] Enemigos activos para dibujar: 0
[EnemyRenderer] No hay enemigos para dibujar.
[Camera] Posición: {X:821,99976 Y:901,99976}, Zoom: 1
[EnemyManager] Enemigos activos: 0
[EnemyRenderer] Enemigos activos para dibujar: 0
[EnemyRenderer] No hay enemigos para dibujar.
[Camera] Posición: {X:821,99976 Y:901,99976}, Zoom: 1
[EnemyManager] Enemigos activos: 0
[EnemyRenderer] Enemigos activos para dibujar: 0
[EnemyRenderer] No hay enemigos para dibujar.
[Camera] Posición: {X:821,99976 Y:901,99976}, Zoom: 1
[EnemyManager] Enemigos activos: 0
[EnemyRenderer] Enemigos activos para dibujar: 0
[EnemyRenderer] No hay enemigos para dibujar.
[Camera] Posición: {X:821,99976 Y:901,99976}, Zoom: 1
[EnemyManager] Enemigos activos: 0
[EnemyRenderer] Enemigos activos para dibujar: 0
[EnemyRenderer] No hay enemigos para dibujar.
[Camera] Posición: {X:821,99976 Y:901,99976}, Zoom: 1
[EnemyManager] Enemigos activos: 0
[EnemyRenderer] Enemigos activos para dibujar: 0
[EnemyRenderer] No hay enemigos para dibujar.
[Camera] Posición: {X:821,99976 Y:901,99976}, Zoom: 1
[EnemyManager] Enemigos activos: 0
[EnemyRenderer] Enemigos activos para dibujar: 0
[EnemyRenderer] No hay enemigos para dibujar.
[Camera] Posición: {X:821,99976 Y:901,99976}, Zoom: 1
[EnemyManager] Enemigos activos: 0
[EnemyRenderer] Enemigos activos para dibujar: 0
[EnemyRenderer] No hay enemigos para dibujar.
[Camera] Posición: {X:821,99976 Y:901,99976}, Zoom: 1
[EnemyManager] Enemigos activos: 0
[EnemyRenderer] Enemigos activos para dibujar: 0
[EnemyRenderer] No hay enemigos para dibujar.
[Camera] Posición: {X:821,99976 Y:901,99976}, Zoom: 1
[EnemyManager] Enemigos activos: 0
[EnemyRenderer] Enemigos activos para dibujar: 0
[EnemyRenderer] No hay enemigos para dibujar.
[Camera] Posición: {X:821,99976 Y:901,99976}, Zoom: 1
[EnemyManager] Enemigos activos: 0
[EnemyRenderer] Enemigos activos para dibujar: 0
[EnemyRenderer] No hay enemigos para dibujar.
[Camera] Posición: {X:821,99976 Y:901,99976}, Zoom: 1
[EnemyManager] Enemigos activos: 0
[EnemyRenderer] Enemigos activos para dibujar: 0
[EnemyRenderer] No hay enemigos para dibujar.
[Camera] Posición: {X:821,99976 Y:901,99976}, Zoom: 1
[EnemyManager] Enemigos activos: 0
[EnemyRenderer] Enemigos activos para dibujar: 0
[EnemyRenderer] No hay enemigos para dibujar.
[Camera] Posición: {X:821,99976 Y:901,99976}, Zoom: 1
[EnemyManager] Enemigos activos: 0
[EnemyRenderer] Enemigos activos para dibujar: 0
[EnemyRenderer] No hay enemigos para dibujar.
[Camera] Posición: {X:821,99976 Y:901,99976}, Zoom: 1
[EnemyManager] Enemigos activos: 0
[EnemyRenderer] Enemigos activos para dibujar: 0
[EnemyRenderer] No hay enemigos para dibujar.
[Camera] Posición: {X:821,99976 Y:901,99976}, Zoom: 1
[EnemyManager] Enemigos activos: 0
[EnemyRenderer] Enemigos activos para dibujar: 0
[EnemyRenderer] No hay enemigos para dibujar.
[Camera] Posición: {X:821,99976 Y:901,99976}, Zoom: 1
[EnemyManager] Enemigos activos: 0
[EnemyRenderer] Enemigos activos para dibujar: 0
[EnemyRenderer] No hay enemigos para dibujar.
[Camera] Posición: {X:821,99976 Y:901,99976}, Zoom: 1
[EnemyManager] Enemigos activos: 0
[EnemyRenderer] Enemigos activos para dibujar: 0
[EnemyRenderer] No hay enemigos para dibujar.
[Camera] Posición: {X:821,99976 Y:901,99976}, Zoom: 1
[EnemyManager] Enemigos activos: 0
[EnemyRenderer] Enemigos activos para dibujar: 0
[EnemyRenderer] No hay enemigos para dibujar.
[Camera] Posición: {X:821,99976 Y:901,99976}, Zoom: 1
[EnemyManager] Enemigos activos: 0
[EnemyRenderer] Enemigos activos para dibujar: 0
[EnemyRenderer] No hay enemigos para dibujar.
[Camera] Posición: {X:821,99976 Y:901,99976}, Zoom: 1
[EnemyManager] Enemigos activos: 0
[EnemyRenderer] Enemigos activos para dibujar: 0
[EnemyRenderer] No hay enemigos para dibujar.
[Camera] Posición: {X:821,99976 Y:901,99976}, Zoom: 1
[EnemyManager] Enemigos activos: 0
[EnemyRenderer] Enemigos activos para dibujar: 0
[EnemyRenderer] No hay enemigos para dibujar.
[Camera] Posición: {X:821,99976 Y:901,99976}, Zoom: 1
[EnemyManager] Enemigos activos: 0
[EnemyRenderer] Enemigos activos para dibujar: 0
[EnemyRenderer] No hay enemigos para dibujar.
[Camera] Posición: {X:821,99976 Y:901,99976}, Zoom: 1
[EnemyManager] Enemigos activos: 0
[EnemyRenderer] Enemigos activos para dibujar: 0
[EnemyRenderer] No hay enemigos para dibujar.
[Camera] Posición: {X:821,99976 Y:901,99976}, Zoom: 1
[EnemyManager] Enemigos activos: 0
[EnemyRenderer] Enemigos activos para dibujar: 0
[EnemyRenderer] No hay enemigos para dibujar.
[Camera] Posición: {X:821,99976 Y:901,99976}, Zoom: 1
[EnemyManager] Enemigos activos: 0
[EnemyRenderer] Enemigos activos para dibujar: 0
[EnemyRenderer] No hay enemigos para dibujar.
[Camera] Posición: {X:821,99976 Y:901,99976}, Zoom: 1
[EnemyManager] Enemigos activos: 0
[EnemyRenderer] Enemigos activos para dibujar: 0
[EnemyRenderer] No hay enemigos para dibujar.
[Camera] Posición: {X:821,99976 Y:901,99976}, Zoom: 1
[EnemyManager] Enemigos activos: 0
[EnemyRenderer] Enemigos activos para dibujar: 0
[EnemyRenderer] No hay enemigos para dibujar.
[Camera] Posición: {X:821,99976 Y:901,99976}, Zoom: 1
[EnemyManager] Enemigos activos: 0
[EnemyRenderer] Enemigos activos para dibujar: 0
[EnemyRenderer] No hay enemigos para dibujar.
[Camera] Posición: {X:821,99976 Y:901,99976}, Zoom: 1
[EnemyManager] Enemigos activos: 0
[EnemyRenderer] Enemigos activos para dibujar: 0
[EnemyRenderer] No hay enemigos para dibujar.
[Camera] Posición: {X:821,99976 Y:901,99976}, Zoom: 1
[EnemyManager] Enemigos activos: 0
[EnemyRenderer] Enemigos activos para dibujar: 0
[EnemyRenderer] No hay enemigos para dibujar.
[Camera] Posición: {X:821,99976 Y:901,99976}, Zoom: 1
[EnemyManager] Enemigos activos: 0
[EnemyRenderer] Enemigos activos para dibujar: 0
[EnemyRenderer] No hay enemigos para dibujar.
[Camera] Posición: {X:821,99976 Y:901,99976}, Zoom: 1
[EnemyManager] Enemigos activos: 0
[EnemyRenderer] Enemigos activos para dibujar: 0
[EnemyRenderer] No hay enemigos para dibujar.
[Camera] Posición: {X:821,99976 Y:901,99976}, Zoom: 1
[EnemyManager] Enemigos activos: 0
[EnemyRenderer] Enemigos activos para dibujar: 0
[EnemyRenderer] No hay enemigos para dibujar.
[Camera] Posición: {X:821,99976 Y:901,99976}, Zoom: 1
[EnemyManager] Enemigos activos: 0
[EnemyRenderer] Enemigos activos para dibujar: 0
[EnemyRenderer] No hay enemigos para dibujar.
[Camera] Posición: {X:821,99976 Y:901,99976}, Zoom: 1
[EnemyManager] Enemigos activos: 0
[EnemyRenderer] Enemigos activos para dibujar: 0
[EnemyRenderer] No hay enemigos para dibujar.
[Camera] Posición: {X:821,99976 Y:901,99976}, Zoom: 1
[EnemyManager] Enemigos activos: 0
[EnemyRenderer] Enemigos activos para dibujar: 0
[EnemyRenderer] No hay enemigos para dibujar.
[Camera] Posición: {X:821,99976 Y:901,99976}, Zoom: 1
[EnemyManager] Enemigos activos: 0
[EnemyRenderer] Enemigos activos para dibujar: 0
[EnemyRenderer] No hay enemigos para dibujar.
[Camera] Posición: {X:821,99976 Y:901,99976}, Zoom: 1
[EnemyManager] Enemigos activos: 0
[EnemyRenderer] Enemigos activos para dibujar: 0
[EnemyRenderer] No hay enemigos para dibujar.
[Camera] Posición: {X:821,99976 Y:901,99976}, Zoom: 1
[EnemyManager] Enemigos activos: 0
[EnemyRenderer] Enemigos activos para dibujar: 0
[EnemyRenderer] No hay enemigos para dibujar.
[Camera] Posición: {X:821,99976 Y:901,99976}, Zoom: 1
[EnemyManager] Enemigos activos: 0
[EnemyRenderer] Enemigos activos para dibujar: 0
[EnemyRenderer] No hay enemigos para dibujar.
[Camera] Posición: {X:821,99976 Y:901,99976}, Zoom: 1
[EnemyManager] Enemigos activos: 0
[EnemyRenderer] Enemigos activos para dibujar: 0
[EnemyRenderer] No hay enemigos para dibujar.
[Camera] Posición: {X:821,99976 Y:901,99976}, Zoom: 1
[EnemyManager] Enemigos activos: 0
[EnemyRenderer] Enemigos activos para dibujar: 0
[EnemyRenderer] No hay enemigos para dibujar.
[Camera] Posición: {X:821,99976 Y:901,99976}, Zoom: 1
[EnemyManager] Enemigos activos: 0
[EnemyRenderer] Enemigos activos para dibujar: 0
[EnemyRenderer] No hay enemigos para dibujar.
[Camera] Posición: {X:821,99976 Y:901,99976}, Zoom: 1
[EnemyManager] Enemigos activos: 0
[EnemyRenderer] Enemigos activos para dibujar: 0
[EnemyRenderer] No hay enemigos para dibujar.
[Camera] Posición: {X:821,99976 Y:901,99976}, Zoom: 1
[EnemyManager] Enemigos activos: 0
[EnemyRenderer] Enemigos activos para dibujar: 0
[EnemyRenderer] No hay enemigos para dibujar.
[Camera] Posición: {X:821,99976 Y:901,99976}, Zoom: 1
[EnemyManager] Enemigos activos: 0
[EnemyRenderer] Enemigos activos para dibujar: 0
[EnemyRenderer] No hay enemigos para dibujar.
[Camera] Posición: {X:821,99976 Y:901,99976}, Zoom: 1
[EnemyManager] Enemigos activos: 0
[EnemyRenderer] Enemigos activos para dibujar: 0
[EnemyRenderer] No hay enemigos para dibujar.
[Camera] Posición: {X:821,99976 Y:901,99976}, Zoom: 1
[EnemyManager] Enemigos activos: 0
[EnemyRenderer] Enemigos activos para dibujar: 0
[EnemyRenderer] No hay enemigos para dibujar.
[Camera] Posición: {X:821,99976 Y:901,99976}, Zoom: 1
[EnemyManager] Enemigos activos: 0
[EnemyRenderer] Enemigos activos para dibujar: 0
[EnemyRenderer] No hay enemigos para dibujar.
[Camera] Posición: {X:821,99976 Y:901,99976}, Zoom: 1
[EnemyManager] Enemigos activos: 0
[EnemyRenderer] Enemigos activos para dibujar: 0
[EnemyRenderer] No hay enemigos para dibujar.
[Camera] Posición: {X:821,99976 Y:901,99976}, Zoom: 1
[EnemyManager] Enemigos activos: 0
[EnemyRenderer] Enemigos activos para dibujar: 0
[EnemyRenderer] No hay enemigos para dibujar.
[Camera] Posición: {X:821,99976 Y:901,99976}, Zoom: 1
[EnemyManager] Enemigos activos: 0
[EnemyRenderer] Enemigos activos para dibujar: 0
[EnemyRenderer] No hay enemigos para dibujar.
[Camera] Posición: {X:821,99976 Y:901,99976}, Zoom: 1
[EnemyManager] Enemigos activos: 0
[EnemyRenderer] Enemigos activos para dibujar: 0
[EnemyRenderer] No hay enemigos para dibujar.
[Camera] Posición: {X:821,99976 Y:901,99976}, Zoom: 1
[EnemyManager] Enemigos activos: 0
[EnemyRenderer] Enemigos activos para dibujar: 0
[EnemyRenderer] No hay enemigos para dibujar.
[Camera] Posición: {X:821,99976 Y:901,99976}, Zoom: 1
[EnemyManager] Enemigos activos: 0
[EnemyRenderer] Enemigos activos para dibujar: 0
[EnemyRenderer] No hay enemigos para dibujar.
[Camera] Posición: {X:821,99976 Y:901,99976}, Zoom: 1
[EnemyManager] Enemigos activos: 0
[EnemyRenderer] Enemigos activos para dibujar: 0
[EnemyRenderer] No hay enemigos para dibujar.
[Camera] Posición: {X:821,99976 Y:901,99976}, Zoom: 1
[EnemyManager] Enemigos activos: 0
[EnemyRenderer] Enemigos activos para dibujar: 0
[EnemyRenderer] No hay enemigos para dibujar.
[Camera] Posición: {X:821,99976 Y:901,99976}, Zoom: 1
[EnemyManager] Enemigos activos: 0
[EnemyRenderer] Enemigos activos para dibujar: 0
[EnemyRenderer] No hay enemigos para dibujar.
[Camera] Posición: {X:821,99976 Y:901,99976}, Zoom: 1
[EnemyManager] Enemigos activos: 0
[EnemyRenderer] Enemigos activos para dibujar: 0
[EnemyRenderer] No hay enemigos para dibujar.
[Camera] Posición: {X:821,99976 Y:901,99976}, Zoom: 1
[EnemyManager] Enemigos activos: 0
[EnemyRenderer] Enemigos activos para dibujar: 0
[EnemyRenderer] No hay enemigos para dibujar.
[Camera] Posición: {X:821,99976 Y:901,99976}, Zoom: 1
[EnemyManager] Enemigos activos: 0
[EnemyRenderer] Enemigos activos para dibujar: 0
[EnemyRenderer] No hay enemigos para dibujar.
[Camera] Posición: {X:821,99976 Y:901,99976}, Zoom: 1
[EnemyManager] Enemigos activos: 0
[EnemyRenderer] Enemigos activos para dibujar: 0
[EnemyRenderer] No hay enemigos para dibujar.
[Camera] Posición: {X:821,99976 Y:901,99976}, Zoom: 1
[EnemyManager] Enemigos activos: 0
[EnemyRenderer] Enemigos activos para dibujar: 0
[EnemyRenderer] No hay enemigos para dibujar.
[Camera] Posición: {X:821,99976 Y:901,99976}, Zoom: 1
[EnemyManager] Enemigos activos: 0
[EnemyRenderer] Enemigos activos para dibujar: 0
[EnemyRenderer] No hay enemigos para dibujar.
[Camera] Posición: {X:821,99976 Y:901,99976}, Zoom: 1
[EnemyManager] Enemigos activos: 0
[EnemyRenderer] Enemigos activos para dibujar: 0
[EnemyRenderer] No hay enemigos para dibujar.
[Camera] Posición: {X:821,99976 Y:901,99976}, Zoom: 1
[EnemyManager] Enemigos activos: 0
[EnemyRenderer] Enemigos activos para dibujar: 0
[EnemyRenderer] No hay enemigos para dibujar.
[Camera] Posición: {X:821,99976 Y:901,99976}, Zoom: 1
[EnemyManager] Enemigos activos: 0
[EnemyRenderer] Enemigos activos para dibujar: 0
[EnemyRenderer] No hay enemigos para dibujar.
[Camera] Posición: {X:821,99976 Y:901,99976}, Zoom: 1
[EnemyManager] Enemigos activos: 0
[EnemyRenderer] Enemigos activos para dibujar: 0
[EnemyRenderer] No hay enemigos para dibujar.
[Camera] Posición: {X:821,99976 Y:901,99976}, Zoom: 1
[EnemyManager] Enemigos activos: 0
[EnemyRenderer] Enemigos activos para dibujar: 0
[EnemyRenderer] No hay enemigos para dibujar.
[Camera] Posición: {X:821,99976 Y:901,99976}, Zoom: 1
[EnemyManager] Enemigos activos: 0
[EnemyRenderer] Enemigos activos para dibujar: 0
[EnemyRenderer] No hay enemigos para dibujar.
[Camera] Posición: {X:821,99976 Y:901,99976}, Zoom: 1
[EnemyManager] Enemigos activos: 0
[EnemyRenderer] Enemigos activos para dibujar: 0
[EnemyRenderer] No hay enemigos para dibujar.
[Camera] Posición: {X:821,99976 Y:901,99976}, Zoom: 1
[EnemyManager] Enemigos activos: 0
[EnemyRenderer] Enemigos activos para dibujar: 0
[EnemyRenderer] No hay enemigos para dibujar.
[Camera] Posición: {X:821,99976 Y:901,99976}, Zoom: 1
[EnemyManager] Enemigos activos: 0
[EnemyRenderer] Enemigos activos para dibujar: 0
[EnemyRenderer] No hay enemigos para dibujar.
[Camera] Posición: {X:821,99976 Y:901,99976}, Zoom: 1
[EnemyManager] Enemigos activos: 0
[EnemyRenderer] Enemigos activos para dibujar: 0
[EnemyRenderer] No hay enemigos para dibujar.
[Camera] Posición: {X:821,99976 Y:901,99976}, Zoom: 1
[EnemyManager] Enemigos activos: 0
[EnemyRenderer] Enemigos activos para dibujar: 0
[EnemyRenderer] No hay enemigos para dibujar.
[Camera] Posición: {X:821,99976 Y:901,99976}, Zoom: 1
[EnemyManager] Enemigos activos: 0
[EnemyRenderer] Enemigos activos para dibujar: 0
[EnemyRenderer] No hay enemigos para dibujar.
[Camera] Posición: {X:821,99976 Y:901,99976}, Zoom: 1
[EnemyManager] Enemigos activos: 0
[EnemyRenderer] Enemigos activos para dibujar: 0
[EnemyRenderer] No hay enemigos para dibujar.
[Camera] Posición: {X:821,99976 Y:901,99976}, Zoom: 1
[EnemyManager] Enemigos activos: 0
[EnemyRenderer] Enemigos activos para dibujar: 0
[EnemyRenderer] No hay enemigos para dibujar.
[Camera] Posición: {X:821,99976 Y:901,99976}, Zoom: 1
[EnemyManager] Enemigos activos: 0
[EnemyRenderer] Enemigos activos para dibujar: 0
[EnemyRenderer] No hay enemigos para dibujar.
[Camera] Posición: {X:821,99976 Y:901,99976}, Zoom: 1
[EnemyManager] Enemigos activos: 0
[EnemyRenderer] Enemigos activos para dibujar: 0
[EnemyRenderer] No hay enemigos para dibujar.
[Camera] Posición: {X:821,99976 Y:901,99976}, Zoom: 1
[EnemyManager] Enemigos activos: 0
[EnemyRenderer] Enemigos activos para dibujar: 0
[EnemyRenderer] No hay enemigos para dibujar.
[Camera] Posición: {X:821,99976 Y:901,99976}, Zoom: 1
[EnemyManager] Enemigos activos: 0
[EnemyRenderer] Enemigos activos para dibujar: 0
[EnemyRenderer] No hay enemigos para dibujar.
[Camera] Posición: {X:821,99976 Y:901,99976}, Zoom: 1
[EnemyManager] Enemigos activos: 0
[EnemyRenderer] Enemigos activos para dibujar: 0
[EnemyRenderer] No hay enemigos para dibujar.
[Camera] Posición: {X:821,99976 Y:901,99976}, Zoom: 1
[EnemyManager] Enemigos activos: 0
[EnemyRenderer] Enemigos activos para dibujar: 0
[EnemyRenderer] No hay enemigos para dibujar.
[Camera] Posición: {X:821,99976 Y:901,99976}, Zoom: 1
[EnemyManager] Enemigos activos: 0
[EnemyRenderer] Enemigos activos para dibujar: 0
[EnemyRenderer] No hay enemigos para dibujar.
[Camera] Posición: {X:821,99976 Y:901,99976}, Zoom: 1
[EnemyManager] Enemigos activos: 0
[EnemyRenderer] Enemigos activos para dibujar: 0
[EnemyRenderer] No hay enemigos para dibujar.
[Camera] Posición: {X:821,99976 Y:901,99976}, Zoom: 1
[EnemyManager] Enemigos activos: 0
[EnemyRenderer] Enemigos activos para dibujar: 0
[EnemyRenderer] No hay enemigos para dibujar.
[Camera] Posición: {X:821,99976 Y:901,99976}, Zoom: 1
[EnemyManager] Enemigos activos: 0
[EnemyRenderer] Enemigos activos para dibujar: 0
[EnemyRenderer] No hay enemigos para dibujar.
[Camera] Posición: {X:821,99976 Y:901,99976}, Zoom: 1
[EnemyManager] Enemigos activos: 0
[EnemyRenderer] Enemigos activos para dibujar: 0
[EnemyRenderer] No hay enemigos para dibujar.
[Camera] Posición: {X:821,99976 Y:901,99976}, Zoom: 1
[EnemyManager] Enemigos activos: 0
[EnemyRenderer] Enemigos activos para dibujar: 0
[EnemyRenderer] No hay enemigos para dibujar.
[Camera] Posición: {X:821,99976 Y:901,99976}, Zoom: 1
[EnemyManager] Enemigos activos: 0
[EnemyRenderer] Enemigos activos para dibujar: 0
[EnemyRenderer] No hay enemigos para dibujar.
[Camera] Posición: {X:821,99976 Y:901,99976}, Zoom: 1
[EnemyManager] Enemigos activos: 0
[EnemyRenderer] Enemigos activos para dibujar: 0
[EnemyRenderer] No hay enemigos para dibujar.
[Camera] Posición: {X:821,99976 Y:901,99976}, Zoom: 1
[EnemyManager] Enemigos activos: 0
[EnemyRenderer] Enemigos activos para dibujar: 0
[EnemyRenderer] No hay enemigos para dibujar.
[Camera] Posición: {X:821,99976 Y:901,99976}, Zoom: 1
[EnemyManager] Enemigos activos: 0
[EnemyRenderer] Enemigos activos para dibujar: 0
[EnemyRenderer] No hay enemigos para dibujar.
[Camera] Posición: {X:821,99976 Y:901,99976}, Zoom: 1
[EnemyManager] Enemigos activos: 0
[EnemyRenderer] Enemigos activos para dibujar: 0
[EnemyRenderer] No hay enemigos para dibujar.
[Camera] Posición: {X:821,99976 Y:901,99976}, Zoom: 1
[EnemyManager] Enemigos activos: 0
[EnemyRenderer] Enemigos activos para dibujar: 0
[EnemyRenderer] No hay enemigos para dibujar.
[Camera] Posición: {X:821,99976 Y:901,99976}, Zoom: 1
[EnemyManager] Enemigos activos: 0
[EnemyRenderer] Enemigos activos para dibujar: 0
[EnemyRenderer] No hay enemigos para dibujar.
[Camera] Posición: {X:821,99976 Y:901,99976}, Zoom: 1
[EnemyManager] Enemigos activos: 0
[EnemyRenderer] Enemigos activos para dibujar: 0
[EnemyRenderer] No hay enemigos para dibujar.
[Camera] Posición: {X:821,99976 Y:901,99976}, Zoom: 1
[EnemyManager] Enemigos activos: 0
[EnemyRenderer] Enemigos activos para dibujar: 0
[EnemyRenderer] No hay enemigos para dibujar.
[Camera] Posición: {X:821,99976 Y:901,99976}, Zoom: 1
[EnemyManager] Enemigos activos: 0
[EnemyRenderer] Enemigos activos para dibujar: 0
[EnemyRenderer] No hay enemigos para dibujar.
[Camera] Posición: {X:821,99976 Y:901,99976}, Zoom: 1
[EnemyManager] Enemigos activos: 0
[EnemyRenderer] Enemigos activos para dibujar: 0
[EnemyRenderer] No hay enemigos para dibujar.
[Camera] Posición: {X:821,99976 Y:901,99976}, Zoom: 1
[EnemyManager] Enemigos activos: 0
[EnemyRenderer] Enemigos activos para dibujar: 0
[EnemyRenderer] No hay enemigos para dibujar.
[Camera] Posición: {X:821,99976 Y:901,99976}, Zoom: 1
[EnemyManager] Enemigos activos: 0
[EnemyRenderer] Enemigos activos para dibujar: 0
[EnemyRenderer] No hay enemigos para dibujar.
[Camera] Posición: {X:821,99976 Y:901,99976}, Zoom: 1
[EnemyManager] Enemigos activos: 0
[EnemyRenderer] Enemigos activos para dibujar: 0
[EnemyRenderer] No hay enemigos para dibujar.
[Camera] Posición: {X:821,99976 Y:901,99976}, Zoom: 1
[EnemyManager] Enemigos activos: 0
[EnemyRenderer] Enemigos activos para dibujar: 0
[EnemyRenderer] No hay enemigos para dibujar.
[Camera] Posición: {X:821,99976 Y:901,99976}, Zoom: 1
[EnemyManager] Enemigos activos: 0
[EnemyRenderer] Enemigos activos para dibujar: 0
[EnemyRenderer] No hay enemigos para dibujar.
[Camera] Posición: {X:821,99976 Y:901,99976}, Zoom: 1
[EnemyManager] Enemigos activos: 0
[EnemyRenderer] Enemigos activos para dibujar: 0
[EnemyRenderer] No hay enemigos para dibujar.
[Camera] Posición: {X:821,99976 Y:901,99976}, Zoom: 1
[EnemyManager] Enemigos activos: 0
[EnemyRenderer] Enemigos activos para dibujar: 0
[EnemyRenderer] No hay enemigos para dibujar.
[Camera] Posición: {X:821,99976 Y:901,99976}, Zoom: 1
[EnemyManager] Enemigos activos: 0
[EnemyRenderer] Enemigos activos para dibujar: 0
[EnemyRenderer] No hay enemigos para dibujar.
[Camera] Posición: {X:821,99976 Y:901,99976}, Zoom: 1
[EnemyManager] Enemigos activos: 0
[EnemyRenderer] Enemigos activos para dibujar: 0
[EnemyRenderer] No hay enemigos para dibujar.
[Camera] Posición: {X:821,99976 Y:901,99976}, Zoom: 1
[EnemyManager] Enemigos activos: 0
[EnemyRenderer] Enemigos activos para dibujar: 0
[EnemyRenderer] No hay enemigos para dibujar.
[Camera] Posición: {X:821,99976 Y:901,99976}, Zoom: 1
[EnemyManager] Enemigos activos: 0
[EnemyRenderer] Enemigos activos para dibujar: 0
[EnemyRenderer] No hay enemigos para dibujar.
[Camera] Posición: {X:821,99976 Y:901,99976}, Zoom: 1
[EnemyManager] Enemigos activos: 0
[EnemyRenderer] Enemigos activos para dibujar: 0
[EnemyRenderer] No hay enemigos para dibujar.
[Camera] Posición: {X:821,99976 Y:901,99976}, Zoom: 1
[EnemyManager] Enemigos activos: 0
[EnemyRenderer] Enemigos activos para dibujar: 0
[EnemyRenderer] No hay enemigos para dibujar.
[Camera] Posición: {X:821,99976 Y:901,99976}, Zoom: 1
[EnemyManager] Enemigos activos: 0
[EnemyRenderer] Enemigos activos para dibujar: 0
[EnemyRenderer] No hay enemigos para dibujar.
[Camera] Posición: {X:821,99976 Y:901,99976}, Zoom: 1
[EnemyManager] Enemigos activos: 0
[EnemyRenderer] Enemigos activos para dibujar: 0
[EnemyRenderer] No hay enemigos para dibujar.
[Camera] Posición: {X:821,99976 Y:901,99976}, Zoom: 1
[EnemyManager] Enemigos activos: 0
[EnemyRenderer] Enemigos activos para dibujar: 0
[EnemyRenderer] No hay enemigos para dibujar.
[Camera] Posición: {X:821,99976 Y:901,99976}, Zoom: 1
[EnemyManager] Enemigos activos: 0
[EnemyRenderer] Enemigos activos para dibujar: 0
[EnemyRenderer] No hay enemigos para dibujar.
[Camera] Posición: {X:821,99976 Y:901,99976}, Zoom: 1
[EnemyManager] Enemigos activos: 0
[EnemyRenderer] Enemigos activos para dibujar: 0
[EnemyRenderer] No hay enemigos para dibujar.
[Camera] Posición: {X:821,99976 Y:901,99976}, Zoom: 1
[EnemyManager] Enemigos activos: 0
[EnemyRenderer] Enemigos activos para dibujar: 0
[EnemyRenderer] No hay enemigos para dibujar.
[Camera] Posición: {X:821,99976 Y:901,99976}, Zoom: 1
[EnemyManager] Enemigos activos: 0
[EnemyRenderer] Enemigos activos para dibujar: 0
[EnemyRenderer] No hay enemigos para dibujar.
[Camera] Posición: {X:821,99976 Y:901,99976}, Zoom: 1
[EnemyManager] Enemigos activos: 0
[EnemyRenderer] Enemigos activos para dibujar: 0
[EnemyRenderer] No hay enemigos para dibujar.
[Camera] Posición: {X:821,99976 Y:901,99976}, Zoom: 1
[EnemyManager] Enemigos activos: 0
[EnemyRenderer] Enemigos activos para dibujar: 0
[EnemyRenderer] No hay enemigos para dibujar.
[Camera] Posición: {X:821,99976 Y:901,99976}, Zoom: 1
[EnemyManager] Enemigos activos: 0
[EnemyRenderer] Enemigos activos para dibujar: 0
[EnemyRenderer] No hay enemigos para dibujar.
[Camera] Posición: {X:821,99976 Y:901,99976}, Zoom: 1
[EnemyManager] Enemigos activos: 0
[EnemyRenderer] Enemigos activos para dibujar: 0
[EnemyRenderer] No hay enemigos para dibujar.
[Camera] Posición: {X:821,99976 Y:901,99976}, Zoom: 1
[EnemyManager] Enemigos activos: 0
[EnemyRenderer] Enemigos activos para dibujar: 0
[EnemyRenderer] No hay enemigos para dibujar.
[Camera] Posición: {X:821,99976 Y:901,99976}, Zoom: 1
[EnemyManager] Enemigos activos: 0
[EnemyRenderer] Enemigos activos para dibujar: 0
[EnemyRenderer] No hay enemigos para dibujar.
[Camera] Posición: {X:821,99976 Y:901,99976}, Zoom: 1
[EnemyManager] Enemigos activos: 0
[EnemyRenderer] Enemigos activos para dibujar: 0
[EnemyRenderer] No hay enemigos para dibujar.
[Camera] Posición: {X:821,99976 Y:901,99976}, Zoom: 1
[EnemyManager] Enemigos activos: 0
[EnemyRenderer] Enemigos activos para dibujar: 0
[EnemyRenderer] No hay enemigos para dibujar.
[Camera] Posición: {X:821,99976 Y:901,99976}, Zoom: 1
[EnemyManager] Enemigos activos: 0
[EnemyRenderer] Enemigos activos para dibujar: 0
[EnemyRenderer] No hay enemigos para dibujar.
[Camera] Posición: {X:821,99976 Y:901,99976}, Zoom: 1
[EnemyManager] Enemigos activos: 0
[EnemyRenderer] Enemigos activos para dibujar: 0
[EnemyRenderer] No hay enemigos para dibujar.
[Camera] Posición: {X:821,99976 Y:901,99976}, Zoom: 1
[EnemyManager] Enemigos activos: 0
[EnemyRenderer] Enemigos activos para dibujar: 0
[EnemyRenderer] No hay enemigos para dibujar.
[Camera] Posición: {X:821,99976 Y:901,99976}, Zoom: 1
[EnemyManager] Enemigos activos: 0
[EnemyRenderer] Enemigos activos para dibujar: 0
[EnemyRenderer] No hay enemigos para dibujar.
[Camera] Posición: {X:821,99976 Y:901,99976}, Zoom: 1
[EnemyManager] Enemigos activos: 0
[EnemyRenderer] Enemigos activos para dibujar: 0
[EnemyRenderer] No hay enemigos para dibujar.
[Camera] Posición: {X:821,99976 Y:901,99976}, Zoom: 1
[EnemyManager] Enemigos activos: 0
[EnemyRenderer] Enemigos activos para dibujar: 0
[EnemyRenderer] No hay enemigos para dibujar.
[Camera] Posición: {X:821,99976 Y:901,99976}, Zoom: 1
[EnemyManager] Enemigos activos: 0
[EnemyRenderer] Enemigos activos para dibujar: 0
[EnemyRenderer] No hay enemigos para dibujar.
[Camera] Posición: {X:821,99976 Y:901,99976}, Zoom: 1
[EnemyManager] Enemigos activos: 0
[EnemyRenderer] Enemigos activos para dibujar: 0
[EnemyRenderer] No hay enemigos para dibujar.
[Camera] Posición: {X:821,99976 Y:901,99976}, Zoom: 1
[EnemyManager] Enemigos activos: 0
[EnemyRenderer] Enemigos activos para dibujar: 0
[EnemyRenderer] No hay enemigos para dibujar.
[Camera] Posición: {X:821,99976 Y:901,99976}, Zoom: 1
[EnemyManager] Enemigos activos: 0
[EnemyRenderer] Enemigos activos para dibujar: 0
[EnemyRenderer] No hay enemigos para dibujar.
[Camera] Posición: {X:821,99976 Y:901,99976}, Zoom: 1
[EnemyManager] Enemigos activos: 0
[EnemyRenderer] Enemigos activos para dibujar: 0
[EnemyRenderer] No hay enemigos para dibujar.
[Camera] Posición: {X:821,99976 Y:901,99976}, Zoom: 1
[EnemyManager] Enemigos activos: 0
[EnemyRenderer] Enemigos activos para dibujar: 0
[EnemyRenderer] No hay enemigos para dibujar.
[Camera] Posición: {X:821,99976 Y:901,99976}, Zoom: 1
[EnemyManager] Enemigos activos: 0
[EnemyRenderer] Enemigos activos para dibujar: 0
[EnemyRenderer] No hay enemigos para dibujar.
[Camera] Posición: {X:821,99976 Y:901,99976}, Zoom: 1
[EnemyManager] Enemigos activos: 0
[EnemyRenderer] Enemigos activos para dibujar: 0
[EnemyRenderer] No hay enemigos para dibujar.
[Camera] Posición: {X:821,99976 Y:901,99976}, Zoom: 1
[EnemyManager] Enemigos activos: 0
[EnemyRenderer] Enemigos activos para dibujar: 0
[EnemyRenderer] No hay enemigos para dibujar.
[Camera] Posición: {X:821,99976 Y:901,99976}, Zoom: 1
[EnemyManager] Enemigos activos: 0
[EnemyRenderer] Enemigos activos para dibujar: 0
[EnemyRenderer] No hay enemigos para dibujar.
[Camera] Posición: {X:821,99976 Y:901,99976}, Zoom: 1
[EnemyManager] Enemigos activos: 0
[EnemyRenderer] Enemigos activos para dibujar: 0
[EnemyRenderer] No hay enemigos para dibujar.
[Camera] Posición: {X:821,99976 Y:901,99976}, Zoom: 1
[EnemyManager] Enemigos activos: 0
[EnemyRenderer] Enemigos activos para dibujar: 0
[EnemyRenderer] No hay enemigos para dibujar.
[Camera] Posición: {X:821,99976 Y:901,99976}, Zoom: 1
[EnemyManager] Enemigos activos: 0
[EnemyRenderer] Enemigos activos para dibujar: 0
[EnemyRenderer] No hay enemigos para dibujar.
[Camera] Posición: {X:821,99976 Y:901,99976}, Zoom: 1
[EnemyManager] Enemigos activos: 0
[EnemyRenderer] Enemigos activos para dibujar: 0
[EnemyRenderer] No hay enemigos para dibujar.
[Camera] Posición: {X:821,99976 Y:901,99976}, Zoom: 1
[EnemyManager] Enemigos activos: 0
[EnemyRenderer] Enemigos activos para dibujar: 0
[EnemyRenderer] No hay enemigos para dibujar.
[Camera] Posición: {X:821,99976 Y:901,99976}, Zoom: 1
[EnemyManager] Enemigos activos: 0
[EnemyRenderer] Enemigos activos para dibujar: 0
[EnemyRenderer] No hay enemigos para dibujar.
[Camera] Posición: {X:821,99976 Y:901,99976}, Zoom: 1
[EnemyManager] Enemigos activos: 0
[EnemyRenderer] Enemigos activos para dibujar: 0
[EnemyRenderer] No hay enemigos para dibujar.
[Camera] Posición: {X:821,99976 Y:901,99976}, Zoom: 1
[EnemyManager] Enemigos activos: 0
[EnemyRenderer] Enemigos activos para dibujar: 0
[EnemyRenderer] No hay enemigos para dibujar.
[Camera] Posición: {X:821,99976 Y:901,99976}, Zoom: 1
[EnemyManager] Enemigos activos: 0
[EnemyRenderer] Enemigos activos para dibujar: 0
[EnemyRenderer] No hay enemigos para dibujar.
[Camera] Posición: {X:821,99976 Y:901,99976}, Zoom: 1
[EnemyManager] Enemigos activos: 0
[EnemyRenderer] Enemigos activos para dibujar: 0
[EnemyRenderer] No hay enemigos para dibujar.
[Camera] Posición: {X:821,99976 Y:901,99976}, Zoom: 1
[EnemyManager] Enemigos activos: 0
[EnemyRenderer] Enemigos activos para dibujar: 0
[EnemyRenderer] No hay enemigos para dibujar.
[Camera] Posición: {X:821,99976 Y:901,99976}, Zoom: 1
[EnemyManager] Enemigos activos: 0
[EnemyRenderer] Enemigos activos para dibujar: 0
[EnemyRenderer] No hay enemigos para dibujar.
[Camera] Posición: {X:821,99976 Y:901,99976}, Zoom: 1
[EnemyManager] Enemigos activos: 0
[EnemyRenderer] Enemigos activos para dibujar: 0
[EnemyRenderer] No hay enemigos para dibujar.
[Camera] Posición: {X:821,99976 Y:901,99976}, Zoom: 1
[EnemyManager] Enemigos activos: 0
[EnemyRenderer] Enemigos activos para dibujar: 0
[EnemyRenderer] No hay enemigos para dibujar.
[Camera] Posición: {X:821,99976 Y:901,99976}, Zoom: 1
[EnemyManager] Enemigos activos: 0
[EnemyRenderer] Enemigos activos para dibujar: 0
[EnemyRenderer] No hay enemigos para dibujar.
[Camera] Posición: {X:821,99976 Y:901,99976}, Zoom: 1
[EnemyManager] Enemigos activos: 0
[EnemyRenderer] Enemigos activos para dibujar: 0
[EnemyRenderer] No hay enemigos para dibujar.
[Camera] Posición: {X:821,99976 Y:901,99976}, Zoom: 1
[EnemyManager] Enemigos activos: 0
[EnemyRenderer] Enemigos activos para dibujar: 0
[EnemyRenderer] No hay enemigos para dibujar.
[Camera] Posición: {X:821,99976 Y:901,99976}, Zoom: 1
[EnemyManager] Enemigos activos: 0
[EnemyRenderer] Enemigos activos para dibujar: 0
[EnemyRenderer] No hay enemigos para dibujar.
[Camera] Posición: {X:821,99976 Y:901,99976}, Zoom: 1
[EnemyManager] Enemigos activos: 0
[EnemyRenderer] Enemigos activos para dibujar: 0
[EnemyRenderer] No hay enemigos para dibujar.
[Camera] Posición: {X:821,99976 Y:901,99976}, Zoom: 1
[EnemyManager] Enemigos activos: 0
[EnemyRenderer] Enemigos activos para dibujar: 0
[EnemyRenderer] No hay enemigos para dibujar.
[Camera] Posición: {X:821,99976 Y:901,99976}, Zoom: 1
[EnemyManager] Enemigos activos: 0
[EnemyRenderer] Enemigos activos para dibujar: 0
[EnemyRenderer] No hay enemigos para dibujar.
[Camera] Posición: {X:821,99976 Y:901,99976}, Zoom: 1
[EnemyManager] Enemigos activos: 0
[EnemyRenderer] Enemigos activos para dibujar: 0
[EnemyRenderer] No hay enemigos para dibujar.
[Camera] Posición: {X:821,99976 Y:901,99976}, Zoom: 1
[EnemyManager] Enemigos activos: 0
[EnemyRenderer] Enemigos activos para dibujar: 0
[EnemyRenderer] No hay enemigos para dibujar.
[Camera] Posición: {X:821,99976 Y:901,99976}, Zoom: 1
[EnemyManager] Enemigos activos: 0
[EnemyRenderer] Enemigos activos para dibujar: 0
[EnemyRenderer] No hay enemigos para dibujar.
[Camera] Posición: {X:821,99976 Y:901,99976}, Zoom: 1
[EnemyManager] Enemigos activos: 0
[EnemyRenderer] Enemigos activos para dibujar: 0
[EnemyRenderer] No hay enemigos para dibujar.
[Camera] Posición: {X:821,99976 Y:901,99976}, Zoom: 1
[EnemyManager] Enemigos activos: 0
[EnemyRenderer] Enemigos activos para dibujar: 0
[EnemyRenderer] No hay enemigos para dibujar.
[Camera] Posición: {X:821,99976 Y:901,99976}, Zoom: 1
[EnemyManager] Enemigos activos: 0
[EnemyRenderer] Enemigos activos para dibujar: 0
[EnemyRenderer] No hay enemigos para dibujar.
[Camera] Posición: {X:821,99976 Y:901,99976}, Zoom: 1
[EnemyManager] Enemigos activos: 0
[EnemyRenderer] Enemigos activos para dibujar: 0
[EnemyRenderer] No hay enemigos para dibujar.
[Camera] Posición: {X:821,99976 Y:901,99976}, Zoom: 1
[EnemyManager] Enemigos activos: 0
[EnemyRenderer] Enemigos activos para dibujar: 0
[EnemyRenderer] No hay enemigos para dibujar.
[Camera] Posición: {X:821,99976 Y:901,99976}, Zoom: 1
[EnemyManager] Enemigos activos: 0
[EnemyRenderer] Enemigos activos para dibujar: 0
[EnemyRenderer] No hay enemigos para dibujar.
[Camera] Posición: {X:821,99976 Y:901,99976}, Zoom: 1
[EnemyManager] Enemigos activos: 0
[EnemyRenderer] Enemigos activos para dibujar: 0
[EnemyRenderer] No hay enemigos para dibujar.
[Camera] Posición: {X:821,99976 Y:901,99976}, Zoom: 1
[EnemyManager] Enemigos activos: 0
[EnemyRenderer] Enemigos activos para dibujar: 0
[EnemyRenderer] No hay enemigos para dibujar.
[Camera] Posición: {X:821,99976 Y:901,99976}, Zoom: 1
[EnemyManager] Enemigos activos: 0
[EnemyRenderer] Enemigos activos para dibujar: 0
[EnemyRenderer] No hay enemigos para dibujar.
[Camera] Posición: {X:821,99976 Y:901,99976}, Zoom: 1
[EnemyManager] Enemigos activos: 0
[EnemyRenderer] Enemigos activos para dibujar: 0
[EnemyRenderer] No hay enemigos para dibujar.
[Camera] Posición: {X:821,99976 Y:901,99976}, Zoom: 1
[EnemyManager] Enemigos activos: 0
[EnemyRenderer] Enemigos activos para dibujar: 0
[EnemyRenderer] No hay enemigos para dibujar.
[Camera] Posición: {X:821,99976 Y:901,99976}, Zoom: 1
[EnemyManager] Enemigos activos: 0
[EnemyRenderer] Enemigos activos para dibujar: 0
[EnemyRenderer] No hay enemigos para dibujar.
[Camera] Posición: {X:821,99976 Y:901,99976}, Zoom: 1
[EnemyManager] Enemigos activos: 0
[EnemyRenderer] Enemigos activos para dibujar: 0
[EnemyRenderer] No hay enemigos para dibujar.
[Camera] Posición: {X:821,99976 Y:901,99976}, Zoom: 1
[EnemyManager] Enemigos activos: 0
[EnemyRenderer] Enemigos activos para dibujar: 0
[EnemyRenderer] No hay enemigos para dibujar.
[Camera] Posición: {X:821,99976 Y:901,99976}, Zoom: 1
[EnemyManager] Enemigos activos: 0
[EnemyRenderer] Enemigos activos para dibujar: 0
[EnemyRenderer] No hay enemigos para dibujar.
[Camera] Posición: {X:821,99976 Y:901,99976}, Zoom: 1
[EnemyManager] Enemigos activos: 0
[EnemyRenderer] Enemigos activos para dibujar: 0
[EnemyRenderer] No hay enemigos para dibujar.
[Camera] Posición: {X:821,99976 Y:901,99976}, Zoom: 1
[EnemyManager] Enemigos activos: 0
[EnemyRenderer] Enemigos activos para dibujar: 0
[EnemyRenderer] No hay enemigos para dibujar.
[Camera] Posición: {X:821,99976 Y:901,99976}, Zoom: 1
[EnemyManager] Enemigos activos: 0
[EnemyRenderer] Enemigos activos para dibujar: 0
[EnemyRenderer] No hay enemigos para dibujar.
[Camera] Posición: {X:821,99976 Y:901,99976}, Zoom: 1
[EnemyManager] Enemigos activos: 0
[EnemyRenderer] Enemigos activos para dibujar: 0
[EnemyRenderer] No hay enemigos para dibujar.
[Camera] Posición: {X:821,99976 Y:901,99976}, Zoom: 1
[EnemyManager] Enemigos activos: 0
[EnemyRenderer] Enemigos activos para dibujar: 0
[EnemyRenderer] No hay enemigos para dibujar.
[Camera] Posición: {X:821,99976 Y:901,99976}, Zoom: 1
[EnemyManager] Enemigos activos: 0
[EnemyRenderer] Enemigos activos para dibujar: 0
[EnemyRenderer] No hay enemigos para dibujar.
[Camera] Posición: {X:821,99976 Y:901,99976}, Zoom: 1
[EnemyManager] Enemigos activos: 0
[EnemyRenderer] Enemigos activos para dibujar: 0
[EnemyRenderer] No hay enemigos para dibujar.
[Camera] Posición: {X:821,99976 Y:901,99976}, Zoom: 1
[EnemyManager] Enemigos activos: 0
[EnemyRenderer] Enemigos activos para dibujar: 0
[EnemyRenderer] No hay enemigos para dibujar.
[Camera] Posición: {X:821,99976 Y:901,99976}, Zoom: 1
[EnemyManager] Enemigos activos: 0
[EnemyRenderer] Enemigos activos para dibujar: 0
[EnemyRenderer] No hay enemigos para dibujar.
[Camera] Posición: {X:821,99976 Y:901,99976}, Zoom: 1
[EnemyManager] Enemigos activos: 0
[EnemyRenderer] Enemigos activos para dibujar: 0
[EnemyRenderer] No hay enemigos para dibujar.
[Camera] Posición: {X:821,99976 Y:901,99976}, Zoom: 1
[EnemyManager] Enemigos activos: 0
[EnemyRenderer] Enemigos activos para dibujar: 0
[EnemyRenderer] No hay enemigos para dibujar.
[Camera] Posición: {X:821,99976 Y:901,99976}, Zoom: 1
[EnemyManager] Enemigos activos: 0
[EnemyRenderer] Enemigos activos para dibujar: 0
[EnemyRenderer] No hay enemigos para dibujar.
[Camera] Posición: {X:821,99976 Y:901,99976}, Zoom: 1
[EnemyManager] Enemigos activos: 0
[EnemyRenderer] Enemigos activos para dibujar: 0
[EnemyRenderer] No hay enemigos para dibujar.
[Camera] Posición: {X:821,99976 Y:901,99976}, Zoom: 1
[EnemyManager] Enemigos activos: 0
[EnemyRenderer] Enemigos activos para dibujar: 0
[EnemyRenderer] No hay enemigos para dibujar.
[Camera] Posición: {X:821,99976 Y:901,99976}, Zoom: 1
[EnemyManager] Enemigos activos: 0
[EnemyRenderer] Enemigos activos para dibujar: 0
[EnemyRenderer] No hay enemigos para dibujar.
[Camera] Posición: {X:821,99976 Y:901,99976}, Zoom: 1
[EnemyManager] Enemigos activos: 0
[EnemyRenderer] Enemigos activos para dibujar: 0
[EnemyRenderer] No hay enemigos para dibujar.
[Camera] Posición: {X:821,99976 Y:901,99976}, Zoom: 1
[EnemyManager] Enemigos activos: 0
[EnemyRenderer] Enemigos activos para dibujar: 0
[EnemyRenderer] No hay enemigos para dibujar.
[Camera] Posición: {X:821,99976 Y:901,99976}, Zoom: 1
[EnemyManager] Enemigos activos: 0
[EnemyRenderer] Enemigos activos para dibujar: 0
[EnemyRenderer] No hay enemigos para dibujar.
[Camera] Posición: {X:821,99976 Y:901,99976}, Zoom: 1
[EnemyManager] Enemigos activos: 0
[EnemyRenderer] Enemigos activos para dibujar: 0
[EnemyRenderer] No hay enemigos para dibujar.
[Camera] Posición: {X:821,99976 Y:901,99976}, Zoom: 1
[EnemyManager] Enemigos activos: 0
[EnemyRenderer] Enemigos activos para dibujar: 0
[EnemyRenderer] No hay enemigos para dibujar.
[Camera] Posición: {X:821,99976 Y:901,99976}, Zoom: 1
[EnemyManager] Enemigos activos: 0
[EnemyRenderer] Enemigos activos para dibujar: 0
[EnemyRenderer] No hay enemigos para dibujar.
[Camera] Posición: {X:821,99976 Y:901,99976}, Zoom: 1
[EnemyManager] Enemigos activos: 0
[EnemyRenderer] Enemigos activos para dibujar: 0
[EnemyRenderer] No hay enemigos para dibujar.
[Camera] Posición: {X:821,99976 Y:901,99976}, Zoom: 1
[EnemyManager] Enemigos activos: 0
[EnemyRenderer] Enemigos activos para dibujar: 0
[EnemyRenderer] No hay enemigos para dibujar.
[Camera] Posición: {X:821,99976 Y:901,99976}, Zoom: 1
[EnemyManager] Enemigos activos: 0
[EnemyRenderer] Enemigos activos para dibujar: 0
[EnemyRenderer] No hay enemigos para dibujar.
[Camera] Posición: {X:821,99976 Y:901,99976}, Zoom: 1
[EnemyManager] Enemigos activos: 0
[EnemyRenderer] Enemigos activos para dibujar: 0
[EnemyRenderer] No hay enemigos para dibujar.
[Camera] Posición: {X:821,99976 Y:901,99976}, Zoom: 1
[EnemyManager] Enemigos activos: 0
[EnemyRenderer] Enemigos activos para dibujar: 0
[EnemyRenderer] No hay enemigos para dibujar.
[Camera] Posición: {X:821,99976 Y:901,99976}, Zoom: 1
[EnemyManager] Enemigos activos: 0
[EnemyRenderer] Enemigos activos para dibujar: 0
[EnemyRenderer] No hay enemigos para dibujar.
[Camera] Posición: {X:821,99976 Y:901,99976}, Zoom: 1
[EnemyManager] Enemigos activos: 0
[EnemyRenderer] Enemigos activos para dibujar: 0
[EnemyRenderer] No hay enemigos para dibujar.
[Camera] Posición: {X:821,99976 Y:901,99976}, Zoom: 1
[EnemyManager] Enemigos activos: 0
[EnemyRenderer] Enemigos activos para dibujar: 0
[EnemyRenderer] No hay enemigos para dibujar.
[Camera] Posición: {X:821,99976 Y:901,99976}, Zoom: 1
[EnemyManager] Enemigos activos: 0
[EnemyRenderer] Enemigos activos para dibujar: 0
[EnemyRenderer] No hay enemigos para dibujar.
[Camera] Posición: {X:821,99976 Y:901,99976}, Zoom: 1
[EnemyManager] Enemigos activos: 0
[EnemyRenderer] Enemigos activos para dibujar: 0
[EnemyRenderer] No hay enemigos para dibujar.
[Camera] Posición: {X:821,99976 Y:901,99976}, Zoom: 1
[EnemyManager] Enemigos activos: 0
[EnemyRenderer] Enemigos activos para dibujar: 0
[EnemyRenderer] No hay enemigos para dibujar.
[Camera] Posición: {X:821,99976 Y:901,99976}, Zoom: 1
[EnemyManager] Enemigos activos: 0
[EnemyRenderer] Enemigos activos para dibujar: 0
[EnemyRenderer] No hay enemigos para dibujar.
[Camera] Posición: {X:821,99976 Y:901,99976}, Zoom: 1
[EnemyManager] Enemigos activos: 0
[EnemyRenderer] Enemigos activos para dibujar: 0
[EnemyRenderer] No hay enemigos para dibujar.
[Camera] Posición: {X:821,99976 Y:901,99976}, Zoom: 1
[EnemyManager] Enemigos activos: 0
[EnemyRenderer] Enemigos activos para dibujar: 0
[EnemyRenderer] No hay enemigos para dibujar.
[Camera] Posición: {X:821,99976 Y:901,99976}, Zoom: 1
[EnemyManager] Enemigos activos: 0
[EnemyRenderer] Enemigos activos para dibujar: 0
[EnemyRenderer] No hay enemigos para dibujar.
[Camera] Posición: {X:821,99976 Y:901,99976}, Zoom: 1
[EnemyManager] Enemigos activos: 0
[EnemyRenderer] Enemigos activos para dibujar: 0
[EnemyRenderer] No hay enemigos para dibujar.
[Camera] Posición: {X:821,99976 Y:901,99976}, Zoom: 1
[EnemyManager] Enemigos activos: 0
[EnemyRenderer] Enemigos activos para dibujar: 0
[EnemyRenderer] No hay enemigos para dibujar.
[Camera] Posición: {X:821,99976 Y:901,99976}, Zoom: 1
[EnemyManager] Enemigos activos: 0
[EnemyRenderer] Enemigos activos para dibujar: 0
[EnemyRenderer] No hay enemigos para dibujar.
[Camera] Posición: {X:821,99976 Y:901,99976}, Zoom: 1
[EnemyManager] Enemigos activos: 0
[EnemyRenderer] Enemigos activos para dibujar: 0
[EnemyRenderer] No hay enemigos para dibujar.
[Camera] Posición: {X:821,99976 Y:901,99976}, Zoom: 1
[EnemyManager] Enemigos activos: 0
[EnemyRenderer] Enemigos activos para dibujar: 0
[EnemyRenderer] No hay enemigos para dibujar.
[Camera] Posición: {X:821,99976 Y:901,99976}, Zoom: 1
[EnemyManager] Enemigos activos: 0
[EnemyRenderer] Enemigos activos para dibujar: 0
[EnemyRenderer] No hay enemigos para dibujar.
[Camera] Posición: {X:821,99976 Y:901,99976}, Zoom: 1
[EnemyManager] Enemigos activos: 0
[EnemyRenderer] Enemigos activos para dibujar: 0
[EnemyRenderer] No hay enemigos para dibujar.
[Camera] Posición: {X:821,99976 Y:901,99976}, Zoom: 1
[EnemyManager] Enemigos activos: 0
[EnemyRenderer] Enemigos activos para dibujar: 0
[EnemyRenderer] No hay enemigos para dibujar.
[Camera] Posición: {X:821,99976 Y:901,99976}, Zoom: 1
[EnemyManager] Enemigos activos: 0
[EnemyRenderer] Enemigos activos para dibujar: 0
[EnemyRenderer] No hay enemigos para dibujar.
[Camera] Posición: {X:821,99976 Y:901,99976}, Zoom: 1
[EnemyManager] Enemigos activos: 0
[EnemyRenderer] Enemigos activos para dibujar: 0
[EnemyRenderer] No hay enemigos para dibujar.
[Camera] Posición: {X:821,99976 Y:901,99976}, Zoom: 1
[EnemyManager] Enemigos activos: 0
[EnemyRenderer] Enemigos activos para dibujar: 0
[EnemyRenderer] No hay enemigos para dibujar.
[Camera] Posición: {X:821,99976 Y:901,99976}, Zoom: 1
[EnemyManager] Enemigos activos: 0
[EnemyRenderer] Enemigos activos para dibujar: 0
[EnemyRenderer] No hay enemigos para dibujar.
[Camera] Posición: {X:821,99976 Y:901,99976}, Zoom: 1
[EnemyManager] Enemigos activos: 0
[EnemyRenderer] Enemigos activos para dibujar: 0
[EnemyRenderer] No hay enemigos para dibujar.
[Camera] Posición: {X:821,99976 Y:901,99976}, Zoom: 1
[EnemyManager] Enemigos activos: 0
[EnemyRenderer] Enemigos activos para dibujar: 0
[EnemyRenderer] No hay enemigos para dibujar.
[Camera] Posición: {X:821,99976 Y:901,99976}, Zoom: 1
[EnemyManager] Enemigos activos: 0
[EnemyRenderer] Enemigos activos para dibujar: 0
[EnemyRenderer] No hay enemigos para dibujar.
[Camera] Posición: {X:821,99976 Y:901,99976}, Zoom: 1
[EnemyManager] Enemigos activos: 0
[EnemyRenderer] Enemigos activos para dibujar: 0
[EnemyRenderer] No hay enemigos para dibujar.
[Camera] Posición: {X:821,99976 Y:901,99976}, Zoom: 1
[EnemyManager] Enemigos activos: 0
[EnemyRenderer] Enemigos activos para dibujar: 0
[EnemyRenderer] No hay enemigos para dibujar.
[Camera] Posición: {X:821,99976 Y:901,99976}, Zoom: 1
[EnemyManager] Enemigos activos: 0
[EnemyRenderer] Enemigos activos para dibujar: 0
[EnemyRenderer] No hay enemigos para dibujar.
[Camera] Posición: {X:821,99976 Y:901,99976}, Zoom: 1
[EnemyManager] Enemigos activos: 0
[EnemyRenderer] Enemigos activos para dibujar: 0
[EnemyRenderer] No hay enemigos para dibujar.
[Camera] Posición: {X:821,99976 Y:901,99976}, Zoom: 1
[EnemyManager] Enemigos activos: 0
[EnemyRenderer] Enemigos activos para dibujar: 0
[EnemyRenderer] No hay enemigos para dibujar.
[Camera] Posición: {X:821,99976 Y:901,99976}, Zoom: 1
[EnemyManager] Enemigos activos: 0
[EnemyRenderer] Enemigos activos para dibujar: 0
[EnemyRenderer] No hay enemigos para dibujar.
[Camera] Posición: {X:821,99976 Y:901,99976}, Zoom: 1
[EnemyManager] Enemigos activos: 0
[EnemyRenderer] Enemigos activos para dibujar: 0
[EnemyRenderer] No hay enemigos para dibujar.
[Camera] Posición: {X:821,99976 Y:901,99976}, Zoom: 1
[EnemyManager] Enemigos activos: 0
[EnemyRenderer] Enemigos activos para dibujar: 0
[EnemyRenderer] No hay enemigos para dibujar.
[Camera] Posición: {X:821,99976 Y:901,99976}, Zoom: 1
[EnemyManager] Enemigos activos: 0
[EnemyRenderer] Enemigos activos para dibujar: 0
[EnemyRenderer] No hay enemigos para dibujar.
[Camera] Posición: {X:821,99976 Y:901,99976}, Zoom: 1
[EnemyManager] Enemigos activos: 0
[EnemyRenderer] Enemigos activos para dibujar: 0
[EnemyRenderer] No hay enemigos para dibujar.
[Camera] Posición: {X:821,99976 Y:901,99976}, Zoom: 1
[EnemyManager] Enemigos activos: 0
[EnemyRenderer] Enemigos activos para dibujar: 0
[EnemyRenderer] No hay enemigos para dibujar.
[Camera] Posición: {X:821,99976 Y:901,99976}, Zoom: 1
[EnemyManager] Enemigos activos: 0
[EnemyRenderer] Enemigos activos para dibujar: 0
[EnemyRenderer] No hay enemigos para dibujar.
[Camera] Posición: {X:821,99976 Y:901,99976}, Zoom: 1
[EnemyManager] Enemigos activos: 0
[EnemyRenderer] Enemigos activos para dibujar: 0
[EnemyRenderer] No hay enemigos para dibujar.
[Camera] Posición: {X:821,99976 Y:901,99976}, Zoom: 1
[EnemyManager] Enemigos activos: 0
[EnemyRenderer] Enemigos activos para dibujar: 0
[EnemyRenderer] No hay enemigos para dibujar.
[Camera] Posición: {X:821,99976 Y:901,99976}, Zoom: 1
[EnemyManager] Enemigos activos: 0
[EnemyRenderer] Enemigos activos para dibujar: 0
[EnemyRenderer] No hay enemigos para dibujar.
[Camera] Posición: {X:821,99976 Y:901,99976}, Zoom: 1
[EnemyManager] Enemigos activos: 0
[EnemyRenderer] Enemigos activos para dibujar: 0
[EnemyRenderer] No hay enemigos para dibujar.
[Camera] Posición: {X:821,99976 Y:901,99976}, Zoom: 1
[EnemyManager] Enemigos activos: 0
[EnemyRenderer] Enemigos activos para dibujar: 0
[EnemyRenderer] No hay enemigos para dibujar.
[Camera] Posición: {X:821,99976 Y:901,99976}, Zoom: 1
[EnemyManager] Enemigos activos: 0
[EnemyRenderer] Enemigos activos para dibujar: 0
[EnemyRenderer] No hay enemigos para dibujar.
[Camera] Posición: {X:821,99976 Y:901,99976}, Zoom: 1
[EnemyManager] Enemigos activos: 0
[EnemyRenderer] Enemigos activos para dibujar: 0
[EnemyRenderer] No hay enemigos para dibujar.
[Camera] Posición: {X:821,99976 Y:901,99976}, Zoom: 1
[EnemyManager] Enemigos activos: 0
[EnemyRenderer] Enemigos activos para dibujar: 0
[EnemyRenderer] No hay enemigos para dibujar.
[Camera] Posición: {X:821,99976 Y:901,99976}, Zoom: 1
[EnemyManager] Enemigos activos: 0
[EnemyRenderer] Enemigos activos para dibujar: 0
[EnemyRenderer] No hay enemigos para dibujar.
[Camera] Posición: {X:821,99976 Y:901,99976}, Zoom: 1
[EnemyManager] Enemigos activos: 0
[EnemyRenderer] Enemigos activos para dibujar: 0
[EnemyRenderer] No hay enemigos para dibujar.
[Camera] Posición: {X:821,99976 Y:901,99976}, Zoom: 1
[EnemyManager] Enemigos activos: 0
[EnemyRenderer] Enemigos activos para dibujar: 0
[EnemyRenderer] No hay enemigos para dibujar.
[Camera] Posición: {X:821,99976 Y:901,99976}, Zoom: 1
[EnemyManager] Enemigos activos: 0
[EnemyRenderer] Enemigos activos para dibujar: 0
[EnemyRenderer] No hay enemigos para dibujar.
[Camera] Posición: {X:821,99976 Y:901,99976}, Zoom: 1
[EnemyManager] Enemigos activos: 0
[EnemyRenderer] Enemigos activos para dibujar: 0
[EnemyRenderer] No hay enemigos para dibujar.
[Camera] Posición: {X:821,99976 Y:901,99976}, Zoom: 1
[EnemyManager] Enemigos activos: 0
[EnemyRenderer] Enemigos activos para dibujar: 0
[EnemyRenderer] No hay enemigos para dibujar.
[Camera] Posición: {X:821,99976 Y:901,99976}, Zoom: 1
[EnemyManager] Enemigos activos: 0
[EnemyRenderer] Enemigos activos para dibujar: 0
[EnemyRenderer] No hay enemigos para dibujar.
[Camera] Posición: {X:821,99976 Y:901,99976}, Zoom: 1
[EnemyManager] Enemigos activos: 0
[EnemyRenderer] Enemigos activos para dibujar: 0
[EnemyRenderer] No hay enemigos para dibujar.
[Camera] Posición: {X:821,99976 Y:901,99976}, Zoom: 1
[EnemyManager] Enemigos activos: 0
[EnemyRenderer] Enemigos activos para dibujar: 0
[EnemyRenderer] No hay enemigos para dibujar.
[Camera] Posición: {X:821,99976 Y:901,99976}, Zoom: 1
[EnemyManager] Enemigos activos: 0
[EnemyRenderer] Enemigos activos para dibujar: 0
[EnemyRenderer] No hay enemigos para dibujar.
[Camera] Posición: {X:821,99976 Y:901,99976}, Zoom: 1
[EnemyManager] Enemigos activos: 0
[EnemyRenderer] Enemigos activos para dibujar: 0
[EnemyRenderer] No hay enemigos para dibujar.
[Camera] Posición: {X:821,99976 Y:901,99976}, Zoom: 1
[EnemyManager] Enemigos activos: 0
[EnemyRenderer] Enemigos activos para dibujar: 0
[EnemyRenderer] No hay enemigos para dibujar.
[Camera] Posición: {X:821,99976 Y:901,99976}, Zoom: 1
[EnemyManager] Enemigos activos: 0
[EnemyRenderer] Enemigos activos para dibujar: 0
[EnemyRenderer] No hay enemigos para dibujar.
[Camera] Posición: {X:821,99976 Y:901,99976}, Zoom: 1
[EnemyManager] Enemigos activos: 0
[EnemyRenderer] Enemigos activos para dibujar: 0
[EnemyRenderer] No hay enemigos para dibujar.
[Camera] Posición: {X:821,99976 Y:901,99976}, Zoom: 1
[EnemyManager] Enemigos activos: 0
[EnemyRenderer] Enemigos activos para dibujar: 0
[EnemyRenderer] No hay enemigos para dibujar.
[Camera] Posición: {X:821,99976 Y:901,99976}, Zoom: 1
[EnemyManager] Enemigos activos: 0
[EnemyRenderer] Enemigos activos para dibujar: 0
[EnemyRenderer] No hay enemigos para dibujar.
[Camera] Posición: {X:821,99976 Y:901,99976}, Zoom: 1
[EnemyManager] Enemigos activos: 0
[EnemyRenderer] Enemigos activos para dibujar: 0
[EnemyRenderer] No hay enemigos para dibujar.
[Camera] Posición: {X:821,99976 Y:901,99976}, Zoom: 1
[EnemyManager] Enemigos activos: 0
[EnemyRenderer] Enemigos activos para dibujar: 0
[EnemyRenderer] No hay enemigos para dibujar.
[Camera] Posición: {X:821,99976 Y:901,99976}, Zoom: 1
[EnemyManager] Enemigos activos: 0
[EnemyRenderer] Enemigos activos para dibujar: 0
[EnemyRenderer] No hay enemigos para dibujar.
[Camera] Posición: {X:821,99976 Y:901,99976}, Zoom: 1
[EnemyManager] Enemigos activos: 0
[EnemyRenderer] Enemigos activos para dibujar: 0
[EnemyRenderer] No hay enemigos para dibujar.
[Camera] Posición: {X:821,99976 Y:901,99976}, Zoom: 1
[EnemyManager] Enemigos activos: 0
[EnemyRenderer] Enemigos activos para dibujar: 0
[EnemyRenderer] No hay enemigos para dibujar.
[Camera] Posición: {X:821,99976 Y:901,99976}, Zoom: 1
[EnemyManager] Enemigos activos: 0
[EnemyRenderer] Enemigos activos para dibujar: 0
[EnemyRenderer] No hay enemigos para dibujar.
[Camera] Posición: {X:821,99976 Y:901,99976}, Zoom: 1
[EnemyManager] Enemigos activos: 0
[EnemyRenderer] Enemigos activos para dibujar: 0
[EnemyRenderer] No hay enemigos para dibujar.
[Camera] Posición: {X:821,99976 Y:901,99976}, Zoom: 1
[EnemyManager] Enemigos activos: 0
[EnemyRenderer] Enemigos activos para dibujar: 0
[EnemyRenderer] No hay enemigos para dibujar.
[Camera] Posición: {X:821,99976 Y:901,99976}, Zoom: 1
[EnemyManager] Enemigos activos: 0
[EnemyRenderer] Enemigos activos para dibujar: 0
[EnemyRenderer] No hay enemigos para dibujar.
[Camera] Posición: {X:821,99976 Y:901,99976}, Zoom: 1
[EnemyManager] Enemigos activos: 0
[EnemyRenderer] Enemigos activos para dibujar: 0
[EnemyRenderer] No hay enemigos para dibujar.
[Camera] Posición: {X:821,99976 Y:901,99976}, Zoom: 1
[EnemyManager] Enemigos activos: 0
[EnemyRenderer] Enemigos activos para dibujar: 0
[EnemyRenderer] No hay enemigos para dibujar.
[Camera] Posición: {X:821,99976 Y:901,99976}, Zoom: 1
[EnemyManager] Enemigos activos: 0
[EnemyRenderer] Enemigos activos para dibujar: 0
[EnemyRenderer] No hay enemigos para dibujar.
[Camera] Posición: {X:821,99976 Y:901,99976}, Zoom: 1
[EnemyManager] Enemigos activos: 0
[EnemyRenderer] Enemigos activos para dibujar: 0
[EnemyRenderer] No hay enemigos para dibujar.
[Camera] Posición: {X:821,99976 Y:901,99976}, Zoom: 1
[EnemyManager] Enemigos activos: 0
[EnemyRenderer] Enemigos activos para dibujar: 0
[EnemyRenderer] No hay enemigos para dibujar.
[Camera] Posición: {X:821,99976 Y:901,99976}, Zoom: 1
[EnemyManager] Enemigos activos: 0
[EnemyRenderer] Enemigos activos para dibujar: 0
[EnemyRenderer] No hay enemigos para dibujar.
[Camera] Posición: {X:821,99976 Y:901,99976}, Zoom: 1
[EnemyManager] Enemigos activos: 0
[EnemyRenderer] Enemigos activos para dibujar: 0
[EnemyRenderer] No hay enemigos para dibujar.
[Camera] Posición: {X:821,99976 Y:901,99976}, Zoom: 1
[EnemyManager] Enemigos activos: 0
[EnemyRenderer] Enemigos activos para dibujar: 0
[EnemyRenderer] No hay enemigos para dibujar.
[Camera] Posición: {X:821,99976 Y:901,99976}, Zoom: 1
[EnemyManager] Enemigos activos: 0
[EnemyRenderer] Enemigos activos para dibujar: 0
[EnemyRenderer] No hay enemigos para dibujar.
[Camera] Posición: {X:821,99976 Y:901,99976}, Zoom: 1
[EnemyManager] Enemigos activos: 0
[EnemyRenderer] Enemigos activos para dibujar: 0
[EnemyRenderer] No hay enemigos para dibujar.
[Camera] Posición: {X:821,99976 Y:901,99976}, Zoom: 1
[EnemyManager] Enemigos activos: 0
[EnemyRenderer] Enemigos activos para dibujar: 0
[EnemyRenderer] No hay enemigos para dibujar.
[Camera] Posición: {X:821,99976 Y:901,99976}, Zoom: 1
[EnemyManager] Enemigos activos: 0
[EnemyRenderer] Enemigos activos para dibujar: 0
[EnemyRenderer] No hay enemigos para dibujar.
[Camera] Posición: {X:821,99976 Y:901,99976}, Zoom: 1
[EnemyManager] Enemigos activos: 0
[EnemyRenderer] Enemigos activos para dibujar: 0
[EnemyRenderer] No hay enemigos para dibujar.
[Camera] Posición: {X:821,99976 Y:901,99976}, Zoom: 1
[EnemyManager] Enemigos activos: 0
[EnemyRenderer] Enemigos activos para dibujar: 0
[EnemyRenderer] No hay enemigos para dibujar.
[Camera] Posición: {X:821,99976 Y:901,99976}, Zoom: 1
[EnemyManager] Enemigos activos: 0
[EnemyRenderer] Enemigos activos para dibujar: 0
[EnemyRenderer] No hay enemigos para dibujar.
[Camera] Posición: {X:821,99976 Y:901,99976}, Zoom: 1
[EnemyManager] Enemigos activos: 0
[EnemyRenderer] Enemigos activos para dibujar: 0
[EnemyRenderer] No hay enemigos para dibujar.
[Camera] Posición: {X:821,99976 Y:901,99976}, Zoom: 1
[EnemyManager] Enemigos activos: 0
[EnemyRenderer] Enemigos activos para dibujar: 0
[EnemyRenderer] No hay enemigos para dibujar.
[Camera] Posición: {X:821,99976 Y:901,99976}, Zoom: 1
[EnemyManager] Enemigos activos: 0
[EnemyRenderer] Enemigos activos para dibujar: 0
[EnemyRenderer] No hay enemigos para dibujar.
[Camera] Posición: {X:821,99976 Y:901,99976}, Zoom: 1
[EnemyManager] Enemigos activos: 0
[EnemyRenderer] Enemigos activos para dibujar: 0
[EnemyRenderer] No hay enemigos para dibujar.
[Camera] Posición: {X:821,99976 Y:901,99976}, Zoom: 1
[EnemyManager] Enemigos activos: 0
[EnemyRenderer] Enemigos activos para dibujar: 0
[EnemyRenderer] No hay enemigos para dibujar.
[Camera] Posición: {X:821,99976 Y:901,99976}, Zoom: 1
[EnemyManager] Enemigos activos: 0
[EnemyRenderer] Enemigos activos para dibujar: 0
[EnemyRenderer] No hay enemigos para dibujar.
[Camera] Posición: {X:821,99976 Y:901,99976}, Zoom: 1
[EnemyManager] Enemigos activos: 0
[EnemyRenderer] Enemigos activos para dibujar: 0
[EnemyRenderer] No hay enemigos para dibujar.
[Camera] Posición: {X:821,99976 Y:901,99976}, Zoom: 1
[EnemyManager] Enemigos activos: 0
[EnemyRenderer] Enemigos activos para dibujar: 0
[EnemyRenderer] No hay enemigos para dibujar.
[Camera] Posición: {X:821,99976 Y:901,99976}, Zoom: 1
[EnemyManager] Enemigos activos: 0
[EnemyRenderer] Enemigos activos para dibujar: 0
[EnemyRenderer] No hay enemigos para dibujar.
[Camera] Posición: {X:821,99976 Y:901,99976}, Zoom: 1
[EnemyManager] Enemigos activos: 0
[EnemyRenderer] Enemigos activos para dibujar: 0
[EnemyRenderer] No hay enemigos para dibujar.
[Camera] Posición: {X:821,99976 Y:901,99976}, Zoom: 1
[EnemyManager] Enemigos activos: 0
[EnemyRenderer] Enemigos activos para dibujar: 0
[EnemyRenderer] No hay enemigos para dibujar.
[Camera] Posición: {X:821,99976 Y:901,99976}, Zoom: 1
[EnemyManager] Enemigos activos: 0
[EnemyRenderer] Enemigos activos para dibujar: 0
[EnemyRenderer] No hay enemigos para dibujar.
[Camera] Posición: {X:821,99976 Y:901,99976}, Zoom: 1
[EnemyManager] Enemigos activos: 0
[EnemyRenderer] Enemigos activos para dibujar: 0
[EnemyRenderer] No hay enemigos para dibujar.
[Camera] Posición: {X:821,99976 Y:901,99976}, Zoom: 1
[EnemyManager] Enemigos activos: 0
[EnemyRenderer] Enemigos activos para dibujar: 0
[EnemyRenderer] No hay enemigos para dibujar.
[Camera] Posición: {X:821,99976 Y:901,99976}, Zoom: 1
[EnemyManager] Enemigos activos: 0
[EnemyRenderer] Enemigos activos para dibujar: 0
[EnemyRenderer] No hay enemigos para dibujar.
[Camera] Posición: {X:821,99976 Y:901,99976}, Zoom: 1
[EnemyManager] Enemigos activos: 0
[EnemyRenderer] Enemigos activos para dibujar: 0
[EnemyRenderer] No hay enemigos para dibujar.
[Camera] Posición: {X:821,99976 Y:901,99976}, Zoom: 1
[EnemyManager] Enemigos activos: 0
[EnemyRenderer] Enemigos activos para dibujar: 0
[EnemyRenderer] No hay enemigos para dibujar.
[Camera] Posición: {X:821,99976 Y:901,99976}, Zoom: 1
[EnemyManager] Enemigos activos: 0
[EnemyRenderer] Enemigos activos para dibujar: 0
[EnemyRenderer] No hay enemigos para dibujar.
[Camera] Posición: {X:821,99976 Y:901,99976}, Zoom: 1
[EnemyManager] Enemigos activos: 0
[EnemyRenderer] Enemigos activos para dibujar: 0
[EnemyRenderer] No hay enemigos para dibujar.
[Camera] Posición: {X:821,99976 Y:901,99976}, Zoom: 1
[EnemyManager] Enemigos activos: 0
[EnemyRenderer] Enemigos activos para dibujar: 0
[EnemyRenderer] No hay enemigos para dibujar.
[Camera] Posición: {X:821,99976 Y:901,99976}, Zoom: 1
[EnemyManager] Enemigos activos: 0
[EnemyRenderer] Enemigos activos para dibujar: 0
[EnemyRenderer] No hay enemigos para dibujar.
[Camera] Posición: {X:821,99976 Y:901,99976}, Zoom: 1
[EnemyManager] Enemigos activos: 0
[EnemyRenderer] Enemigos activos para dibujar: 0
[EnemyRenderer] No hay enemigos para dibujar.
[Camera] Posición: {X:821,99976 Y:901,99976}, Zoom: 1
[EnemyManager] Enemigos activos: 0
[EnemyRenderer] Enemigos activos para dibujar: 0
[EnemyRenderer] No hay enemigos para dibujar.
[Camera] Posición: {X:821,99976 Y:901,99976}, Zoom: 1
[EnemyManager] Enemigos activos: 0
[EnemyRenderer] Enemigos activos para dibujar: 0
[EnemyRenderer] No hay enemigos para dibujar.
[Camera] Posición: {X:821,99976 Y:901,99976}, Zoom: 1
[EnemyManager] Enemigos activos: 0
[EnemyRenderer] Enemigos activos para dibujar: 0
[EnemyRenderer] No hay enemigos para dibujar.
[Camera] Posición: {X:821,99976 Y:901,99976}, Zoom: 1
[EnemyManager] Enemigos activos: 0
[EnemyRenderer] Enemigos activos para dibujar: 0
[EnemyRenderer] No hay enemigos para dibujar.
[Camera] Posición: {X:821,99976 Y:901,99976}, Zoom: 1
[EnemyManager] Enemigos activos: 0
[EnemyRenderer] Enemigos activos para dibujar: 0
[EnemyRenderer] No hay enemigos para dibujar.
[Camera] Posición: {X:821,99976 Y:901,99976}, Zoom: 1
[EnemyManager] Enemigos activos: 0
[EnemyRenderer] Enemigos activos para dibujar: 0
[EnemyRenderer] No hay enemigos para dibujar.
[Camera] Posición: {X:821,99976 Y:901,99976}, Zoom: 1
[EnemyManager] Enemigos activos: 0
[EnemyRenderer] Enemigos activos para dibujar: 0
[EnemyRenderer] No hay enemigos para dibujar.
[Camera] Posición: {X:821,99976 Y:901,99976}, Zoom: 1
[EnemyManager] Enemigos activos: 0
[EnemyRenderer] Enemigos activos para dibujar: 0
[EnemyRenderer] No hay enemigos para dibujar.
[Camera] Posición: {X:821,99976 Y:901,99976}, Zoom: 1
[EnemyManager] Enemigos activos: 0
[EnemyRenderer] Enemigos activos para dibujar: 0
[EnemyRenderer] No hay enemigos para dibujar.
[Camera] Posición: {X:821,99976 Y:901,99976}, Zoom: 1
[EnemyManager] Enemigos activos: 0
[EnemyRenderer] Enemigos activos para dibujar: 0
[EnemyRenderer] No hay enemigos para dibujar.
[Camera] Posición: {X:821,99976 Y:901,99976}, Zoom: 1
[EnemyManager] Enemigos activos: 0
[EnemyRenderer] Enemigos activos para dibujar: 0
[EnemyRenderer] No hay enemigos para dibujar.
[Camera] Posición: {X:821,99976 Y:901,99976}, Zoom: 1
[EnemyManager] Enemigos activos: 0
[EnemyRenderer] Enemigos activos para dibujar: 0
[EnemyRenderer] No hay enemigos para dibujar.
[Camera] Posición: {X:821,99976 Y:901,99976}, Zoom: 1
[EnemyManager] Enemigos activos: 0
[EnemyRenderer] Enemigos activos para dibujar: 0
[EnemyRenderer] No hay enemigos para dibujar.
[Camera] Posición: {X:821,99976 Y:901,99976}, Zoom: 1
[EnemyManager] Enemigos activos: 0
[EnemyRenderer] Enemigos activos para dibujar: 0
[EnemyRenderer] No hay enemigos para dibujar.
[Camera] Posición: {X:821,99976 Y:901,99976}, Zoom: 1
[EnemyManager] Enemigos activos: 0
[EnemyRenderer] Enemigos activos para dibujar: 0
[EnemyRenderer] No hay enemigos para dibujar.
[Camera] Posición: {X:821,99976 Y:901,99976}, Zoom: 1
[EnemyManager] Enemigos activos: 0
[EnemyRenderer] Enemigos activos para dibujar: 0
[EnemyRenderer] No hay enemigos para dibujar.
